日期,对比日期,SPU,产品分类,上架日期,产品状态,下架日期,产品单价,GMV_产品表,订单数_产品表,Reviews数,最新评论时间,最新带图评论时间,买家秀数量,prefix,销量件数,退款件数,订单行数,订单数_订单表,子品类,在架,上架天数,新品90天,新品龄段,等级,累计占比,细分等级
2026-08-01--2026-08-31,,SWD12617,BRIDE,2024-12-05 15:23:07,上架,,179.0,19690.0,110,51,2026-08-25 00:00:00,2026-08-09,16,swd,113,2,113,109,婚纱 BRIDE,True,633,False,,S,0.1234170716681497,S
2026-08-01--2026-08-31,,SWD13258,BRIDE,2026-04-25 11:54:44,上架,,199.0,17711.0,89,50,2026-08-26 00:00:00,2026-06-27,8,swd,96,3,96,87,婚纱 BRIDE,True,127,False,,A,0.140872065165309,A
2026-08-01--2026-08-31,,SWD13339,BRIDE,2026-06-01 17:30:38,上架,,149.0,10728.0,72,51,2026-08-25 00:00:00,2026-06-24,8,swd,75,4,75,72,婚纱 BRIDE,True,90,True,61-90天,A,0.1893353412280101,A
2026-08-01--2026-08-31,,SWD12597,BRIDE,2024-12-04 10:12:13,上架,,179.0,11993.0,67,55,2026-08-26 00:00:00,2026-08-09,9,swd,74,1,74,68,婚纱 BRIDE,True,634,False,,A,0.1918680265589705,A
2026-08-01--2026-08-31,,SWD12950,BRIDE,2025-12-19 18:17:24,上架,,149.0,9536.0,64,52,2026-08-27 00:00:00,2026-06-30,11,swd,68,3,68,63,婚纱 BRIDE,True,254,False,,A,0.2135669792593606,A
2026-08-01--2026-08-31,,SWD13044,BRIDE,2026-01-28 12:05:24,上架,,329.0,20398.0,62,52,2026-08-28 00:00:00,2026-08-28,18,swd,67,3,67,66,婚纱 BRIDE,True,214,False,,A,0.2204463002258881,A
2026-08-01--2026-08-31,,SWD12412,BRIDE,2024-10-11 16:49:35,上架,,185.0,10360.0,56,53,2026-08-19 00:00:00,2026-06-23,7,swd,67,0,67,56,婚纱 BRIDE,True,688,False,,A,0.2181531932370456,A
2026-08-01--2026-08-31,,SWD13338,BRIDE,2026-06-01 17:23:19,上架,,139.0,6950.0,50,31,2026-08-18 00:00:00,2026-07-06,8,swd,53,2,53,50,婚纱 BRIDE,True,90,True,61-90天,A,0.2796906016838935,A
2026-08-01--2026-08-31,,SWD11419,BRIDE,2024-11-08 17:45:54,上架,,149.0,6407.0,43,71,2026-08-07 00:00:00,2026-08-07,18,swd,49,1,49,48,婚纱 BRIDE,True,660,False,,B,0.2952631939215552,B
2026-08-01--2026-08-31,,SWD13142,BRIDE,2026-03-12 12:06:16,上架,,169.0,7267.0,43,45,2026-07-24 00:00:00,2026-06-07,17,swd,48,1,48,47,婚纱 BRIDE,True,171,False,,B,0.3085426791703744,B
2026-08-01--2026-08-31,,SWD11135,BRIDE,2024-09-23 16:48:19,上架,,109.0,4796.0,44,82,2026-08-04 00:00:00,2026-07-25,38,swd,47,1,47,46,婚纱 BRIDE,True,706,False,,B,0.311759874050243,B
2026-08-01--2026-08-31,,SWD13350,BRIDE,2026-06-04 18:16:31,上架,,179.0,8055.0,45,30,2026-08-26 00:00:00,2026-07-25,8,swd,45,6,45,43,婚纱 BRIDE,True,87,True,61-90天,B,0.32110342939284,B
2026-08-01--2026-08-31,,SWD11649,BRIDE,2024-08-16 21:54:58,上架,,149.0,6407.0,43,41,,2026-07-22,17,swd,45,0,45,44,婚纱 BRIDE,True,744,False,,B,0.3226435758778835,B
2026-08-01--2026-08-31,,SWD12795,BRIDE,2025-10-28 15:05:00,上架,,208.0,7696.0,37,32,2026-08-20 00:00:00,2026-07-18,12,swd,44,1,44,41,婚纱 BRIDE,True,306,False,,B,0.3286672599082757,B
2026-08-01--2026-08-31,,SWD13059,BRIDE,2026-02-06 10:44:55,上架,,199.0,6965.0,35,31,2026-07-22 00:00:00,2026-06-12,10,swd,38,1,38,35,婚纱 BRIDE,True,205,False,,B,0.3537203093983161,B
2026-08-01--2026-08-31,,SWD10652,BRIDE,2024-11-15 17:17:28,上架,,189.0,6426.0,34,52,2026-08-28 00:00:00,2026-07-07,10,swd,36,1,36,34,婚纱 BRIDE,True,653,False,,B,0.3765144773769594,B
2026-08-01--2026-08-31,,SWD13405,BRIDE,2026-07-09 18:24:35,上架,,139.0,4865.0,35,35,2026-08-19 00:00:00,2026-07-16,8,swd,35,3,35,35,婚纱 BRIDE,True,52,True,31-60天,B,0.3777123690875488,B
2026-08-01--2026-08-31,,SWD12720,BRIDE,2025-08-12 11:50:26,上架,,652.0,17229.0,29,24,2026-07-23 09:11:05,2026-07-17,7,swd,34,1,34,29,婚纱 BRIDE,True,383,False,,B,0.3859607091518927,B
2026-08-01--2026-08-31,,SWD12708,BRIDE,2025-07-21 14:56:50,上架,,219.0,6570.0,30,32,2026-08-19 22:12:52,2026-06-08,10,swd,32,0,32,31,婚纱 BRIDE,True,405,False,,B,0.3971524402765418,B
2026-08-01--2026-08-31,,SWD10630,BRIDE,2024-12-02 09:46:39,上架,,149.0,4321.0,29,83,2026-07-25 00:00:00,2026-07-25,17,swd,32,0,32,30,婚纱 BRIDE,True,636,False,,B,0.3949620097200356,B
2026-08-01--2026-08-31,,SWD12709,BRIDE,2025-07-22 10:36:56,上架,,229.0,5954.0,26,30,2026-06-12 00:00:00,2026-06-12,14,swd,31,1,31,25,婚纱 BRIDE,True,404,False,,B,0.4024573892805804,B
2026-08-01--2026-08-31,,SWD12713,BRIDE,2025-08-04 14:53:23,上架,,189.0,4914.0,26,21,2026-07-05 16:00:00,2026-07-03,14,swd,30,3,30,26,婚纱 BRIDE,True,391,False,,C,0.4045451434047505,C
2026-08-01--2026-08-31,,SWD11371,BRIDE,2024-11-21 16:47:36,上架,,159.0,4611.0,29,46,2026-07-27 00:00:00,2026-07-27,13,swd,30,2,30,28,婚纱 BRIDE,True,647,False,,C,0.4086522006981997,C
2026-08-01--2026-08-31,,SWD10554,BRIDE,2024-11-15 18:05:43,上架,,240.0,6240.0,26,70,2026-08-03 00:00:00,2026-08-03,22,swd,29,0,29,26,婚纱 BRIDE,True,653,False,,C,0.4127250325142035,C
2026-08-01--2026-08-31,,SWD13197,BRIDE,2026-04-07 14:05:22,上架,,149.0,3874.0,26,7,2026-07-28 00:00:00,,0,swd,29,0,29,25,婚纱 BRIDE,True,145,False,,C,0.4166951878978712,C
2026-08-01--2026-08-31,,SWD12671,BRIDE,2024-12-30 14:42:03,上架,,189.0,4914.0,26,40,2026-08-07 00:00:00,2026-08-07,22,swd,28,1,28,26,婚纱 BRIDE,True,608,False,,C,0.4215894311725648,C
2026-08-01--2026-08-31,,SWD12005,BRIDE,2024-08-16 22:22:44,上架,,158.0,3950.0,25,54,2026-07-29 00:00:00,2026-07-29,8,swd,27,2,27,24,婚纱 BRIDE,True,744,False,,C,0.438531042508043,C
2026-08-01--2026-08-31,,SWD10036,BRIDE,2024-10-29 14:30:23,上架,,139.0,3197.0,23,115,2026-08-01 00:00:00,2026-08-01,27,swd,27,2,27,24,婚纱 BRIDE,True,670,False,,C,0.4376069546170169,C
2026-08-01--2026-08-31,,SWD12766,BRIDE,2025-09-18 14:17:00,上架,,221.0,5304.0,24,26,2026-07-04 16:00:00,2026-06-29,14,swd,26,1,26,24,婚纱 BRIDE,True,346,False,,C,0.4421589431172565,C
2026-08-01--2026-08-31,,SWD12227,BRIDE,2024-08-16 20:24:02,上架,,199.0,4577.0,23,54,2026-07-02 00:00:00,2026-07-02,8,swd,25,1,25,23,婚纱 BRIDE,True,744,False,,C,0.462968033404066,C
2026-08-01--2026-08-31,,SWD10501,BRIDE,2024-08-16 08:09:35,上架,,209.0,5016.0,24,48,2026-07-29 00:00:00,2026-07-29,17,swd,25,1,25,24,婚纱 BRIDE,True,744,False,,C,0.4638236703402012,C
2026-08-01--2026-08-31,,SWD11120,BRIDE,2024-08-19 17:13:12,上架,,149.0,3576.0,24,39,2026-07-12 00:00:00,2026-07-12,21,swd,25,2,25,23,婚纱 BRIDE,True,741,False,,C,0.4561229379149839,C
2026-08-01--2026-08-31,,SWD12654,BRIDE,2024-12-16 09:26:12,上架,,179.0,4117.0,23,35,2026-08-13 00:00:00,2026-08-13,25,swd,25,0,25,23,婚纱 BRIDE,True,622,False,,C,0.4646793072763365,C
2026-08-01--2026-08-31,,SWD13208,BRIDE,2026-04-07 14:04:03,上架,,279.0,5580.0,20,27,2026-08-14 00:00:00,2026-07-03,9,swd,25,0,25,21,婚纱 BRIDE,True,145,False,,C,0.4569785748511191,C
2026-08-01--2026-08-31,,SWD12382,BRIDE,2024-08-28 16:06:30,上架,,159.0,3816.0,24,32,2026-07-20 00:00:00,2026-07-20,12,swd,25,3,25,24,婚纱 BRIDE,True,732,False,,C,0.4518447532343076,C
2026-08-01--2026-08-31,,SWD13111,BRIDE,2026-02-17 16:02:25,上架,,309.0,6180.0,20,25,2026-07-22 00:00:00,2026-04-19,8,swd,23,2,23,21,婚纱 BRIDE,True,194,False,,C,0.4752549798069683,C
2026-08-01--2026-08-31,,SWD11840,BRIDE,2024-08-16 22:01:41,上架,,148.0,3108.0,21,47,2026-07-10 11:15:28,2026-02-16,7,swd,23,1,23,21,婚纱 BRIDE,True,744,False,,C,0.4760421657882127,C
2026-08-01--2026-08-31,,SWD11866,BRIDE,2024-11-18 15:20:50,上架,,249.0,5478.0,22,27,2026-07-16 00:00:00,2026-02-17,8,swd,22,1,22,22,婚纱 BRIDE,True,650,False,,C,0.4830926141419673,C
2026-08-01--2026-08-31,,SWD13200,BRIDE,2026-04-07 14:05:46,上架,,109.0,2289.0,21,28,2026-08-17 00:00:00,2026-08-17,17,swd,22,1,22,22,婚纱 BRIDE,True,145,False,,C,0.4838455746457663,C
2026-08-01--2026-08-31,,SWD10167,BRIDE,2024-08-20 21:19:21,上架,,120.0,2280.0,19,30,2026-07-15 16:00:00,2026-07-03,12,swd,21,1,21,19,婚纱 BRIDE,True,740,False,,C,0.4943185707440619,C
2026-08-01--2026-08-31,,SWD13352,BRIDE,2026-06-04 18:18:36,上架,,179.0,3759.0,21,20,2026-07-27 16:00:00,2026-07-11,8,swd,21,0,21,21,婚纱 BRIDE,True,87,True,61-90天,C,0.4957560407967691,C
2026-08-01--2026-08-31,,SWD10176,BRIDE,2024-08-16 12:13:55,上架,,180.0,3420.0,19,25,2026-07-21 00:00:00,2026-07-20,10,swd,20,3,20,18,婚纱 BRIDE,True,744,False,,D,0.5043124101581217,D
2026-08-01--2026-08-31,,SWD10744,BRIDE,2024-09-06 16:09:01,上架,,189.0,3402.0,18,47,2026-07-27 00:00:00,2026-07-27,7,swd,20,0,20,19,婚纱 BRIDE,True,723,False,,D,0.5070504483537546,D
2026-08-01--2026-08-31,,SWD12828,BRIDE,2025-11-13 16:16:05,上架,,149.0,2682.0,18,21,2026-08-11 00:00:00,,0,swd,20,2,20,18,婚纱 BRIDE,True,290,False,,D,0.5056814292559382,D
2026-08-01--2026-08-31,,SWD10809,BRIDE,2024-08-16 16:03:18,上架,,179.0,3043.0,17,33,2026-08-02 00:00:00,2026-08-02,4,swd,20,0,20,17,婚纱 BRIDE,True,744,False,,D,0.5063659388048464,D
2026-08-01--2026-08-31,,SWD10731,BRIDE,2024-11-28 17:51:49,上架,,139.0,2502.0,18,55,2026-07-05 00:00:00,2026-07-05,10,swd,19,1,19,18,婚纱 BRIDE,True,640,False,,D,0.523684030392224,D
2026-08-01--2026-08-31,,SWD10171,BRIDE,2024-08-16 05:40:14,上架,,120.0,2280.0,19,26,2026-08-17 00:00:00,2026-08-17,7,swd,19,1,19,19,婚纱 BRIDE,True,744,False,,D,0.5217331781778356,D
2026-08-01--2026-08-31,,SWD12655,BRIDE,2024-12-16 09:26:24,上架,,299.0,5382.0,18,29,2026-06-20 21:01:15,2026-06-12,14,swd,19,0,19,18,婚纱 BRIDE,True,622,False,,D,0.5262851666780751,D
2026-08-01--2026-08-31,,SWD12951,BRIDE,2025-12-22 15:22:58,上架,,239.0,4541.0,19,20,2026-08-13 00:00:00,2026-06-25,8,swd,19,3,19,19,婚纱 BRIDE,True,251,False,,D,0.5243343144636867,D
2026-08-01--2026-08-31,,SWD11951,BRIDE,2024-08-21 10:02:23,上架,,189.0,3402.0,18,12,2026-07-05 00:00:00,2025-12-31,2,swd,19,0,19,18,婚纱 BRIDE,True,739,False,,D,0.517181189677596,D
2026-08-01--2026-08-31,,SWD12129,BRIDE,2024-11-14 16:24:24,上架,,189.0,3024.0,16,58,2026-07-07 11:37:24,2026-07-07,19,swd,18,0,18,17,婚纱 BRIDE,True,654,False,,D,0.5380587309192963,D
2026-08-01--2026-08-31,,SWD10135,BRIDE,2024-08-16 18:07:30,上架,,158.0,2528.0,16,48,2026-07-06 12:21:43,2026-06-29,13,swd,18,1,18,16,婚纱 BRIDE,True,744,False,,D,0.5294339106030529,D
2026-08-01--2026-08-31,,SWD11607,BRIDE,2024-11-15 18:24:48,上架,,189.0,3213.0,17,54,2026-06-30 00:00:00,2026-06-30,11,swd,18,1,18,17,婚纱 BRIDE,True,653,False,,D,0.5312820863851051,D
2026-08-01--2026-08-31,,SWD13323,BRIDE,2026-05-21 10:51:54,上架,,220.0,3960.0,18,14,2026-07-12 00:00:00,2026-07-12,8,swd,18,1,18,18,婚纱 BRIDE,True,101,False,,D,0.5362105551372441,D
2026-08-01--2026-08-31,,SWD10298,BRIDE,2024-08-23 16:58:09,上架,,139.0,2502.0,18,25,2026-07-01 00:00:00,2026-07-01,8,swd,18,1,18,18,婚纱 BRIDE,True,737,False,,D,0.542371141077418,D
2026-08-01--2026-08-31,,SWD12058,BRIDE,2024-10-29 15:26:46,上架,,179.0,2685.0,15,31,2026-07-29 00:00:00,2026-07-29,11,swd,17,1,17,15,婚纱 BRIDE,True,670,False,,D,0.5447326990211513,D
2026-08-01--2026-08-31,,SWD13058,BRIDE,2026-02-06 10:44:44,上架,,149.0,2384.0,16,18,2026-07-02 00:00:00,2026-07-02,17,swd,17,0,17,16,婚纱 BRIDE,True,205,False,,D,0.5505510301868711,D
2026-08-01--2026-08-31,,SWD11839,BRIDE,2024-09-19 11:54:58,上架,,139.0,2224.0,16,44,2026-07-31 11:54:37,2026-07-29,9,swd,16,1,16,16,婚纱 BRIDE,True,710,False,,D,0.5711205421315627,D
2026-08-01--2026-08-31,,SWD10448,BRIDE,2024-08-19 17:26:49,上架,,180.0,2700.0,15,18,2026-07-27 00:00:00,2026-07-25,9,swd,16,0,16,15,婚纱 BRIDE,True,741,False,,D,0.556882743514272,D
2026-08-01--2026-08-31,,SWD11772,BRIDE,2024-08-26 17:33:48,上架,,208.0,2912.0,14,17,2026-05-31 17:59:23,,0,swd,16,1,16,14,婚纱 BRIDE,True,734,False,,D,0.5590731740707783,D
2026-08-01--2026-08-31,,SWD12076,BRIDE,2024-08-26 16:12:27,上架,,129.0,1935.0,15,21,2026-08-06 00:00:00,2026-08-06,8,swd,16,0,16,15,婚纱 BRIDE,True,734,False,,D,0.5705729344924362,D
2026-08-01--2026-08-31,,SWD11410,BRIDE,2023-06-25 17:18:47,上架,,209.0,2717.0,13,39,2026-07-24 00:00:00,2026-07-24,10,swd,16,0,16,13,婚纱 BRIDE,True,1162,False,,D,0.5640016428229174,D
2026-08-01--2026-08-31,,SWD10340,BRIDE,2024-08-23 16:59:22,上架,,139.0,2085.0,15,6,2026-07-20 16:00:00,,0,swd,16,0,16,14,婚纱 BRIDE,True,737,False,,D,0.5678348962968034,D
2026-08-01--2026-08-31,,SWD12648,BRIDE,2024-12-16 09:25:03,上架,,179.0,2864.0,16,31,2026-08-19 00:00:00,2026-07-15,8,swd,16,1,16,15,婚纱 BRIDE,True,622,False,,D,0.564549250462044,D
2026-08-01--2026-08-31,,SWD13349,BRIDE,2026-06-04 18:16:46,上架,,149.0,2384.0,16,12,2026-07-05 16:00:00,,0,swd,16,1,16,16,婚纱 BRIDE,True,87,True,61-90天,D,0.5722157574098159,D
2026-08-01--2026-08-31,,SWD12726,BRIDE,2025-08-18 17:12:19,上架,,187.0,2992.0,16,33,2026-07-07 00:00:00,2026-06-30,15,swd,16,3,16,16,婚纱 BRIDE,True,377,False,,D,0.5579779587925252,D
2026-08-01--2026-08-31,,SWD10460,BRIDE,2024-08-21 11:50:25,上架,,120.0,1800.0,15,20,2026-07-30 00:00:00,2026-07-02,10,swd,15,0,15,15,婚纱 BRIDE,True,739,False,,D,0.589157368745294,D
2026-08-01--2026-08-31,,SWD12862,BRIDE,2025-11-17 14:48:49,上架,,139.0,1668.0,12,22,2026-07-18 00:00:00,2026-07-18,9,swd,15,1,15,12,婚纱 BRIDE,True,286,False,,D,0.5850503114518447,D
2026-08-01--2026-08-31,,SWD13414,BRIDE,2026-07-01 19:38:09,上架,,275.0,2733.0,15,3,2026-08-04 00:00:00,,0,swd,15,1,15,14,婚纱 BRIDE,True,60,True,31-60天,D,0.5845369292901635,D
2026-08-01--2026-08-31,,SWD11628,BRIDE,2024-08-19 19:58:06,上架,,149.0,1788.0,12,28,2026-08-01 00:00:00,2026-08-01,11,swd,15,0,15,15,婚纱 BRIDE,True,741,False,,D,0.5876172222602505,D
2026-08-01--2026-08-31,,SWD10159,BRIDE,2024-08-16 19:19:52,上架,,160.0,2400.0,15,21,2026-06-10 00:00:00,2026-06-10,7,swd,15,0,15,14,婚纱 BRIDE,True,744,False,,D,0.5912108973920186,D
2026-08-01--2026-08-31,,SWD10390,BRIDE,2024-11-08 17:49:34,上架,,180.0,2700.0,15,49,2026-07-22 00:00:00,2026-07-22,10,swd,15,1,15,14,婚纱 BRIDE,True,660,False,,D,0.5804298719967144,D
2026-08-01--2026-08-31,,SWD11330,BRIDE,2024-08-16 13:01:25,上架,,158.0,2370.0,15,27,2026-07-02 00:00:00,,0,swd,15,2,15,15,婚纱 BRIDE,True,744,False,,D,0.5763228147032651,D
2026-08-01--2026-08-31,,SWD13057,BRIDE,2026-02-06 10:46:30,上架,,159.0,2226.0,14,18,2026-07-27 16:00:00,2026-07-18,8,swd,14,0,14,14,婚纱 BRIDE,True,205,False,,D,0.5931275241289616,D
2026-08-01--2026-08-31,,SWD10911,BRIDE,2024-08-19 16:59:36,上架,,149.0,1937.0,13,15,2026-07-02 00:00:00,2026-07-02,10,swd,14,0,14,13,婚纱 BRIDE,True,741,False,,D,0.6003148743924978,D
2026-08-01--2026-08-31,,SWD12845,BRIDE,2025-11-13 16:11:57,上架,,249.0,2241.0,9,15,2026-06-05 16:00:00,2026-05-27,8,swd,13,0,13,11,婚纱 BRIDE,True,290,False,,D,0.6120199876788281,D
2026-08-01--2026-08-31,,SWD10654,BRIDE,2024-11-14 16:35:10,上架,,130.0,1560.0,12,57,2026-08-02 13:34:53,2026-03-13,8,swd,13,1,13,11,婚纱 BRIDE,True,654,False,,D,0.6066808131973441,D
2026-08-01--2026-08-31,,SWD10071,BRIDE,2024-08-19 16:15:53,上架,,154.0,2002.0,13,21,2026-06-02 16:00:00,2026-04-09,19,swd,13,0,13,13,婚纱 BRIDE,True,741,False,,D,0.6031213635430214,D
2026-08-01--2026-08-31,,SWD11880,BRIDE,2024-11-14 16:53:36,上架,,178.0,2136.0,12,49,2026-07-29 14:19:51,2026-07-15,7,swd,13,1,13,12,婚纱 BRIDE,True,654,False,,D,0.6146895749195701,D
2026-08-01--2026-08-31,,SWD13337,BRIDE,2026-06-01 16:28:13,上架,,405.0,4188.0,12,9,2026-07-15 00:00:00,,0,swd,13,0,13,12,婚纱 BRIDE,True,90,True,61-90天,D,0.6151345061263604,D
2026-08-01--2026-08-31,,SWD10291,BRIDE,2024-08-16 04:42:45,上架,,239.0,2390.0,10,50,2026-08-04 00:00:00,2025-10-21,1,swd,12,0,12,10,婚纱 BRIDE,True,744,False,,D,0.6218426997056609,D
2026-08-01--2026-08-31,,SWD10305,BRIDE,2024-08-16 05:15:39,上架,,239.0,2629.0,11,44,2026-06-11 00:00:00,2026-03-18,7,swd,12,1,12,11,婚纱 BRIDE,True,744,False,,D,0.6226641111643507,D
2026-08-01--2026-08-31,,SWD12889,BRIDE,2025-11-17 14:52:57,上架,,179.0,1969.0,11,23,2026-07-16 00:00:00,2026-07-16,8,swd,12,0,12,12,婚纱 BRIDE,True,286,False,,D,0.6304675200219043,D
2026-08-01--2026-08-31,,SWD13421,BRIDE,2026-07-06 16:58:58,上架,,199.0,2388.0,12,9,2026-07-23 00:00:00,,0,swd,12,0,12,12,婚纱 BRIDE,True,55,True,31-60天,D,0.6292354028338696,D
2026-08-01--2026-08-31,,SWD13217,BRIDE,2026-03-27 11:35:22,上架,,375.0,3729.0,11,5,2026-07-19 12:10:23,,0,swd,12,0,12,11,婚纱 BRIDE,True,156,False,,D,0.631699637209939,D
2026-08-01--2026-08-31,,SWD10734,BRIDE,2024-08-16 17:21:59,上架,,180.0,1980.0,11,33,2026-07-06 00:00:00,2026-07-06,9,swd,12,0,12,11,婚纱 BRIDE,True,744,False,,D,0.6288246971045246,D
2026-08-01--2026-08-31,,SWD11638,BRIDE,2024-08-21 18:21:09,上架,,219.0,2190.0,10,34,2026-06-25 18:31:22,2026-06-26,8,swd,12,0,12,10,婚纱 BRIDE,True,739,False,,D,0.6255390512697652,D
2026-08-01--2026-08-31,,SWD12784,BRIDE,2025-10-15 14:41:18,上架,,219.0,2190.0,10,5,2026-06-16 17:45:42,,0,swd,11,0,11,8,婚纱 BRIDE,True,319,False,,D,0.6509343555342597,D
2026-08-01--2026-08-31,,SWD12914,BRIDE,2025-11-26 17:19:36,上架,,170.0,1870.0,11,20,2026-07-27 00:00:00,2026-07-27,9,swd,11,0,11,11,婚纱 BRIDE,True,277,False,,D,0.6565815593127524,D
2026-08-01--2026-08-31,,SWD10457,BRIDE,2024-08-16 22:46:40,上架,,128.0,1280.0,10,21,2026-08-31 00:00:00,2026-08-31,9,swd,11,0,11,11,婚纱 BRIDE,True,744,False,,D,0.6588404408241495,D
2026-08-01--2026-08-31,,SWD11967,BRIDE,2024-10-14 14:25:54,上架,,179.0,1969.0,11,5,2026-07-03 16:29:10,,0,swd,11,0,11,11,婚纱 BRIDE,True,685,False,,D,0.6377575467177767,D
2026-08-01--2026-08-31,,SWD10584,BRIDE,2024-08-16 20:09:11,上架,,199.0,2189.0,11,24,2026-07-21 21:27:48,,0,swd,11,0,11,11,婚纱 BRIDE,True,744,False,,D,0.6546991580532548,D
2026-08-01--2026-08-31,,SWD13361,BRIDE,2026-06-05 12:11:30,上架,,129.0,1419.0,11,10,2026-07-02 00:00:00,,0,swd,11,0,11,11,婚纱 BRIDE,True,86,True,61-90天,D,0.644534191251968,D
2026-08-01--2026-08-31,,SWD12822,BRIDE,2025-11-13 16:15:09,上架,,219.0,2190.0,10,28,2026-06-27 00:00:00,2026-06-27,8,swd,11,0,11,10,婚纱 BRIDE,True,290,False,,D,0.6543226778013553,D
2026-08-01--2026-08-31,,SWD12964,BRIDE,2025-12-31 11:28:21,上架,,199.0,1990.0,10,16,2026-07-08 00:00:00,,0,swd,11,0,11,11,婚纱 BRIDE,True,242,False,,D,0.6415223492367719,D
2026-08-01--2026-08-31,,SWD12701,BRIDE,2025-06-24 10:13:02,上架,,129.0,1290.0,10,19,2026-08-05 12:31:01,2026-08-05,11,swd,11,1,11,10,婚纱 BRIDE,True,432,False,,D,0.645287151755767,D
2026-08-01--2026-08-31,,SWD12947,BRIDE,2025-12-16 15:30:24,上架,,289.0,3179.0,11,9,2026-08-01 17:31:36,,0,swd,11,0,11,11,婚纱 BRIDE,True,257,False,,D,0.6558285988089534,D
2026-08-01--2026-08-31,,SWD11517,BRIDE,2024-08-21 19:12:55,上架,,229.0,1832.0,8,25,2026-08-14 00:00:00,,0,swd,11,0,11,9,婚纱 BRIDE,True,739,False,,D,0.657711000068451,D
2026-08-01--2026-08-31,,SWD13232,BRIDE,2026-04-08 17:05:27,上架,,215.0,1935.0,9,22,2026-07-15 00:00:00,2026-07-04,8,swd,11,0,11,10,婚纱 BRIDE,True,144,False,,D,0.6351221849544801,D
2026-08-01--2026-08-31,,SWD11841,BRIDE,2024-08-22 14:07:02,上架,,165.0,1650.0,10,33,2026-08-14 16:00:00,2026-08-06,9,swd,11,1,11,10,婚纱 BRIDE,True,738,False,,D,0.6426517899924704,D
2026-08-01--2026-08-31,,SWD10858,BRIDE,2024-08-26 18:05:34,上架,,140.0,1540.0,11,10,2026-07-27 20:36:35,,0,swd,11,0,11,10,婚纱 BRIDE,True,734,False,,D,0.6482989937709631,D
2026-08-01--2026-08-31,,SWD11129,BRIDE,2024-08-16 21:32:15,上架,,149.0,1490.0,10,10,2026-07-15 00:00:00,2026-07-15,9,swd,10,0,10,10,婚纱 BRIDE,True,744,False,,E,0.663632007666507,E1
2026-08-01--2026-08-31,,SWD10389,BRIDE,2024-08-16 13:42:19,上架,,120.0,1200.0,10,38,2026-08-11 00:00:00,2026-08-11,10,swd,10,3,10,8,婚纱 BRIDE,True,744,False,,E,0.6691080840577726,E1
2026-08-01--2026-08-31,,SWD11292,BRIDE,2024-08-20 16:22:52,上架,,149.0,1341.0,9,21,2026-06-29 00:00:00,2026-06-29,10,swd,10,0,10,9,婚纱 BRIDE,True,740,False,,E,0.6629474981175988,E1
2026-08-01--2026-08-31,,SWD10452,BRIDE,2024-08-19 20:05:15,上架,,128.0,1280.0,10,15,2026-06-09 20:58:10,,0,swd,10,2,10,10,婚纱 BRIDE,True,741,False,,E,0.6653432815387774,E1
2026-08-01--2026-08-31,,SWD11375,BRIDE,2024-08-23 15:02:01,上架,,179.0,1790.0,10,21,2026-07-14 00:00:00,2026-07-14,12,swd,10,1,10,10,婚纱 BRIDE,True,737,False,,E,0.6660277910876857,E1
2026-08-01--2026-08-31,,SWD12949,BRIDE,2025-12-18 16:33:40,上架,,179.0,1611.0,9,14,2026-07-04 16:00:00,,0,swd,10,0,10,9,婚纱 BRIDE,True,255,False,,E,0.6786912177424875,E1
2026-08-01--2026-08-31,,SWD13265,BRIDE,2026-04-24 17:33:54,上架,,205.0,2050.0,10,10,2026-07-01 16:00:00,,0,swd,10,0,10,9,婚纱 BRIDE,True,128,False,,E,0.66055171469642,E1
2026-08-01--2026-08-31,,SWD13112,BRIDE,2026-02-17 16:20:15,上架,,229.0,2061.0,9,10,2026-07-23 00:00:00,,0,swd,10,0,10,9,婚纱 BRIDE,True,194,False,,E,0.6677390649599562,E1
2026-08-01--2026-08-31,,SWD10849,BRIDE,2024-08-20 20:37:38,上架,,125.0,1125.0,9,17,2026-06-20 00:00:00,,0,swd,10,1,10,8,婚纱 BRIDE,True,740,False,,E,0.6663700458621398,E1
2026-08-01--2026-08-31,,SWD10445,BRIDE,2024-08-19 17:26:13,上架,,160.0,1600.0,10,21,2026-07-02 00:00:00,2026-07-02,8,swd,10,0,10,10,婚纱 BRIDE,True,741,False,,E,0.6776644534191252,E1
2026-08-01--2026-08-31,,SWD13354,BRIDE,2026-06-04 18:19:52,上架,,139.0,1251.0,9,6,2026-07-07 00:00:00,,0,swd,10,0,10,8,婚纱 BRIDE,True,87,True,61-90天,E,0.6602094599219659,E1
2026-08-01--2026-08-31,,SWD12338,BRIDE,2024-08-26 17:08:24,上架,,179.0,1790.0,10,14,2026-06-24 00:00:00,2026-04-26,6,swd,10,1,10,10,婚纱 BRIDE,True,734,False,,E,0.6783489629680334,E1
2026-08-01--2026-08-31,,SWD12970,BRIDE,2026-01-04 11:18:47,上架,,193.0,1930.0,10,23,2026-08-04 00:00:00,2026-08-04,8,swd,10,0,10,10,婚纱 BRIDE,True,238,False,,E,0.6701348483811349,E1
2026-08-01--2026-08-31,,SWD11414,BRIDE,2024-08-23 15:29:41,上架,,149.0,1192.0,8,26,2026-08-14 00:00:00,,0,swd,9,0,9,7,婚纱 BRIDE,True,737,False,,E,0.6883770278595387,E1
2026-08-01--2026-08-31,,SWD10555,BRIDE,2024-08-16 14:25:41,上架,,149.0,1192.0,8,27,2026-06-17 00:00:00,,0,swd,9,0,9,8,婚纱 BRIDE,True,744,False,,E,0.6893011157505647,E1
2026-08-01--2026-08-31,,SWD11008,BRIDE,2024-08-19 21:03:06,上架,,229.0,1832.0,8,17,2026-07-04 16:00:00,,0,swd,9,0,9,8,婚纱 BRIDE,True,741,False,,E,0.6942295845027038,E1
2026-08-01--2026-08-31,,SWD10324,BRIDE,2024-08-20 16:48:31,上架,,139.0,1112.0,8,15,2026-07-15 00:00:00,,0,swd,9,0,9,8,婚纱 BRIDE,True,740,False,,E,0.6822164419193648,E1
2026-08-01--2026-08-31,,SWD10243,BRIDE,2024-08-16 12:13:35,上架,,149.0,1341.0,9,11,2026-06-25 11:02:37,,0,swd,9,1,9,9,婚纱 BRIDE,True,744,False,,E,0.6859127934834691,E1
2026-08-01--2026-08-31,,SWD10469,BRIDE,2024-08-16 20:00:23,上架,,149.0,1192.0,8,9,2026-07-29 00:00:00,2023-03-14,3,swd,9,1,9,8,婚纱 BRIDE,True,744,False,,E,0.6874529399685125,E1
2026-08-01--2026-08-31,,SWD11387,BRIDE,2024-08-19 22:54:09,上架,,189.0,1512.0,8,28,2026-07-01 00:00:00,2026-07-01,12,swd,9,0,9,8,婚纱 BRIDE,True,741,False,,E,0.6923814087206517,E1
2026-08-01--2026-08-31,,SWD13302,BRIDE,2026-05-11 16:17:09,上架,,129.0,1161.0,9,14,2026-06-11 00:00:00,2026-06-11,10,swd,9,0,9,9,婚纱 BRIDE,True,111,False,,E,0.6988500239578342,E1
2026-08-01--2026-08-31,,SWD10859,BRIDE,2024-08-21 18:52:37,上架,,149.0,1341.0,9,22,2026-06-12 00:00:00,2026-06-12,11,swd,9,3,9,8,婚纱 BRIDE,True,739,False,,E,0.6945376137997125,E1
2026-08-01--2026-08-31,,SWD10314,BRIDE,2024-08-20 16:48:42,上架,,118.0,1062.0,9,27,2026-07-07 00:00:00,,0,swd,9,2,9,8,婚纱 BRIDE,True,740,False,,E,0.6819084126223561,E1
2026-08-01--2026-08-31,,SWD11548,BRIDE,2024-08-26 17:12:17,上架,,109.0,981.0,9,21,2026-06-17 00:00:00,2026-06-17,13,swd,9,0,9,9,婚纱 BRIDE,True,734,False,,E,0.6889930864535561,E1
2026-08-01--2026-08-31,,SWD13392,BRIDE,2026-06-22 15:04:56,上架,,179.0,1611.0,9,7,2026-07-13 00:00:00,,0,swd,9,1,9,9,婚纱 BRIDE,True,69,True,61-90天,E,0.7006981997398863,E1
2026-08-01--2026-08-31,,SWD12031,BRIDE,2024-08-16 15:14:18,上架,,149.0,1341.0,9,47,2026-06-23 18:47:24,2026-06-01,6,swd,9,1,9,9,婚纱 BRIDE,True,744,False,,E,0.684988705592443,E1
2026-08-01--2026-08-31,,SWD12104,BRIDE,2024-08-26 17:33:56,上架,,180.0,1620.0,9,30,2026-07-10 00:00:00,2026-07-10,13,swd,9,0,9,9,婚纱 BRIDE,True,734,False,,E,0.6846806762954343,E1
2026-08-01--2026-08-31,,SWD11036,BRIDE,2024-08-22 16:54:16,上架,,149.0,1341.0,9,7,2026-07-12 00:00:00,,0,swd,9,0,9,9,婚纱 BRIDE,True,738,False,,E,0.6936135259086864,E1
2026-08-01--2026-08-31,,SWD11947,BRIDE,2024-11-27 17:06:29,上架,,189.0,1701.0,9,45,2026-07-11 00:00:00,2026-07-11,6,swd,9,2,9,8,婚纱 BRIDE,True,641,False,,E,0.6994660825518516,E1
2026-08-01--2026-08-31,,SWD10368,BRIDE,2024-08-20 14:55:06,上架,,179.0,1432.0,8,22,2026-08-16 00:00:00,2026-08-16,4,swd,9,0,9,9,婚纱 BRIDE,True,740,False,,E,0.6834485591073995,E1
2026-08-01--2026-08-31,,SWD11090,BRIDE,2024-08-16 14:04:58,上架,,239.0,1912.0,8,26,2026-07-08 00:00:00,2026-07-08,3,swd,9,0,9,8,婚纱 BRIDE,True,744,False,,E,0.6976179067697994,E1
2026-08-01--2026-08-31,,SWD11867,BRIDE,2024-09-03 15:36:51,上架,,229.0,1832.0,8,10,2026-07-28 22:04:27,,0,swd,9,0,9,8,婚纱 BRIDE,True,726,False,,E,0.6985419946608256,E1
2026-08-01--2026-08-31,,SWD10434,BRIDE,2024-08-16 16:43:05,上架,,136.0,1224.0,9,21,2026-08-11 13:19:51,2026-08-11,18,swd,9,0,9,9,婚纱 BRIDE,True,744,False,,E,0.6877609692655212,E1
2026-08-01--2026-08-31,,SWD11091,BRIDE,2024-11-14 16:54:45,上架,,179.0,1611.0,9,46,2026-08-02 19:37:10,2026-01-17,17,swd,9,0,9,9,婚纱 BRIDE,True,654,False,,E,0.6979259360668081,E1
2026-08-01--2026-08-31,,SWD10705,BRIDE,2023-04-28 16:13:50,上架,,139.0,1251.0,9,11,2026-08-06 00:00:00,,0,swd,9,3,9,8,婚纱 BRIDE,True,1220,False,,E,0.6908412622356082,E1
2026-08-01--2026-08-31,,SWD10074,BRIDE,2024-11-22 11:41:01,上架,,129.0,1161.0,9,19,2026-07-01 00:00:00,2026-07-01,10,swd,9,0,9,8,婚纱 BRIDE,True,646,False,,E,0.6803682661373126,E1
2026-08-01--2026-08-31,,SWD10945,BRIDE,2024-08-20 00:34:37,上架,,180.0,1620.0,9,22,2026-07-24 00:00:00,2026-07-24,7,swd,9,1,9,9,婚纱 BRIDE,True,740,False,,E,0.6911492915326168,E1
2026-08-01--2026-08-31,,SWD10350,BRIDE,2024-08-23 16:59:57,上架,,149.0,1341.0,9,5,2026-06-06 00:00:00,,0,swd,9,1,9,9,婚纱 BRIDE,True,737,False,,E,0.6825244712163735,E1
2026-08-01--2026-08-31,,SWD12902,BRIDE,2025-11-20 15:17:59,上架,,229.0,1832.0,8,33,2026-08-14 11:12:42,2026-08-10,8,swd,8,0,8,8,婚纱 BRIDE,True,283,False,,E,0.7171264289136834,E1
2026-08-01--2026-08-31,,SWD10132,BRIDE,2024-11-15 17:05:36,上架,,130.0,1040.0,8,29,2026-07-02 20:16:37,2026-06-23,14,swd,8,0,8,8,婚纱 BRIDE,True,653,False,,E,0.7135669792593606,E1
2026-08-01--2026-08-31,,SWD10095,BRIDE,2024-11-22 11:03:32,上架,,210.0,1680.0,8,43,2026-08-18 00:00:00,2026-08-18,11,swd,8,0,8,8,婚纱 BRIDE,True,646,False,,E,0.7034362379355192,E1
2026-08-01--2026-08-31,,SWD10997,BRIDE,2024-09-04 11:34:01,上架,,169.0,1014.0,6,14,2026-07-28 00:00:00,,0,swd,8,1,8,6,婚纱 BRIDE,True,725,False,,E,0.7105551372441645,E1
2026-08-01--2026-08-31,,SWD10683,BRIDE,2024-11-15 18:06:23,上架,,249.0,1743.0,7,43,2026-08-05 22:34:48,2026-06-18,6,swd,8,0,8,7,婚纱 BRIDE,True,653,False,,E,0.7165788212745567,E1
2026-08-01--2026-08-31,,SWD11563,BRIDE,2024-09-03 12:48:58,上架,,169.0,1352.0,8,8,2025-01-02 03:27:35,,0,swd,8,0,8,8,婚纱 BRIDE,True,726,False,,E,0.722602505304949,E1
2026-08-01--2026-08-31,,SWD10495,BRIDE,2023-04-11 17:06:40,上架,,209.0,1463.0,7,31,2026-07-10 00:00:00,2026-06-11,9,swd,8,0,8,7,婚纱 BRIDE,True,1237,False,,E,0.7247929358614552,E1
2026-08-01--2026-08-31,,SWD11461,BRIDE,2024-11-18 18:26:22,上架,,179.0,1074.0,6,49,2026-07-10 10:20:08,2025-10-05,5,swd,8,0,8,6,婚纱 BRIDE,True,650,False,,E,0.7250667396810185,E1
2026-08-01--2026-08-31,,SWD10062,BRIDE,2024-08-27 12:32:42,上架,,139.0,973.0,7,13,2026-06-20 12:55:49,2026-06-20,8,swd,8,1,8,7,婚纱 BRIDE,True,733,False,,E,0.7154836059963037,E1
2026-08-01--2026-08-31,,SWD10168,BRIDE,2024-11-07 17:16:50,上架,,120.0,960.0,8,33,2026-07-10 00:00:00,2026-07-10,12,swd,8,0,8,8,婚纱 BRIDE,True,661,False,,E,0.7089123143267848,E1
2026-08-01--2026-08-31,,SWD10846,BRIDE,2024-08-27 12:32:14,上架,,170.0,1190.0,7,26,2026-06-11 00:00:00,,0,swd,8,0,8,7,婚纱 BRIDE,True,733,False,,E,0.7234239167636388,E1
2026-08-01--2026-08-31,,SWD12191,BRIDE,2024-08-22 13:03:48,上架,,259.0,2072.0,8,17,2026-07-15 00:00:00,,0,swd,8,1,8,8,婚纱 BRIDE,True,738,False,,E,0.7223287014853857,E1
2026-08-01--2026-08-31,,SWD11586,BRIDE,2024-08-21 10:45:41,上架,,149.0,1043.0,7,10,2026-08-25 00:00:00,,0,swd,8,0,8,6,婚纱 BRIDE,True,739,False,,E,0.7217810938462591,E1
2026-08-01--2026-08-31,,SWD13001,BRIDE,2026-01-14 16:44:11,上架,,259.0,2072.0,8,11,2026-07-21 00:00:00,,0,swd,8,0,8,8,婚纱 BRIDE,True,228,False,,E,0.7083647066876583,E1
2026-08-01--2026-08-31,,SWD10838,BRIDE,2024-08-20 20:36:05,上架,,229.0,1374.0,6,22,2026-06-17 00:00:00,2026-03-03,15,swd,8,0,8,6,婚纱 BRIDE,True,740,False,,E,0.7190430556506263,E1
2026-08-01--2026-08-31,,SWD12410,BRIDE,2024-09-11 16:04:35,上架,,179.0,1432.0,8,5,2026-06-08 16:00:00,,0,swd,8,0,8,8,婚纱 BRIDE,True,718,False,,E,0.7182216441919365,E1
2026-08-01--2026-08-31,,SWD13022,BRIDE,2026-01-21 10:46:40,上架,,206.0,1648.0,8,23,2026-07-28 00:00:00,2026-04-25,8,swd,8,1,8,8,婚纱 BRIDE,True,221,False,,E,0.7086385105072216,E1
2026-08-01--2026-08-31,,SWD12812,BRIDE,2025-11-04 16:02:46,上架,,209.0,1463.0,7,19,2026-05-29 16:00:00,2026-03-11,12,swd,8,1,8,7,婚纱 BRIDE,True,299,False,,E,0.7239715244027655,E1
2026-08-01--2026-08-31,,SWD12809,BRIDE,2025-11-04 16:02:16,上架,,139.0,973.0,7,17,2026-08-06 00:00:00,,0,swd,8,1,8,7,婚纱 BRIDE,True,299,False,,E,0.7236977205832021,E1
2026-08-01--2026-08-31,,SWD11662,BRIDE,2024-08-28 17:41:25,上架,,159.0,1272.0,8,15,2026-06-10 00:00:00,,0,swd,8,0,8,7,婚纱 BRIDE,True,732,False,,E,0.7075432952289684,E1
2026-08-01--2026-08-31,,SWD13275,BRIDE,2026-04-30 16:14:40,上架,,419.0,3352.0,8,10,2026-07-14 16:00:00,,0,swd,8,0,8,8,婚纱 BRIDE,True,122,False,,E,0.7031624341159559,E1
2026-08-01--2026-08-31,,SWD10108,BRIDE,2024-08-16 20:09:20,上架,,179.0,1074.0,6,10,2026-06-18 22:22:31,,0,swd,8,0,8,6,婚纱 BRIDE,True,744,False,,E,0.7132931754397974,E1
2026-08-01--2026-08-31,,SWD10826,BRIDE,2024-08-23 14:51:10,上架,,149.0,1043.0,7,15,2026-07-21 00:00:00,,0,swd,8,0,8,7,婚纱 BRIDE,True,737,False,,E,0.7228763091245123,E1
2026-08-01--2026-08-31,,SWD13345,BRIDE,2026-06-03 15:02:59,上架,,219.0,1533.0,7,13,2026-08-08 16:00:00,,0,swd,8,0,8,7,婚纱 BRIDE,True,88,True,61-90天,E,0.7143883907180505,E1
2026-08-01--2026-08-31,,SWD11647,BRIDE,2024-08-28 17:43:17,上架,,189.0,1512.0,8,30,2026-07-05 00:00:00,2026-06-20,10,swd,8,0,8,8,婚纱 BRIDE,True,732,False,,E,0.7078170990485317,E1
2026-08-01--2026-08-31,,SWD13431,BRIDE,2026-07-09 18:17:00,上架,,297.0,2376.0,8,7,2026-07-21 00:00:00,,0,swd,8,1,8,8,婚纱 BRIDE,True,52,True,31-60天,E,0.7009720035594497,E1
2026-08-01--2026-08-31,,SWD13394,BRIDE,2026-06-22 15:05:26,上架,,189.0,1512.0,8,7,2026-07-13 00:00:00,,0,swd,8,0,8,8,婚纱 BRIDE,True,69,True,61-90天,E,0.7015196111985762,E1
2026-08-01--2026-08-31,,SWD10409,BRIDE,2024-08-22 18:12:56,上架,,188.0,1504.0,8,20,2026-08-25 00:00:00,,0,swd,8,1,8,8,婚纱 BRIDE,True,738,False,,E,0.7184954480114998,E1
2026-08-01--2026-08-31,,SWD10667,BRIDE,2024-08-16 21:48:26,上架,,149.0,1192.0,8,6,2026-07-27 18:05:32,,0,swd,8,1,8,8,婚纱 BRIDE,True,744,False,,E,0.7163050174549935,E1
2026-08-01--2026-08-31,,SWD13050,BRIDE,2026-02-03 15:35:29,上架,,149.0,1043.0,7,17,2026-07-18 00:00:00,,0,swd,7,1,7,7,婚纱 BRIDE,True,208,False,,E,0.7270175918954069,E1
2026-08-01--2026-08-31,,SWD10609,BRIDE,2024-08-22 12:13:17,上架,,160.0,1120.0,7,7,2026-07-04 20:05:50,,0,swd,7,3,7,5,婚纱 BRIDE,True,738,False,,E,0.7411527140803614,E1
2026-08-01--2026-08-31,,SWD12440,BRIDE,2024-09-11 18:16:30,上架,,179.0,1074.0,6,22,2026-07-31 00:00:00,2026-02-04,1,swd,7,0,7,6,婚纱 BRIDE,True,718,False,,E,0.7423506057909508,E1
2026-08-01--2026-08-31,,SWD11926,BRIDE,2024-08-16 05:29:09,上架,,159.0,954.0,6,27,2026-07-14 00:00:00,,0,swd,7,1,7,6,婚纱 BRIDE,True,744,False,,E,0.7552878362653159,E1
2026-08-01--2026-08-31,,SWD11369,BRIDE,2024-08-20 18:49:57,上架,,159.0,1113.0,7,7,2026-07-12 00:00:00,,0,swd,7,0,7,7,婚纱 BRIDE,True,740,False,,E,0.7440276541857759,E1
2026-08-01--2026-08-31,,SWD11519,BRIDE,2024-08-16 20:03:05,上架,,189.0,1323.0,7,25,2026-05-29 16:00:00,2026-02-20,7,swd,7,0,7,7,婚纱 BRIDE,True,744,False,,E,0.7495379560544869,E1
2026-08-01--2026-08-31,,SWD10629,BRIDE,2024-08-19 16:25:05,上架,,155.0,930.0,6,9,2026-08-06 00:00:00,2026-03-29,3,swd,7,0,7,6,婚纱 BRIDE,True,741,False,,E,0.7473817509754261,E1
2026-08-01--2026-08-31,,SWD12125,BRIDE,2024-08-22 12:51:27,上架,,179.0,1253.0,7,23,2026-07-18 10:32:03,2026-05-08,4,swd,7,0,7,7,婚纱 BRIDE,True,738,False,,E,0.7521733178177835,E1
2026-08-01--2026-08-31,,SWD10885,BRIDE,2024-08-21 11:17:45,上架,,159.0,954.0,6,27,2026-08-11 00:00:00,,0,swd,7,0,7,6,婚纱 BRIDE,True,739,False,,E,0.743788075843658,E1
2026-08-01--2026-08-31,,SWD10264,BRIDE,2024-08-19 16:24:23,上架,,159.0,954.0,6,18,2026-08-10 00:00:00,,0,swd,7,0,7,6,婚纱 BRIDE,True,741,False,,E,0.7265384352111712,E1
2026-08-01--2026-08-31,,SWD12623,BRIDE,2024-12-05 15:24:22,上架,,179.0,895.0,5,10,2026-07-07 00:00:00,,0,swd,7,0,7,5,婚纱 BRIDE,True,633,False,,E,0.7519337394756657,E1
2026-08-01--2026-08-31,,SWD12002,BRIDE,2024-08-20 17:01:39,上架,,149.0,1043.0,7,16,2026-08-07 00:00:00,2026-08-07,8,swd,7,0,7,7,婚纱 BRIDE,True,740,False,,E,0.7349236771852967,E1
2026-08-01--2026-08-31,,SWD11676,BRIDE,2024-08-20 00:20:22,上架,,159.0,1113.0,7,9,2026-07-12 16:14:22,,0,swd,7,0,7,7,婚纱 BRIDE,True,740,False,,E,0.7267780135532891,E1
2026-08-01--2026-08-31,,SWD11428,BRIDE,2024-09-04 15:26:00,上架,,149.0,894.0,6,14,2026-06-13 00:00:00,2026-06-13,8,swd,7,1,7,6,婚纱 BRIDE,True,725,False,,E,0.7490587993702512,E1
2026-08-01--2026-08-31,,SWD12308,BRIDE,2024-11-18 12:10:46,上架,,179.0,1074.0,6,15,2026-06-07 00:00:00,,0,swd,7,2,7,5,婚纱 BRIDE,True,650,False,,E,0.732527893764118,E1
2026-08-01--2026-08-31,,SWD11195,BRIDE,2024-08-23 14:56:35,上架,,149.0,894.0,6,6,2026-07-03 00:00:00,,0,swd,7,0,7,6,婚纱 BRIDE,True,737,False,,E,0.7282154836059963,E1
2026-08-01--2026-08-31,,SWD11240,BRIDE,2024-11-21 16:28:40,上架,,149.0,1043.0,7,30,2026-08-25 22:24:54,2026-08-10,4,swd,7,1,7,7,婚纱 BRIDE,True,647,False,,E,0.7318091587377644,E1
2026-08-01--2026-08-31,,SWD10107,BRIDE,2024-08-19 19:51:03,上架,,179.0,1074.0,6,25,2026-07-20 16:00:00,2026-03-18,5,swd,7,0,7,6,婚纱 BRIDE,True,741,False,,E,0.7507358477650763,E1
2026-08-01--2026-08-31,,SWD10155,BRIDE,2024-08-16 08:09:44,上架,,169.0,1183.0,7,16,2026-07-06 14:33:47,2025-08-17,3,swd,7,1,7,7,婚纱 BRIDE,True,744,False,,E,0.7509754261071941,E1
2026-08-01--2026-08-31,,SWD10447,BRIDE,2024-08-16 22:33:08,上架,,120.0,720.0,6,13,2026-07-08 00:00:00,,0,swd,7,0,7,7,婚纱 BRIDE,True,744,False,,E,0.7406735573961257,E1
2026-08-01--2026-08-31,,SWD10091,BRIDE,2024-08-16 20:12:50,上架,,199.0,1393.0,7,20,2026-08-12 09:17:45,,0,swd,7,1,7,7,婚纱 BRIDE,True,744,False,,E,0.7346840988431789,E1
2026-08-01--2026-08-31,,SWD10484,BRIDE,2024-08-21 09:52:51,上架,,149.0,1043.0,7,26,2026-07-15 14:36:19,2026-03-11,5,swd,7,0,7,6,婚纱 BRIDE,True,739,False,,E,0.7471421726333083,E1
2026-08-01--2026-08-31,,SWD10921,BRIDE,2024-08-16 13:05:05,上架,,220.0,1540.0,7,37,2026-08-20 16:00:00,2026-02-22,4,swd,7,0,7,7,婚纱 BRIDE,True,744,False,,E,0.728694640290232,E1
2026-08-01--2026-08-31,,SWD10738,BRIDE,2024-08-21 18:35:06,上架,,149.0,1043.0,7,23,2026-07-15 00:00:00,,0,swd,7,0,7,7,婚纱 BRIDE,True,739,False,,E,0.7392360873434184,E1
2026-08-01--2026-08-31,,SWD10491,BRIDE,2024-08-16 13:48:00,上架,,209.0,1463.0,7,16,2026-06-26 00:00:00,,0,swd,7,0,7,7,婚纱 BRIDE,True,744,False,,E,0.7488192210281334,E1
2026-08-01--2026-08-31,,SWD12912,BRIDE,2025-11-25 18:54:53,上架,,225.0,1575.0,7,8,2026-07-23 00:00:00,2026-01-23,2,swd,7,3,7,6,婚纱 BRIDE,True,278,False,,E,0.7504962694229584,E1
2026-08-01--2026-08-31,,SWD10887,BRIDE,2024-08-20 20:36:56,上架,,129.0,774.0,6,14,2026-07-16 00:00:00,,0,swd,6,0,6,6,婚纱 BRIDE,True,740,False,,E,0.765555479498939,E1
2026-08-01--2026-08-31,,SWD13048,BRIDE,2026-02-02 09:43:03,上架,,206.0,1236.0,6,17,2026-08-09 16:00:00,,0,swd,6,0,6,6,婚纱 BRIDE,True,209,False,,E,0.7750017112738723,E1
2026-08-01--2026-08-31,,SWD11389,BRIDE,2024-08-23 15:02:59,上架,,219.0,1314.0,6,9,2026-07-28 00:00:00,,0,swd,6,0,6,6,婚纱 BRIDE,True,737,False,,E,0.7684304196043534,E1
2026-08-01--2026-08-31,,SWD10046,BRIDE,2024-08-20 21:17:27,上架,,179.0,1074.0,6,12,2026-08-14 16:00:00,,0,swd,6,0,6,6,婚纱 BRIDE,True,740,False,,E,0.7600109521527826,E1
2026-08-01--2026-08-31,,SWD12432,BRIDE,2024-08-28 16:28:50,上架,,179.0,895.0,5,8,2026-07-18 14:06:18,,0,swd,6,0,6,5,婚纱 BRIDE,True,732,False,,E,0.7686357724690259,E1
2026-08-01--2026-08-31,,SWD11340,BRIDE,2024-08-20 16:22:26,上架,,190.0,1140.0,6,13,2026-08-01 13:56:56,,0,swd,6,0,6,6,婚纱 BRIDE,True,740,False,,E,0.7680197138750086,E1
2026-08-01--2026-08-31,,SWD13072,BRIDE,2026-02-09 10:32:33,上架,,216.0,1080.0,5,11,2026-06-08 00:00:00,,0,swd,6,0,6,6,婚纱 BRIDE,True,202,False,,E,0.7768498870559244,E1
2026-08-01--2026-08-31,,SWD13237,BRIDE,2026-04-11 12:06:48,上架,,174.0,870.0,5,8,2026-07-31 18:13:00,,0,swd,6,0,6,5,婚纱 BRIDE,True,141,False,,E,0.7856800602368403,E1
2026-08-01--2026-08-31,,SWD10290,BRIDE,2024-08-16 12:58:32,上架,,189.0,1134.0,6,33,2026-07-14 16:00:00,2025-12-10,9,swd,6,1,6,6,婚纱 BRIDE,True,744,False,,E,0.771305359709768,E1
2026-08-01--2026-08-31,,SWD11981,BRIDE,2024-08-27 13:57:37,上架,,200.0,1200.0,6,17,2026-07-13 00:00:00,2026-07-13,1,swd,6,0,6,6,婚纱 BRIDE,True,733,False,,E,0.7561092477240058,E1
2026-08-01--2026-08-31,,SWD12106,BRIDE,2024-08-20 17:04:27,上架,,149.0,894.0,6,14,2026-07-04 00:00:00,2026-07-04,9,swd,6,1,6,6,婚纱 BRIDE,True,740,False,,E,0.7577520706413855,E1
2026-08-01--2026-08-31,,SWD10279,BRIDE,2024-08-16 07:05:46,上架,,159.0,954.0,6,26,2026-05-27 16:00:00,2023-03-17,6,swd,6,1,6,6,婚纱 BRIDE,True,744,False,,E,0.7756177698678897,E1
2026-08-01--2026-08-31,,SWD10895,BRIDE,2024-08-20 00:34:28,上架,,249.0,1494.0,6,10,2026-05-30 16:00:00,,0,swd,6,2,6,5,婚纱 BRIDE,True,740,False,,E,0.765966185228284,E1
2026-08-01--2026-08-31,,SWD11976,BRIDE,2024-08-19 16:44:35,上架,,170.0,1020.0,6,42,2026-07-03 00:00:00,,0,swd,6,0,6,6,婚纱 BRIDE,True,741,False,,E,0.7811622972140462,E1
2026-08-01--2026-08-31,,SWD10959,BRIDE,2024-11-18 18:21:50,上架,,239.0,1195.0,5,37,2026-06-20 09:35:00,2026-04-25,2,swd,6,0,6,5,婚纱 BRIDE,True,650,False,,E,0.7745910055445273,E1
2026-08-01--2026-08-31,,SWD13175,BRIDE,2026-03-10 17:28:44,上架,,469.0,2345.0,5,12,2026-08-30 02:12:09,,0,swd,6,0,6,5,婚纱 BRIDE,True,173,False,,E,0.7770552399205969,E1
2026-08-01--2026-08-31,,SWD12443,BRIDE,2024-09-11 18:11:17,上架,,159.0,954.0,6,35,2026-08-17 00:00:00,2026-08-17,9,swd,6,0,6,6,婚纱 BRIDE,True,718,False,,E,0.7653501266342666,E1
2026-08-01--2026-08-31,,SWD11400,BRIDE,2024-08-19 16:59:28,上架,,149.0,894.0,6,5,2024-07-19 03:14:30,,0,swd,6,1,6,6,婚纱 BRIDE,True,741,False,,E,0.768225066739681,E1
2026-08-01--2026-08-31,,SWD13076,BRIDE,2026-02-09 15:16:52,上架,,109.0,654.0,6,20,2026-08-26 00:00:00,2026-08-26,9,swd,6,0,6,6,婚纱 BRIDE,True,202,False,,E,0.776233828461907,E1
2026-08-01--2026-08-31,,SWD11950,BRIDE,2024-08-22 12:27:13,上架,,259.0,1554.0,6,25,2026-07-10 00:00:00,,0,swd,6,0,6,6,婚纱 BRIDE,True,738,False,,E,0.7862961188308577,E1
2026-08-01--2026-08-31,,SWD11100,BRIDE,2024-08-26 09:07:33,上架,,229.0,1145.0,5,8,2026-07-14 19:29:34,,0,swd,6,0,6,5,婚纱 BRIDE,True,734,False,,E,0.7782873571086316,E1
2026-08-01--2026-08-31,,SWD10438,BRIDE,2024-08-19 19:54:18,上架,,149.0,894.0,6,9,2026-06-17 00:00:00,,0,swd,6,1,6,6,婚纱 BRIDE,True,741,False,,E,0.7643233623109043,E1
2026-08-01--2026-08-31,,SWD12184,BRIDE,2024-08-21 18:04:36,上架,,169.0,1014.0,6,12,2026-07-16 00:00:00,2026-04-26,3,swd,6,0,6,6,婚纱 BRIDE,True,739,False,,E,0.7704839482510781,E1
2026-08-01--2026-08-31,,SWD11810,BRIDE,2024-08-21 11:08:32,上架,,159.0,954.0,6,8,2026-06-22 16:00:00,,0,swd,6,1,6,6,婚纱 BRIDE,True,739,False,,E,0.7698678896570608,E1
2026-08-01--2026-08-31,,SWD10049,BRIDE,2024-08-21 11:41:20,上架,,149.0,894.0,6,23,2026-06-19 14:29:09,2022-09-04,8,swd,6,0,6,6,婚纱 BRIDE,True,739,False,,E,0.7598055992881101,E1
2026-08-01--2026-08-31,,SWD12994,BRIDE,2026-01-12 10:43:48,上架,,299.0,1794.0,6,13,2026-07-28 16:00:00,,0,swd,6,1,6,6,婚纱 BRIDE,True,230,False,,E,0.7752070641385448,E1
2026-08-01--2026-08-31,,SWD12801,BRIDE,2025-11-04 16:01:17,上架,,159.0,954.0,6,20,2026-06-01 16:00:00,2026-03-24,6,swd,6,0,6,6,婚纱 BRIDE,True,299,False,,E,0.7737695940858375,E1
2026-08-01--2026-08-31,,SWD10102,BRIDE,2024-08-23 16:44:21,上架,,189.0,945.0,5,9,2026-08-16 16:00:00,,0,swd,6,0,6,5,婚纱 BRIDE,True,737,False,,E,0.7585734821000752,E1
2026-08-01--2026-08-31,,SWD12162,BRIDE,2024-09-02 16:07:25,上架,,189.0,567.0,3,13,2026-07-20 16:00:00,,0,swd,6,0,6,3,婚纱 BRIDE,True,727,False,,E,0.7702785953864056,E1
2026-08-01--2026-08-31,,SWD11770,BRIDE,2024-08-22 14:00:54,上架,,149.0,894.0,6,6,2026-07-30 12:39:36,,0,swd,6,0,6,6,婚纱 BRIDE,True,738,False,,E,0.757136012047368,E1
2026-08-01--2026-08-31,,SWD12650,BRIDE,2024-12-16 09:25:26,上架,,319.0,1914.0,6,23,2026-07-21 00:00:00,2025-07-22,3,swd,6,1,6,4,婚纱 BRIDE,True,622,False,,E,0.781983708672736,E1
2026-08-01--2026-08-31,,SWD11739,BRIDE,2024-08-20 18:14:03,上架,,249.0,1494.0,6,16,2026-07-16 00:00:00,,0,swd,6,0,6,6,婚纱 BRIDE,True,740,False,,E,0.7573413649120405,E1
2026-08-01--2026-08-31,,SWD12620,BRIDE,2024-12-05 15:23:44,上架,,179.0,1074.0,6,16,2026-08-24 16:00:00,2026-05-21,2,swd,6,0,6,6,婚纱 BRIDE,True,633,False,,E,0.7593948935587651,E1
2026-08-01--2026-08-31,,SWD12240,BRIDE,2024-09-02 16:55:30,上架,,169.0,1014.0,6,7,2026-07-17 00:00:00,,0,swd,6,1,6,6,婚纱 BRIDE,True,727,False,,E,0.7706893011157505,E1
2026-08-01--2026-08-31,,SWD10136,BRIDE,2024-08-19 16:15:08,上架,,185.0,925.0,5,12,2026-08-25 00:00:00,,0,swd,6,0,6,5,婚纱 BRIDE,True,741,False,,E,0.7589841878294202,E1
2026-08-01--2026-08-31,,SWD10574,BRIDE,2024-08-19 23:28:20,上架,,149.0,894.0,6,5,2026-06-10 00:00:00,,0,swd,6,2,6,5,婚纱 BRIDE,True,741,False,,E,0.7622698336641797,E1
2026-08-01--2026-08-31,,SWD13117,BRIDE,2026-03-12 12:05:12,上架,,179.0,1074.0,6,9,2026-05-29 00:00:00,,0,swd,6,0,6,6,婚纱 BRIDE,True,171,False,,E,0.776644534191252,E1
2026-08-01--2026-08-31,,SWD12920,BRIDE,2025-12-03 16:58:14,上架,,163.0,978.0,6,7,2026-07-25 14:56:22,,0,swd,6,0,6,6,婚纱 BRIDE,True,270,False,,E,0.762885892258197,E1
2026-08-01--2026-08-31,,SWD11534,BRIDE,2024-08-16 04:44:29,上架,,149.0,745.0,5,32,2026-07-10 00:00:00,2026-07-10,15,swd,6,1,6,5,婚纱 BRIDE,True,744,False,,E,0.7626805393935245,E1
2026-08-01--2026-08-31,,SWD13153,BRIDE,2026-03-05 10:11:44,上架,,220.0,1320.0,6,13,2026-06-01 16:00:00,2026-05-22,8,swd,6,0,6,6,婚纱 BRIDE,True,178,False,,E,0.7772605927852694,E1
2026-08-01--2026-08-31,,SWD12897,BRIDE,2025-11-17 14:40:51,上架,,429.0,2145.0,5,18,2026-06-25 00:00:00,2026-06-25,4,swd,6,0,6,5,婚纱 BRIDE,True,286,False,,E,0.7630912451228694,E1
2026-08-01--2026-08-31,,SWD13251,BRIDE,2026-04-17 18:06:32,上架,,387.0,2322.0,6,13,2026-07-24 00:00:00,,0,swd,6,0,6,6,婚纱 BRIDE,True,135,False,,E,0.7858854131015127,E1
2026-08-01--2026-08-31,,SWD12384,BRIDE,2024-09-02 17:24:06,上架,,189.0,945.0,5,17,2026-05-29 00:00:00,2026-04-06,7,swd,6,0,6,5,婚纱 BRIDE,True,727,False,,E,0.7651447737695941,E1
2026-08-01--2026-08-31,,SWD11295,BRIDE,2024-08-29 15:43:54,上架,,170.0,1020.0,6,8,2026-06-22 17:33:55,,0,swd,6,0,6,6,婚纱 BRIDE,True,731,False,,E,0.7803408857553563,E1
2026-08-01--2026-08-31,,SWD10608,BRIDE,2024-08-16 08:28:05,上架,,189.0,1134.0,6,13,2026-06-14 16:00:00,2025-06-13,5,swd,6,0,6,6,婚纱 BRIDE,True,744,False,,E,0.7635019508522144,E1
2026-08-01--2026-08-31,,SWD10397,BRIDE,2024-11-15 18:12:30,上架,,159.0,795.0,5,38,2026-08-25 16:00:00,2026-05-28,3,swd,6,0,6,5,婚纱 BRIDE,True,653,False,,E,0.7647340680402491,E1
2026-08-01--2026-08-31,,SWD10860,BRIDE,2024-08-20 15:46:43,上架,,179.0,895.0,5,14,2026-08-25 00:00:00,2026-02-19,4,swd,6,0,6,6,婚纱 BRIDE,True,740,False,,E,0.7657608323636115,E1
2026-08-01--2026-08-31,,SWD10047,BRIDE,2024-08-16 07:11:00,上架,,219.0,1314.0,6,22,2026-08-19 00:00:00,2026-03-28,15,swd,6,1,6,6,婚纱 BRIDE,True,744,False,,E,0.760216305017455,E1
2026-08-01--2026-08-31,,SWD13043,BRIDE,2026-01-28 11:41:13,上架,,379.0,2274.0,6,18,2026-07-19 09:09:21,2026-07-19,8,swd,6,0,6,6,婚纱 BRIDE,True,214,False,,E,0.7717160654391129,E1
2026-08-01--2026-08-31,,SWD10209,BRIDE,2024-08-20 21:20:35,上架,,159.0,954.0,6,8,2026-08-29 18:15:09,,0,swd,6,0,6,6,婚纱 BRIDE,True,740,False,,E,0.7754124170032172,E1
2026-08-01--2026-08-31,,SWD10351,BRIDE,2024-08-16 14:25:32,上架,,129.0,645.0,5,13,2026-08-26 00:00:00,,0,swd,5,0,5,5,婚纱 BRIDE,True,744,False,,E,0.8019371620234103,E2a
2026-08-01--2026-08-31,,SWD12772,BRIDE,2025-09-25 11:11:13,上架,,180.0,900.0,5,7,2026-07-26 00:00:00,2026-07-26,2,swd,5,1,5,5,婚纱 BRIDE,True,339,False,,E,0.8192210281333424,E2a
2026-08-01--2026-08-31,,SWD11097,BRIDE,2024-08-27 12:32:24,上架,,209.0,1045.0,5,21,2026-08-02 00:00:00,2025-06-05,2,swd,5,0,5,5,婚纱 BRIDE,True,733,False,,E,0.8086111301252652,E2a
2026-08-01--2026-08-31,,SWD11339,BRIDE,2024-08-16 13:04:56,上架,,189.0,945.0,5,29,2026-08-08 09:21:49,,0,swd,5,0,5,5,婚纱 BRIDE,True,744,False,,E,0.7997125059894585,E2a
2026-08-01--2026-08-31,,SWD12825,BRIDE,2025-11-13 16:17:01,上架,,159.0,795.0,5,11,2026-08-04 00:00:00,,0,swd,5,0,5,5,婚纱 BRIDE,True,290,False,,E,0.8127181874187145,E2a
2026-08-01--2026-08-31,,SWD10450,BRIDE,2024-08-20 21:21:13,上架,,120.0,600.0,5,28,2026-08-11 16:00:00,2026-08-04,8,swd,5,0,5,5,婚纱 BRIDE,True,740,False,,E,0.8065576014785406,E2a
2026-08-01--2026-08-31,,SWD11229,BRIDE,2024-08-22 17:49:40,上架,,149.0,745.0,5,12,2026-07-10 00:00:00,,0,swd,5,0,5,5,婚纱 BRIDE,True,738,False,,E,0.8053597097679512,E2a
2026-08-01--2026-08-31,,SWD11300,BRIDE,2024-08-20 20:46:21,上架,,169.0,845.0,5,14,2026-08-23 16:00:00,,0,swd,5,0,5,5,婚纱 BRIDE,True,740,False,,E,0.797830104729961,E2a
2026-08-01--2026-08-31,,SWD10360,BRIDE,2024-08-16 17:34:59,上架,,129.0,516.0,4,23,2026-07-29 10:41:19,,0,swd,5,0,5,4,婚纱 BRIDE,True,744,False,,E,0.8021082894106373,E2a
2026-08-01--2026-08-31,,SWD12596,BRIDE,2024-11-29 20:12:20,上架,,169.0,845.0,5,25,2026-07-23 16:00:00,2026-05-22,10,swd,5,0,5,5,婚纱 BRIDE,True,639,False,,E,0.8099801492230817,E2a
2026-08-01--2026-08-31,,SWD12774,BRIDE,2025-09-26 15:04:27,上架,,169.0,845.0,5,6,2026-07-22 13:43:06,,0,swd,5,0,5,5,婚纱 BRIDE,True,338,False,,E,0.8193921555205695,E2a
2026-08-01--2026-08-31,,SWD12838,BRIDE,2025-11-13 16:17:57,上架,,199.0,995.0,5,19,2026-07-31 16:00:00,,0,swd,5,1,5,5,婚纱 BRIDE,True,290,False,,E,0.8063864740913136,E2a
2026-08-01--2026-08-31,,SWD13304,BRIDE,2026-05-12 12:01:56,上架,,260.0,1040.0,4,10,2026-08-09 00:00:00,,0,swd,5,0,5,5,婚纱 BRIDE,True,110,False,,E,0.8216168115545212,E2a
2026-08-01--2026-08-31,,SWD13215,BRIDE,2026-03-25 09:57:21,上架,,168.0,840.0,5,20,2026-07-07 00:00:00,2026-07-06,11,swd,5,0,5,5,婚纱 BRIDE,True,158,False,,E,0.7964610856321446,E2a
2026-08-01--2026-08-31,,SWD12710,BRIDE,2025-07-25 09:36:01,上架,,169.0,845.0,5,10,2026-08-19 00:00:00,,0,swd,5,0,5,5,婚纱 BRIDE,True,401,False,,E,0.8181942638099802,E2a
2026-08-01--2026-08-31,,SWD12521,BRIDE,2024-10-11 14:45:02,上架,,169.0,845.0,5,14,2026-08-03 16:00:00,,0,swd,5,2,5,5,婚纱 BRIDE,True,688,False,,E,0.8120336778698063,E2a
2026-08-01--2026-08-31,,SWD12837,BRIDE,2025-11-13 16:17:15,上架,,129.0,645.0,5,11,2026-06-02 20:23:05,,0,swd,5,0,5,5,婚纱 BRIDE,True,290,False,,E,0.8188787733588884,E2a
2026-08-01--2026-08-31,,SWD10436,BRIDE,2024-08-16 13:47:43,上架,,189.0,756.0,4,56,2026-06-10 00:00:00,2026-06-10,10,swd,5,0,5,4,婚纱 BRIDE,True,744,False,,E,0.8070709836402218,E2a
2026-08-01--2026-08-31,,SWD10347,BRIDE,2024-11-22 11:43:10,上架,,149.0,745.0,5,23,2026-07-27 16:00:00,2026-07-02,7,swd,5,0,5,5,婚纱 BRIDE,True,646,False,,E,0.8017660346361831,E2a
2026-08-01--2026-08-31,,SWD11686,BRIDE,2024-08-16 21:06:07,上架,,149.0,745.0,5,34,2026-07-07 00:00:00,,0,swd,5,1,5,5,婚纱 BRIDE,True,744,False,,E,0.8229858306523375,E2a
2026-08-01--2026-08-31,,SWD12409,BRIDE,2024-09-02 17:40:57,上架,,185.0,925.0,5,10,2026-06-17 00:00:00,,0,swd,5,0,5,5,婚纱 BRIDE,True,727,False,,E,0.8115202957081251,E2a
2026-08-01--2026-08-31,,SWD11798,BRIDE,2024-09-29 11:48:48,上架,,169.0,507.0,3,20,2026-07-22 00:00:00,,0,swd,5,0,5,3,婚纱 BRIDE,True,700,False,,E,0.8240125949756999,E2a
2026-08-01--2026-08-31,,SWD11889,BRIDE,2024-08-19 19:19:49,上架,,149.0,745.0,5,15,2026-07-10 00:00:00,,0,swd,5,2,5,5,婚纱 BRIDE,True,741,False,,E,0.7935519200492847,E2a
2026-08-01--2026-08-31,,SWD12372,BRIDE,2024-08-22 13:36:47,上架,,219.0,657.0,3,4,2026-07-26 00:00:00,,0,swd,5,1,5,3,婚纱 BRIDE,True,738,False,,E,0.8104935313847628,E2a
2026-08-01--2026-08-31,,SWD11786,BRIDE,2024-08-16 16:04:03,上架,,219.0,1095.0,5,38,2026-08-12 00:00:00,2026-08-12,15,swd,5,0,5,5,婚纱 BRIDE,True,744,False,,E,0.8233280854267917,E2a
2026-08-01--2026-08-31,,SWD11560,BRIDE,2024-08-26 17:25:49,上架,,129.0,645.0,5,4,2026-06-13 00:00:00,,0,swd,5,0,5,5,婚纱 BRIDE,True,734,False,,E,0.7991991238277774,E2a
2026-08-01--2026-08-31,,SWD11556,BRIDE,2024-08-22 13:47:05,上架,,169.0,845.0,5,6,2025-01-11 03:47:50,,0,swd,5,0,5,5,婚纱 BRIDE,True,738,False,,E,0.794578684372647,E2a
2026-08-01--2026-08-31,,SWD10749,BRIDE,2024-08-16 15:36:34,上架,,179.0,716.0,4,11,2026-06-19 00:00:00,2026-06-19,4,swd,5,0,5,4,婚纱 BRIDE,True,744,False,,E,0.8187076459716613,E2a
2026-08-01--2026-08-31,,SWD13155,BRIDE,2026-03-05 10:43:15,上架,,299.0,1196.0,4,8,2026-07-23 16:00:00,,0,swd,5,0,5,4,婚纱 BRIDE,True,178,False,,E,0.8003970155383667,E2a
2026-08-01--2026-08-31,,SWD11890,BRIDE,2024-08-16 17:17:09,上架,,189.0,945.0,5,29,2026-07-15 13:23:34,2025-10-14,3,swd,5,0,5,5,婚纱 BRIDE,True,744,False,,E,0.7937230474365118,E2a
2026-08-01--2026-08-31,,SWD11492,BRIDE,2024-08-16 18:17:55,上架,,189.0,945.0,5,29,2026-06-13 00:00:00,,0,swd,5,0,5,5,婚纱 BRIDE,True,744,False,,E,0.79440755698542,E2a
2026-08-01--2026-08-31,,SWD12220,BRIDE,2024-08-16 21:48:35,上架,,369.0,1476.0,4,47,2026-07-13 12:48:30,2026-05-26,4,swd,5,0,5,4,婚纱 BRIDE,True,744,False,,E,0.8036484358956807,E2a
2026-08-01--2026-08-31,,SWD11695,BRIDE,2024-08-20 00:16:41,上架,,189.0,756.0,4,29,2026-07-14 00:00:00,,0,swd,5,0,5,4,婚纱 BRIDE,True,740,False,,E,0.8231569580395647,E2a
2026-08-01--2026-08-31,,SWD10580,BRIDE,2024-08-22 12:04:13,上架,,179.0,716.0,4,18,2026-07-19 16:00:00,,0,swd,5,0,5,5,婚纱 BRIDE,True,738,False,,E,0.8146005886782121,E2a
2026-08-01--2026-08-31,,SWD10679,BRIDE,2024-08-21 12:14:28,上架,,149.0,745.0,5,36,2026-08-24 16:00:00,2026-07-20,8,swd,5,1,5,5,婚纱 BRIDE,True,739,False,,E,0.814429461290985,E2a
2026-08-01--2026-08-31,,SWD12255,BRIDE,2024-08-22 13:12:07,上架,,299.0,598.0,2,15,2026-07-22 00:00:00,2025-05-17,2,swd,5,0,5,2,婚纱 BRIDE,True,738,False,,E,0.798001232117188,E2a
2026-08-01--2026-08-31,,SWD10870,BRIDE,2024-08-22 16:47:42,上架,,180.0,900.0,5,17,2026-08-06 00:00:00,,0,swd,5,0,5,5,婚纱 BRIDE,True,738,False,,E,0.8173386268738448,E2a
2026-08-01--2026-08-31,,SWD12848,BRIDE,2025-11-10 11:48:11,上架,,269.0,1345.0,5,9,2026-06-01 00:00:00,,0,swd,5,0,5,5,婚纱 BRIDE,True,293,False,,E,0.8134026969676227,E2a
2026-08-01--2026-08-31,,SWD10165,BRIDE,2024-08-16 18:04:01,上架,,199.0,995.0,5,10,2026-08-11 15:34:34,,0,swd,5,2,5,4,婚纱 BRIDE,True,744,False,,E,0.7973167225682798,E2a
2026-08-01--2026-08-31,,SWD13422,BRIDE,2026-07-06 16:59:14,上架,,259.0,777.0,3,6,2026-08-19 16:00:00,,0,swd,5,0,5,2,婚纱 BRIDE,True,55,True,31-60天,E,0.8248682319118351,E2a
2026-08-01--2026-08-31,,SWD12858,BRIDE,2025-11-13 16:14:40,上架,,169.0,845.0,5,7,2026-06-12 16:00:00,,0,swd,5,0,5,5,婚纱 BRIDE,True,290,False,,E,0.8135738243548497,E2a
2026-08-01--2026-08-31,,SWD11456,BRIDE,2024-08-21 19:11:15,上架,,149.0,745.0,5,5,2026-06-19 00:00:00,,0,swd,5,0,5,5,婚纱 BRIDE,True,739,False,,E,0.8221301937162023,E2a
2026-08-01--2026-08-31,,SWD12152,BRIDE,2024-08-21 10:23:41,上架,,289.0,1445.0,5,15,2026-06-03 00:00:00,2026-06-03,8,swd,5,0,5,5,婚纱 BRIDE,True,739,False,,E,0.8038195632829078,E2a
2026-08-01--2026-08-31,,SWD12024,BRIDE,2024-08-19 23:55:41,上架,,229.0,1145.0,5,6,2026-06-23 13:15:34,,0,swd,5,0,5,5,婚纱 BRIDE,True,741,False,,E,0.7974878499555069,E2a
2026-08-01--2026-08-31,,SWD12329,BRIDE,2024-09-02 17:20:50,上架,,259.0,1036.0,4,7,2026-07-09 00:00:00,,0,swd,5,1,5,4,婚纱 BRIDE,True,727,False,,E,0.8118625504825793,E2a
2026-08-01--2026-08-31,,SWD12870,BRIDE,2025-11-13 16:14:25,上架,,349.0,1745.0,5,24,2026-07-28 00:00:00,,0,swd,5,0,5,5,婚纱 BRIDE,True,290,False,,E,0.8132315695803957,E2a
2026-08-01--2026-08-31,,SWD13070,BRIDE,2026-02-10 09:32:06,上架,,159.0,795.0,5,10,2026-07-17 00:00:00,,0,swd,5,0,5,5,婚纱 BRIDE,True,201,False,,E,0.8000547607639127,E2a
2026-08-01--2026-08-31,,SWD13131,BRIDE,2026-03-02 10:04:28,上架,,200.0,1000.0,5,8,2026-08-10 00:00:00,,0,swd,5,0,5,5,婚纱 BRIDE,True,181,False,,E,0.8005681429255939,E2a
2026-08-01--2026-08-31,,SWD10086,BRIDE,2024-08-21 19:46:55,上架,,219.0,876.0,4,10,2026-07-21 00:00:00,,0,swd,5,0,5,4,婚纱 BRIDE,True,739,False,,E,0.7914983914025601,E2a
2026-08-01--2026-08-31,,SWD12116,BRIDE,2024-08-16 16:49:02,上架,,149.0,745.0,5,22,2026-07-10 00:00:00,2026-07-10,8,swd,5,0,5,5,婚纱 BRIDE,True,744,False,,E,0.7986857416660963,E2a
2026-08-01--2026-08-31,,SWD13230,BRIDE,2026-04-07 09:57:30,上架,,431.0,2155.0,5,10,2026-07-09 15:58:08,,0,swd,5,0,5,5,婚纱 BRIDE,True,145,False,,E,0.7966322130193716,E2a
2026-08-01--2026-08-31,,SWD11885,BRIDE,2024-08-20 20:26:11,上架,,159.0,636.0,4,18,2026-07-11 00:00:00,,0,swd,5,1,5,4,婚纱 BRIDE,True,740,False,,E,0.7938941748237388,E2a
2026-08-01--2026-08-31,,SWD11899,BRIDE,2024-09-03 16:03:27,上架,,179.0,716.0,4,13,2026-08-06 00:00:00,,0,swd,4,0,4,2,婚纱 BRIDE,True,726,False,,E,0.8280169758368129,E2a
2026-08-01--2026-08-31,,SWD11710,BRIDE,2024-08-20 20:22:01,上架,,209.0,627.0,3,5,2026-07-29 18:06:14,,0,swd,4,0,4,3,婚纱 BRIDE,True,740,False,,E,0.8605996303648435,E2a
2026-08-01--2026-08-31,,SWD12123,BRIDE,2024-08-16 14:04:08,上架,,149.0,596.0,4,29,2026-06-01 00:00:00,2026-06-01,12,swd,4,2,4,4,婚纱 BRIDE,True,744,False,,E,0.8514272024094736,E2a
2026-08-01--2026-08-31,,SWD10032,BRIDE,2024-08-16 22:06:01,上架,,180.0,720.0,4,2,2023-04-17 00:00:00,,0,swd,4,0,4,4,婚纱 BRIDE,True,744,False,,E,0.8564925730713944,E2a
2026-08-01--2026-08-31,,SWD10801,BRIDE,2024-08-20 20:32:03,上架,,189.0,756.0,4,5,2026-07-10 00:00:00,,0,swd,4,1,4,4,婚纱 BRIDE,True,740,False,,E,0.8592306112670272,E2a
2026-08-01--2026-08-31,,SWD11005,BRIDE,2024-11-28 17:44:08,上架,,179.0,537.0,3,16,2026-08-17 16:00:00,2026-01-27,3,swd,4,0,4,3,婚纱 BRIDE,True,640,False,,E,0.8422547744541037,E2a
2026-08-01--2026-08-31,,SWD13049,BRIDE,2026-02-03 12:22:39,上架,,149.0,596.0,4,17,2026-07-25 12:32:21,2026-04-22,9,swd,4,0,4,4,婚纱 BRIDE,True,208,False,,E,0.8407488534465056,E2a
2026-08-01--2026-08-31,,SWD11268,BRIDE,2024-09-04 12:00:11,上架,,179.0,716.0,4,15,2026-08-12 16:00:00,2025-10-08,2,swd,4,0,4,4,婚纱 BRIDE,True,725,False,,E,0.8480046546649326,E2a
2026-08-01--2026-08-31,,SWD13256,BRIDE,2026-04-25 11:33:58,上架,,169.0,676.0,4,8,2026-07-07 00:00:00,,0,swd,4,0,4,4,婚纱 BRIDE,True,127,False,,E,0.8596413169963721,E2a
2026-08-01--2026-08-31,,SWD12153,BRIDE,2024-11-28 09:35:28,上架,,239.0,956.0,4,44,2026-07-12 15:32:11,2026-06-26,9,swd,4,0,4,4,婚纱 BRIDE,True,640,False,,E,0.8469094393866794,E2a
2026-08-01--2026-08-31,,SWD11846,BRIDE,2024-08-19 22:05:56,上架,,188.0,752.0,4,7,2026-07-22 00:00:00,2026-07-22,3,swd,4,0,4,4,婚纱 BRIDE,True,741,False,,E,0.8281538777465945,E2a
2026-08-01--2026-08-31,,SWD10378,BRIDE,2024-08-16 04:42:55,上架,,139.0,556.0,4,26,2026-06-10 00:00:00,2026-01-12,5,swd,4,0,4,4,婚纱 BRIDE,True,744,False,,E,0.8492367718529673,E2a
2026-08-01--2026-08-31,,SWD13263,BRIDE,2026-04-24 17:16:38,上架,,250.0,1000.0,4,5,2026-07-12 00:00:00,,0,swd,4,0,4,4,婚纱 BRIDE,True,128,False,,E,0.8612841399137517,E2a
2026-08-01--2026-08-31,,SWD12670,BRIDE,2024-12-30 14:41:51,上架,,179.0,716.0,4,10,2026-07-27 20:22:25,2026-07-17,8,swd,4,0,4,4,婚纱 BRIDE,True,608,False,,E,0.8311657197617907,E2a
2026-08-01--2026-08-31,,SWD10596,BRIDE,2024-08-16 17:26:06,上架,,149.0,596.0,4,35,2026-07-15 00:00:00,,0,swd,4,0,4,4,婚纱 BRIDE,True,744,False,,E,0.8378739133410911,E2a
2026-08-01--2026-08-31,,SWD11179,BRIDE,2024-08-26 18:13:37,上架,,185.0,555.0,3,8,2026-07-07 16:00:00,,0,swd,4,0,4,3,婚纱 BRIDE,True,734,False,,E,0.8359572866041481,E2a
2026-08-01--2026-08-31,,SWD12656,BRIDE,2024-12-16 09:26:35,上架,,179.0,716.0,4,12,2026-08-03 16:00:00,,0,swd,4,0,4,4,婚纱 BRIDE,True,622,False,,E,0.831439523581354,E2a
2026-08-01--2026-08-31,,SWD12149,BRIDE,2024-08-27 12:21:20,上架,,169.0,676.0,4,3,2026-07-19 16:00:00,,0,swd,4,0,4,4,婚纱 BRIDE,True,733,False,,E,0.8467725374768978,E2a
2026-08-01--2026-08-31,,SWD11078,BRIDE,2024-08-16 16:06:46,上架,,179.0,537.0,3,39,2026-07-23 00:00:00,2023-07-10,1,swd,4,0,4,3,婚纱 BRIDE,True,744,False,,E,0.8437606954617017,E2a
2026-08-01--2026-08-31,,SWD10098,BRIDE,2024-08-19 21:22:56,上架,,169.0,507.0,3,4,2026-07-30 20:53:59,,0,swd,4,1,4,3,婚纱 BRIDE,True,741,False,,E,0.8567663768909576,E2a
2026-08-01--2026-08-31,,SWD11193,BRIDE,2024-08-16 15:29:16,上架,,170.0,680.0,4,45,2026-07-20 00:00:00,2026-07-20,9,swd,4,0,4,4,婚纱 BRIDE,True,744,False,,E,0.8358203846943665,E2a
2026-08-01--2026-08-31,,SWD11784,BRIDE,2024-08-16 05:34:08,上架,,139.0,556.0,4,36,2026-07-16 00:00:00,2026-04-27,4,swd,4,1,4,4,婚纱 BRIDE,True,744,False,,E,0.8258265452803066,E2a
2026-08-01--2026-08-31,,SWD11783,BRIDE,2024-08-20 00:27:39,上架,,219.0,657.0,3,16,2026-07-10 00:00:00,,0,swd,4,0,4,3,婚纱 BRIDE,True,740,False,,E,0.825689643370525,E2a
2026-08-01--2026-08-31,,SWD12653,BRIDE,2024-12-16 09:26:01,上架,,299.0,897.0,3,12,2026-06-27 18:46:27,2026-04-09,2,swd,4,0,4,3,婚纱 BRIDE,True,622,False,,E,0.8313026216715723,E2a
2026-08-01--2026-08-31,,SWD10110,BRIDE,2024-08-20 19:03:13,上架,,159.0,636.0,4,13,2026-08-04 16:00:00,,0,swd,4,0,4,4,婚纱 BRIDE,True,740,False,,E,0.8270586624683415,E2a
2026-08-01--2026-08-31,,SWD12232,BRIDE,2024-08-23 13:25:32,上架,,250.0,750.0,3,9,2026-07-19 16:00:00,,0,swd,4,0,4,3,婚纱 BRIDE,True,737,False,,E,0.8499212814018755,E2a
2026-08-01--2026-08-31,,SWD10779,BRIDE,2024-08-15 15:24:28,上架,,249.0,747.0,3,58,2026-08-15 00:00:00,2026-08-15,7,swd,4,0,4,3,婚纱 BRIDE,True,745,False,,E,0.8575877883496474,E2a
2026-08-01--2026-08-31,,SWD10573,BRIDE,2024-08-16 14:25:18,上架,,149.0,447.0,3,17,2026-06-26 00:00:00,2023-04-20,4,swd,4,0,4,4,婚纱 BRIDE,True,744,False,,E,0.8403381477171606,E2a
2026-08-01--2026-08-31,,SWD10697,BRIDE,2024-11-14 14:46:52,上架,,309.0,1236.0,4,44,2026-06-11 00:00:00,2026-03-07,9,swd,4,0,4,4,婚纱 BRIDE,True,654,False,,E,0.8317133274009172,E2a
2026-08-01--2026-08-31,,SWD10124,BRIDE,2024-11-14 16:24:33,上架,,149.0,596.0,4,14,2026-06-02 16:54:52,2026-04-23,7,swd,4,1,4,4,婚纱 BRIDE,True,654,False,,E,0.827195564378123,E2a
2026-08-01--2026-08-31,,SWD10768,BRIDE,2024-08-22 14:10:58,上架,,200.0,800.0,4,4,2026-08-26 16:00:00,2025-09-05,2,swd,4,0,4,4,婚纱 BRIDE,True,738,False,,E,0.8574508864398659,E2a
2026-08-01--2026-08-31,,SWD11380,BRIDE,2024-08-27 09:21:09,上架,,165.0,660.0,4,10,2026-07-07 16:00:00,,0,swd,4,0,4,4,婚纱 BRIDE,True,733,False,,E,0.8525224176877267,E2a
2026-08-01--2026-08-31,,SWD13386,BRIDE,2026-06-17 18:30:48,上架,,139.0,556.0,4,7,2026-07-22 00:00:00,,0,swd,4,1,4,4,婚纱 BRIDE,True,74,True,61-90天,E,0.8259634471900883,E2a
2026-08-01--2026-08-31,,SWD11497,BRIDE,2024-08-19 17:13:29,上架,,190.0,760.0,4,20,2026-07-24 00:00:00,2026-02-25,2,swd,4,0,4,4,婚纱 BRIDE,True,741,False,,E,0.8527962215072901,E2a
2026-08-01--2026-08-31,,SWD10297,BRIDE,2024-08-19 19:53:44,上架,,139.0,417.0,3,15,2026-07-20 16:00:00,,0,swd,4,0,4,3,婚纱 BRIDE,True,741,False,,E,0.8462249298377712,E2a
2026-08-01--2026-08-31,,SWD12433,BRIDE,2024-09-03 11:03:18,上架,,189.0,756.0,4,9,2026-07-10 00:00:00,,0,swd,4,0,4,3,婚纱 BRIDE,True,726,False,,E,0.8430761859127934,E2a
2026-08-01--2026-08-31,,SWD11341,BRIDE,2024-08-21 19:07:20,上架,,180.0,720.0,4,16,2026-07-12 16:00:00,,0,swd,4,0,4,4,婚纱 BRIDE,True,739,False,,E,0.8510164966801287,E2a
2026-08-01--2026-08-31,,SWD12535,BRIDE,2024-08-30 12:37:15,上架,,279.0,1116.0,4,18,2026-08-06 00:00:00,,0,swd,4,0,4,4,婚纱 BRIDE,True,730,False,,E,0.8354096789650216,E2a
2026-08-01--2026-08-31,,SWD10963,BRIDE,2024-08-22 16:50:10,上架,,180.0,720.0,4,14,2026-07-15 00:00:00,,0,swd,4,0,4,4,婚纱 BRIDE,True,738,False,,E,0.8339037579574236,E2a
2026-08-01--2026-08-31,,SWD13382,BRIDE,2026-06-12 17:39:13,上架,,266.0,1064.0,4,6,2026-06-23 16:00:00,,0,swd,4,0,4,4,婚纱 BRIDE,True,79,True,61-90天,E,0.8533438291464166,E2a
2026-08-01--2026-08-31,,SWD13236,BRIDE,2026-04-10 16:21:23,上架,,449.0,1796.0,4,11,2026-08-06 00:00:00,,0,swd,4,0,4,4,婚纱 BRIDE,True,142,False,,E,0.8595044150865905,E2a
2026-08-01--2026-08-31,,SWD11333,BRIDE,2024-08-29 15:50:54,上架,,149.0,596.0,4,10,2026-08-27 16:00:00,,0,swd,4,0,4,4,婚纱 BRIDE,True,731,False,,E,0.8511533985899103,E2a
2026-08-01--2026-08-31,,SWD12528,BRIDE,2024-09-05 11:24:43,上架,,189.0,756.0,4,14,2026-07-13 00:00:00,2026-01-26,1,swd,4,0,4,4,婚纱 BRIDE,True,724,False,,E,0.8365048942432747,E2a
2026-08-01--2026-08-31,,SWD11099,BRIDE,2024-08-19 19:08:58,上架,,165.0,495.0,3,13,2026-06-17 00:00:00,,0,swd,4,0,4,3,婚纱 BRIDE,True,741,False,,E,0.8433499897323568,E2a
2026-08-01--2026-08-31,,SWD12442,BRIDE,2024-09-11 18:11:28,上架,,169.0,676.0,4,7,2026-06-19 16:00:00,,0,swd,4,0,4,4,婚纱 BRIDE,True,718,False,,E,0.8362310904237115,E2a
2026-08-01--2026-08-31,,SWD10227,BRIDE,2024-08-27 10:13:28,上架,,139.0,556.0,4,27,2026-07-01 00:00:00,,0,swd,4,1,4,4,婚纱 BRIDE,True,733,False,,E,0.8506057909507838,E2a
2026-08-01--2026-08-31,,SWD13184,BRIDE,2026-04-07 14:05:10,上架,,179.0,716.0,4,8,2026-08-06 00:00:00,,0,swd,4,0,4,4,婚纱 BRIDE,True,145,False,,E,0.8441714011910466,E2a
2026-08-01--2026-08-31,,SWD13366,BRIDE,2026-06-09 10:51:32,上架,,308.0,1232.0,4,5,2026-07-27 16:00:00,,0,swd,4,0,4,4,婚纱 BRIDE,True,82,True,61-90天,E,0.8532069272366349,E2a
2026-08-01--2026-08-31,,SWD12445,BRIDE,2024-09-03 11:03:45,上架,,379.0,1137.0,3,19,2026-07-29 00:00:00,2025-03-18,4,swd,4,0,4,2,婚纱 BRIDE,True,726,False,,E,0.836367992333493,E2a
2026-08-01--2026-08-31,,SWD12524,BRIDE,2024-09-05 11:20:48,上架,,169.0,676.0,4,14,2026-08-14 21:38:58,2025-04-21,2,swd,4,0,4,4,婚纱 BRIDE,True,724,False,,E,0.8385584228899993,E2a
2026-08-01--2026-08-31,,SWD10232,BRIDE,2024-08-20 21:20:56,上架,,120.0,480.0,4,10,2026-07-12 21:06:25,,0,swd,4,1,4,4,婚纱 BRIDE,True,740,False,,E,0.8504688890410022,E2a
2026-08-01--2026-08-31,,SWD13365,BRIDE,2026-06-08 09:47:34,上架,,219.0,607.0,3,23,2026-08-17 00:00:00,2026-08-17,10,swd,4,1,4,3,婚纱 BRIDE,True,83,True,61-90天,E,0.8529331234170716,E2a
2026-08-01--2026-08-31,,SWD13360,BRIDE,2026-06-05 12:11:15,上架,,139.0,556.0,4,7,2026-07-13 00:00:00,,0,swd,4,0,4,4,婚纱 BRIDE,True,86,True,61-90天,E,0.8549866520637963,E2a
2026-08-01--2026-08-31,,SWD10289,BRIDE,2024-10-29 15:03:24,上架,,239.0,478.0,2,57,2026-06-02 21:45:38,2026-05-07,6,swd,4,0,4,2,婚纱 BRIDE,True,670,False,,E,0.8460880279279896,E2a
2026-08-01--2026-08-31,,SWD13425,BRIDE,2026-07-07 14:26:49,上架,,245.0,980.0,4,8,2026-07-23 00:00:00,,0,swd,4,0,4,4,婚纱 BRIDE,True,54,True,31-60天,E,0.8255527414607434,E2a
2026-08-01--2026-08-31,,SWD12697,BRIDE,2025-05-16 11:15:07,上架,,149.0,596.0,4,15,2026-07-03 00:00:00,,0,swd,4,0,4,4,婚纱 BRIDE,True,471,False,,E,0.8326716407693887,E2a
2026-08-01--2026-08-31,,SWD12501,BRIDE,2024-09-12 10:36:09,上架,,179.0,716.0,4,8,2026-08-01 11:34:43,,0,swd,4,0,4,4,婚纱 BRIDE,True,717,False,,E,0.8360941885139298,E2a
2026-08-01--2026-08-31,,SWD13423,BRIDE,2026-07-06 16:59:29,上架,,208.0,832.0,4,6,2026-08-12 00:00:00,,0,swd,4,0,4,4,婚纱 BRIDE,True,55,True,31-60天,E,0.8254158395509618,E2a
2026-08-01--2026-08-31,,SWD11616,BRIDE,2024-08-23 14:22:03,上架,,189.0,567.0,3,10,2026-08-24 16:00:00,2026-03-16,2,swd,4,0,4,3,婚纱 BRIDE,True,737,False,,E,0.8277431720172497,E2a
2026-08-01--2026-08-31,,SWD12805,BRIDE,2025-11-04 16:01:46,上架,,129.0,387.0,3,11,2026-07-20 00:00:00,,0,swd,4,0,4,3,婚纱 BRIDE,True,299,False,,E,0.8319871312204805,E2a
2026-08-01--2026-08-31,,SWD10946,BRIDE,2024-08-16 22:05:28,上架,,170.0,680.0,4,29,2026-08-26 00:00:00,2025-12-19,3,swd,4,0,4,4,婚纱 BRIDE,True,744,False,,E,0.8337668560476419,E2a
2026-08-01--2026-08-31,,SWD13353,BRIDE,2026-06-04 18:19:07,上架,,209.0,836.0,4,8,2026-06-14 00:00:00,,0,swd,4,0,4,4,婚纱 BRIDE,True,87,True,61-90天,E,0.8534807310561983,E2a
2026-08-01--2026-08-31,,SWD11596,BRIDE,2024-09-03 12:53:32,上架,,149.0,596.0,4,8,2026-07-13 16:00:00,,0,swd,4,0,4,4,婚纱 BRIDE,True,726,False,,E,0.8278800739270313,E2a
2026-08-01--2026-08-31,,SWD12091,BRIDE,2024-10-29 14:31:51,上架,,169.0,676.0,4,43,2026-06-23 17:30:46,2026-06-24,8,swd,4,0,4,4,婚纱 BRIDE,True,670,False,,E,0.8496474775823123,E2a
2026-08-01--2026-08-31,,SWD12084,BRIDE,2024-08-16 20:24:18,上架,,139.0,556.0,4,40,2026-07-10 00:00:00,,0,swd,4,0,4,4,婚纱 BRIDE,True,744,False,,E,0.8517010062290369,E2a
2026-08-01--2026-08-31,,SWD11503,BRIDE,2024-08-22 17:03:12,上架,,129.0,516.0,4,9,2026-06-10 16:00:00,,0,swd,4,0,4,4,婚纱 BRIDE,True,738,False,,E,0.8507426928605654,E2a
2026-08-01--2026-08-31,,SWD10991,BRIDE,2024-08-16 17:17:36,上架,,139.0,556.0,4,50,2026-08-04 00:00:00,2026-02-24,7,swd,4,0,4,4,婚纱 BRIDE,True,744,False,,E,0.834862071325895,E2a
2026-08-01--2026-08-31,,SWD12405,BRIDE,2024-10-10 17:57:28,上架,,175.0,525.0,3,6,2026-08-08 00:00:00,,0,swd,4,0,4,3,婚纱 BRIDE,True,689,False,,E,0.8432130878225751,E2a
2026-08-01--2026-08-31,,SWD13486,BRIDE,2026-08-07 14:09:16,上架,,390.0,1560.0,4,6,2026-08-16 00:00:00,,0,swd,4,0,4,4,婚纱 BRIDE,True,23,True,≤30天,E,0.8597782189061537,E2a
2026-08-01--2026-08-31,,SWD13484,BRIDE,2026-08-06 11:13:45,下架,2026-08-10 10:35:34,299.0,299.0,1,0,,,0,swd,4,0,4,1,婚纱 BRIDE,False,24,True,≤30天,E,0.8559449654322678,E2a
2026-08-01--2026-08-31,,SWD12072,BRIDE,2024-10-24 12:04:38,上架,,149.0,596.0,4,12,2026-08-04 12:53:05,,0,swd,4,1,4,4,婚纱 BRIDE,True,675,False,,E,0.8515641043192552,E2a
2026-08-01--2026-08-31,,SWD12406,BRIDE,2024-09-18 18:37:43,上架,,179.0,716.0,4,11,2026-07-10 00:00:00,,0,swd,4,0,4,4,婚纱 BRIDE,True,711,False,,E,0.8369155999726197,E2a
2026-08-01--2026-08-31,,SWD12727,BRIDE,2025-08-19 14:21:50,上架,,206.0,824.0,4,12,2026-07-12 16:00:00,,0,swd,4,0,4,4,婚纱 BRIDE,True,376,False,,E,0.8593675131768088,E2a
2026-08-01--2026-08-31,,SWD10494,BRIDE,2024-08-28 10:45:31,上架,,219.0,876.0,4,23,2026-06-23 00:00:00,2026-06-23,9,swd,4,0,4,4,婚纱 BRIDE,True,732,False,,E,0.8404750496269423,E2a
2026-08-01--2026-08-31,,SWD10886,BRIDE,2024-11-29 11:15:16,上架,,120.0,480.0,4,23,2026-08-09 21:30:16,2026-04-12,1,swd,4,1,4,4,婚纱 BRIDE,True,639,False,,E,0.8322609350400438,E2a
2026-08-01--2026-08-31,,SWD13391,BRIDE,2026-06-22 15:04:40,上架,,209.0,836.0,4,9,2026-07-03 16:00:00,,0,swd,4,0,4,4,婚纱 BRIDE,True,69,True,61-90天,E,0.82610034909987,E2a
2026-08-01--2026-08-31,,SWD10864,BRIDE,2024-08-16 07:14:46,上架,,160.0,480.0,3,22,2026-07-02 00:00:00,2026-07-02,8,swd,4,0,4,3,婚纱 BRIDE,True,744,False,,E,0.8323978369498255,E2a
2026-08-01--2026-08-31,,SWD13067,BRIDE,2026-02-09 15:17:18,上架,,189.0,567.0,3,7,2026-07-20 00:00:00,,0,swd,3,2,3,2,婚纱 BRIDE,True,202,False,,E,0.8996509001300568,E2a
2026-08-01--2026-08-31,,SWD12773,BRIDE,2025-09-25 17:12:06,上架,,193.0,579.0,3,17,2026-07-13 00:00:00,,0,swd,3,0,3,2,婚纱 BRIDE,True,339,False,,E,0.8863029639263468,E2a
2026-08-01--2026-08-31,,SWD13025,BRIDE,2026-01-23 14:23:15,上架,,185.0,370.0,2,18,2026-08-26 00:00:00,,0,swd,3,0,3,2,婚纱 BRIDE,True,219,False,,E,0.8936956670545554,E2a
2026-08-01--2026-08-31,,SWD13074,BRIDE,2026-02-09 19:01:33,上架,,139.0,417.0,3,25,2026-08-22 16:00:00,2026-04-27,8,swd,3,2,3,2,婚纱 BRIDE,True,202,False,,E,0.8997535765623931,E2a
2026-08-01--2026-08-31,,SWD12771,BRIDE,2025-09-24 14:27:03,上架,,283.0,849.0,3,26,2026-08-20 16:00:00,,0,swd,3,0,3,3,婚纱 BRIDE,True,340,False,,E,0.8839414059826135,E2a
2026-08-01--2026-08-31,,SWD10657,BRIDE,2024-11-15 16:54:47,上架,,179.0,537.0,3,29,2026-07-29 22:33:03,2025-06-26,3,swd,3,0,3,3,婚纱 BRIDE,True,653,False,,E,0.8888698747347525,E2a
2026-08-01--2026-08-31,,SWD12740,BRIDE,2025-09-03 11:52:08,上架,,349.0,1047.0,3,8,2026-07-06 18:36:04,,0,swd,3,0,3,3,婚纱 BRIDE,True,361,False,,E,0.8866109932233555,E2a
2026-08-01--2026-08-31,,SWD10424,BRIDE,2024-08-27 10:30:51,上架,,139.0,417.0,3,25,2026-08-07 00:00:00,,0,swd,3,0,3,3,婚纱 BRIDE,True,733,False,,E,0.8932849613252105,E2a
2026-08-01--2026-08-31,,SWD11086,BRIDE,2024-08-22 16:54:24,上架,,179.0,537.0,3,12,2026-08-15 16:00:00,2026-04-27,1,swd,3,0,3,3,婚纱 BRIDE,True,738,False,,E,0.8769594085837498,E2a
2026-08-01--2026-08-31,,SWD10707,BRIDE,2024-08-16 22:33:00,上架,,199.0,597.0,3,10,2024-10-07 03:06:34,,0,swd,3,0,3,3,婚纱 BRIDE,True,744,False,,E,0.8898966390581149,E2a
2026-08-01--2026-08-31,,SWD10463,BRIDE,2024-08-19 18:18:20,上架,,149.0,447.0,3,32,2024-05-10 00:00:00,,0,swd,3,0,3,3,婚纱 BRIDE,True,741,False,,E,0.8948251078102539,E2a
2026-08-01--2026-08-31,,SWD11004,BRIDE,2024-08-23 14:52:07,上架,,189.0,567.0,3,13,2026-06-20 15:24:25,2025-07-12,3,swd,3,0,3,3,婚纱 BRIDE,True,737,False,,E,0.8751112328016976,E2a
2026-08-01--2026-08-31,,SWD12917,BRIDE,2025-12-02 18:38:20,上架,,139.0,417.0,3,4,2026-07-02 00:00:00,,0,swd,3,0,3,3,婚纱 BRIDE,True,271,False,,E,0.8903073447874598,E2a
2026-08-01--2026-08-31,,SWD10845,BRIDE,2024-08-16 06:19:03,上架,,149.0,447.0,3,37,2026-07-27 16:24:36,2025-01-14,1,swd,3,0,3,3,婚纱 BRIDE,True,744,False,,E,0.8878431104113902,E2a
2026-08-01--2026-08-31,,SWD10992,BRIDE,2023-05-19 16:46:08,上架,,169.0,507.0,3,106,2026-06-12 13:42:29,2026-04-16,22,swd,3,0,3,3,婚纱 BRIDE,True,1199,False,,E,0.8835307002532685,E2a
2026-08-01--2026-08-31,,SWD10862,BRIDE,2024-08-29 14:38:39,上架,,259.0,777.0,3,18,2026-07-14 00:00:00,,0,swd,3,0,3,3,婚纱 BRIDE,True,731,False,,E,0.8826066123622425,E2a
2026-08-01--2026-08-31,,SWD10982,BRIDE,2024-08-29 14:42:27,上架,,175.0,525.0,3,3,2026-08-15 00:00:00,,0,swd,3,0,3,3,婚纱 BRIDE,True,731,False,,E,0.8738791156136628,E2a
2026-08-01--2026-08-31,,SWD12815,BRIDE,2025-11-04 16:04:13,上架,,199.0,597.0,3,13,2026-07-04 00:00:00,2025-12-28,5,swd,3,1,3,3,婚纱 BRIDE,True,299,False,,E,0.8874324046820453,E2a
2026-08-01--2026-08-31,,SWD13229,BRIDE,2026-04-03 15:03:23,上架,,199.0,597.0,3,15,2026-07-15 16:00:00,2026-05-02,11,swd,3,1,3,3,婚纱 BRIDE,True,149,False,,E,0.8969813128893148,E2a
2026-08-01--2026-08-31,,SWD12823,BRIDE,2025-11-13 16:14:55,上架,,229.0,687.0,3,15,2026-08-26 00:00:00,,0,swd,3,0,3,3,婚纱 BRIDE,True,290,False,,E,0.8875350811143815,E2a
2026-08-01--2026-08-31,,SWD10888,BRIDE,2024-08-21 18:52:11,上架,,120.0,240.0,2,7,2026-07-04 00:00:00,,0,swd,3,0,3,2,婚纱 BRIDE,True,739,False,,E,0.8825039359299062,E2a
2026-08-01--2026-08-31,,SWD13160,BRIDE,2026-03-06 10:04:27,上架,,409.0,1227.0,3,8,2026-06-10 00:00:00,2026-06-10,1,swd,3,0,3,3,婚纱 BRIDE,True,177,False,,E,0.8943117256485728,E2a
2026-08-01--2026-08-31,,SWD10899,BRIDE,2024-08-23 14:50:45,上架,,159.0,477.0,3,8,2026-07-22 16:00:00,,0,swd,3,1,3,3,婚纱 BRIDE,True,737,False,,E,0.88240125949757,E2a
2026-08-01--2026-08-31,,SWD12868,BRIDE,2025-11-13 16:13:40,上架,,379.0,1137.0,3,10,2026-08-07 16:00:00,2026-04-30,3,swd,3,0,3,3,婚纱 BRIDE,True,290,False,,E,0.8872270518173728,E2a
2026-08-01--2026-08-31,,SWD10931,BRIDE,2024-08-20 20:37:13,上架,,188.0,564.0,3,9,2026-08-13 12:28:11,,0,swd,3,0,3,3,婚纱 BRIDE,True,740,False,,E,0.8836333766856047,E2a
2026-08-01--2026-08-31,,SWD10496,BRIDE,2024-08-19 21:23:05,上架,,159.0,477.0,3,14,2026-07-24 16:00:00,,0,swd,3,1,3,3,婚纱 BRIDE,True,741,False,,E,0.8924635498665207,E2a
2026-08-01--2026-08-31,,SWD12847,BRIDE,2025-11-13 16:11:42,上架,,259.0,777.0,3,29,2026-07-28 00:00:00,2026-07-16,9,swd,3,1,3,3,婚纱 BRIDE,True,290,False,,E,0.8873297282497091,E2a
2026-08-01--2026-08-31,,SWD13191,BRIDE,2026-04-07 14:03:50,上架,,159.0,318.0,2,19,2026-06-30 00:00:00,2026-06-30,8,swd,3,0,3,2,婚纱 BRIDE,True,145,False,,E,0.897083989321651,E2a
2026-08-01--2026-08-31,,SWD10606,BRIDE,2024-08-16 19:23:54,上架,,149.0,447.0,3,17,2026-08-04 00:00:00,2025-11-09,9,swd,3,0,3,3,婚纱 BRIDE,True,744,False,,E,0.8889725511670887,E2a
2026-08-01--2026-08-31,,SWD13091,BRIDE,2026-02-10 16:17:23,上架,,219.0,438.0,2,9,2026-07-07 21:08:03,,0,swd,3,0,3,3,婚纱 BRIDE,True,201,False,,E,0.8995482236977206,E2a
2026-08-01--2026-08-31,,SWD13014,BRIDE,2026-01-16 16:33:53,上架,,139.0,417.0,3,11,2026-06-07 16:00:00,,0,swd,3,0,3,3,婚纱 BRIDE,True,226,False,,E,0.8935929906222192,E2a
2026-08-01--2026-08-31,,SWD13013,BRIDE,2026-01-16 16:03:58,上架,,169.0,507.0,3,13,2026-07-15 00:00:00,,0,swd,3,0,3,3,婚纱 BRIDE,True,226,False,,E,0.8966732835923061,E2a
2026-08-01--2026-08-31,,SWD11038,BRIDE,2024-11-12 17:29:03,上架,,159.0,477.0,3,54,2026-08-20 00:00:00,2026-08-20,14,swd,3,0,3,3,婚纱 BRIDE,True,656,False,,E,0.8750085563693614,E2a
2026-08-01--2026-08-31,,SWD10757,BRIDE,2024-08-19 17:48:06,上架,,350.0,700.0,2,10,2026-07-18 11:31:45,,0,swd,3,1,3,2,婚纱 BRIDE,True,741,False,,E,0.8853788760353207,E2a
2026-08-01--2026-08-31,,SWD12779,BRIDE,2025-10-08 11:43:18,上架,,249.0,747.0,3,22,2026-07-06 00:00:00,2026-02-20,4,swd,3,0,3,3,婚纱 BRIDE,True,326,False,,E,0.886405640358683,E2a
2026-08-01--2026-08-31,,SWD12984,BRIDE,2026-01-06 10:55:52,上架,,309.0,927.0,3,14,2026-07-02 16:00:00,,0,swd,3,0,3,3,婚纱 BRIDE,True,236,False,,E,0.8937983434868917,E2a
2026-08-01--2026-08-31,,SWD13134,BRIDE,2026-03-12 14:00:50,上架,,229.0,687.0,3,11,2026-07-20 22:53:22,2026-07-21,6,swd,3,0,3,3,婚纱 BRIDE,True,171,False,,E,0.8993428708330481,E2a
2026-08-01--2026-08-31,,SWD11018,BRIDE,2024-08-16 16:25:05,上架,,139.0,417.0,3,44,2026-08-09 00:00:00,,0,swd,3,0,3,3,婚纱 BRIDE,True,744,False,,E,0.8754192620987062,E2a
2026-08-01--2026-08-31,,SWD11015,BRIDE,2024-08-19 21:01:03,上架,,155.0,465.0,3,9,2026-08-25 16:00:00,,0,swd,3,0,3,3,婚纱 BRIDE,True,741,False,,E,0.87531658566637,E2a
2026-08-01--2026-08-31,,SWD10453,BRIDE,2024-08-21 11:49:16,上架,,128.0,384.0,3,12,2026-08-13 00:00:00,,0,swd,3,0,3,3,婚纱 BRIDE,True,739,False,,E,0.8947224313779177,E2a
2026-08-01--2026-08-31,,SWD13119,BRIDE,2026-03-12 13:01:20,上架,,159.0,477.0,3,7,2026-08-03 16:00:00,,0,swd,3,0,3,3,婚纱 BRIDE,True,171,False,,E,0.8994455472653844,E2a
2026-08-01--2026-08-31,,SWD11013,BRIDE,2024-08-16 16:16:11,上架,,149.0,447.0,3,30,2026-07-06 00:00:00,2026-07-06,8,swd,3,0,3,3,婚纱 BRIDE,True,744,False,,E,0.8752139092340339,E2a
2026-08-01--2026-08-31,,SWD10563,BRIDE,2024-08-21 12:04:18,上架,,149.0,447.0,3,16,2026-07-14 00:00:00,,0,swd,3,1,3,3,婚纱 BRIDE,True,739,False,,E,0.8923608734341844,E2a
2026-08-01--2026-08-31,,SWD10559,BRIDE,2024-08-16 12:34:36,上架,,149.0,447.0,3,23,2026-08-17 09:16:01,,0,swd,3,0,3,3,婚纱 BRIDE,True,744,False,,E,0.8922581970018482,E2a
2026-08-01--2026-08-31,,SWD10556,BRIDE,2024-08-16 16:06:56,上架,,159.0,477.0,3,25,2026-07-05 20:24:57,,0,swd,3,0,3,3,婚纱 BRIDE,True,744,False,,E,0.892155520569512,E2a
2026-08-01--2026-08-31,,SWD10827,BRIDE,2024-08-29 14:34:30,上架,,158.0,474.0,3,18,2026-07-16 00:00:00,,0,swd,3,0,3,3,婚纱 BRIDE,True,731,False,,E,0.8869190225203641,E2a
2026-08-01--2026-08-31,,SWD10773,BRIDE,2024-08-21 11:16:28,上架,,220.0,660.0,3,5,2026-07-26 00:00:00,,0,swd,3,1,3,3,婚纱 BRIDE,True,739,False,,E,0.8854815524676569,E2a
2026-08-01--2026-08-31,,SWD10163,BRIDE,2024-11-15 17:10:50,上架,,135.0,405.0,3,39,2026-07-26 12:55:38,2026-07-19,6,swd,3,0,3,3,婚纱 BRIDE,True,653,False,,E,0.8977000479156684,E2a
2026-08-01--2026-08-31,,SWD11622,BRIDE,2024-08-22 13:54:33,上架,,175.0,350.0,2,12,2026-07-19 16:00:00,,0,swd,3,0,3,2,婚纱 BRIDE,True,738,False,,E,0.904579368882196,E2a
2026-08-01--2026-08-31,,SWD10173,BRIDE,2024-08-16 06:35:35,上架,,180.0,540.0,3,37,2026-07-16 00:00:00,,0,swd,3,0,3,3,婚纱 BRIDE,True,744,False,,E,0.865973030323773,E2a
2026-08-01--2026-08-31,,SWD11600,BRIDE,2024-08-16 06:06:15,上架,,219.0,657.0,3,40,2026-07-13 20:37:51,2026-03-17,6,swd,3,0,3,3,婚纱 BRIDE,True,744,False,,E,0.9047847217468684,E2a
2026-08-01--2026-08-31,,SWD11598,BRIDE,2024-08-21 10:54:20,上架,,179.0,537.0,3,15,2026-08-23 16:00:00,,0,swd,3,0,3,3,婚纱 BRIDE,True,739,False,,E,0.904682045314532,E2a
2026-08-01--2026-08-31,,SWD12366,BRIDE,2024-10-09 18:11:46,上架,,159.0,477.0,3,8,2026-06-29 21:09:46,,0,swd,3,0,3,3,婚纱 BRIDE,True,690,False,,E,0.8799370251215004,E2a
2026-08-01--2026-08-31,,SWD12398,BRIDE,2024-09-02 17:38:50,上架,,219.0,657.0,3,9,2026-08-11 00:00:00,,0,swd,3,0,3,3,婚纱 BRIDE,True,727,False,,E,0.8800397015538367,E2a
2026-08-01--2026-08-31,,SWD11539,BRIDE,2024-08-21 19:12:46,上架,,229.0,687.0,3,16,2026-07-16 16:00:00,,0,swd,3,0,3,3,婚纱 BRIDE,True,739,False,,E,0.8687452939968513,E2a
2026-08-01--2026-08-31,,SWD10200,BRIDE,2024-08-19 21:23:23,上架,,289.0,867.0,3,23,2026-08-16 00:00:00,2026-08-16,16,swd,3,0,3,3,婚纱 BRIDE,True,741,False,,E,0.8992401944007119,E2a
2026-08-01--2026-08-31,,SWD11498,BRIDE,2024-08-27 18:31:57,上架,,195.0,585.0,3,4,2026-06-26 00:00:00,,0,swd,3,1,3,3,婚纱 BRIDE,True,733,False,,E,0.8688479704291875,E2a
2026-08-01--2026-08-31,,SWD12435,BRIDE,2024-11-12 11:30:51,上架,,209.0,627.0,3,21,2026-08-08 00:00:00,,0,swd,3,0,3,3,婚纱 BRIDE,True,656,False,,E,0.8766513792867411,E2a
2026-08-01--2026-08-31,,SWD10231,BRIDE,2024-08-16 19:16:10,上架,,120.0,360.0,3,33,2026-06-08 00:00:00,2022-10-08,2,swd,3,0,3,3,婚纱 BRIDE,True,744,False,,E,0.8991375179683757,E2a
2026-08-01--2026-08-31,,SWD12576,BRIDE,2024-11-28 18:36:48,上架,,189.0,378.0,2,6,2026-06-11 00:00:00,,0,swd,3,0,3,2,婚纱 BRIDE,True,640,False,,E,0.8775754671777671,E2a
2026-08-01--2026-08-31,,SWD12452,BRIDE,2024-09-12 13:15:27,上架,,139.0,417.0,3,29,2026-06-16 00:00:00,2026-06-16,3,swd,3,1,3,3,婚纱 BRIDE,True,717,False,,E,0.8764460264220686,E2a
2026-08-01--2026-08-31,,SWD11467,BRIDE,2024-08-16 08:06:59,上架,,219.0,438.0,2,38,2026-06-02 00:00:00,2025-06-23,2,swd,3,0,3,2,婚纱 BRIDE,True,744,False,,E,0.9056061332055584,E2a
2026-08-01--2026-08-31,,SWD11462,BRIDE,2024-08-16 18:18:04,上架,,179.0,537.0,3,9,2026-07-31 16:11:08,,0,swd,3,0,3,3,婚纱 BRIDE,True,744,False,,E,0.8673078239441441,E2a
2026-08-01--2026-08-31,,SWD12468,BRIDE,2024-10-06 10:57:58,上架,,189.0,378.0,2,0,,,0,swd,3,0,3,2,婚纱 BRIDE,True,693,False,,E,0.8765487028544048,E2a
2026-08-01--2026-08-31,,SWD10265,BRIDE,2024-08-19 21:23:14,上架,,229.0,687.0,3,6,2026-07-28 09:20:37,,0,swd,3,0,3,3,婚纱 BRIDE,True,741,False,,E,0.8987268122390307,E2a
2026-08-01--2026-08-31,,SWD13335,BRIDE,2026-06-01 18:06:32,上架,,139.0,417.0,3,7,2026-08-08 00:00:00,,0,swd,3,0,3,3,婚纱 BRIDE,True,90,True,61-90天,E,0.8657676774591005,E2a
2026-08-01--2026-08-31,,SWD11398,BRIDE,2024-11-15 17:15:13,上架,,129.0,387.0,3,44,2026-07-28 00:00:00,2025-02-15,13,swd,3,0,3,3,婚纱 BRIDE,True,653,False,,E,0.8689506468615237,E2a
2026-08-01--2026-08-31,,SWD12533,BRIDE,2024-09-05 11:24:33,上架,,169.0,507.0,3,12,2026-07-14 00:00:00,,0,swd,3,0,3,3,婚纱 BRIDE,True,724,False,,E,0.8776781436101033,E2a
2026-08-01--2026-08-31,,SWD11338,BRIDE,2024-11-07 14:24:57,上架,,149.0,298.0,2,14,2026-07-08 00:00:00,,0,swd,3,0,3,2,婚纱 BRIDE,True,661,False,,E,0.86905332329386,E2a
2026-08-01--2026-08-31,,SWD11320,BRIDE,2024-08-20 16:22:08,上架,,159.0,477.0,3,17,2026-08-10 21:25:10,,0,swd,3,0,3,3,婚纱 BRIDE,True,740,False,,E,0.8691559997261962,E2a
2026-08-01--2026-08-31,,SWD11315,BRIDE,2024-09-04 12:02:25,上架,,159.0,318.0,2,0,,,0,swd,3,0,3,2,婚纱 BRIDE,True,725,False,,E,0.8728523512903005,E2a
2026-08-01--2026-08-31,,SWD10309,BRIDE,2024-08-16 22:49:11,上架,,180.0,540.0,3,9,2026-07-04 16:20:18,,0,swd,3,0,3,2,婚纱 BRIDE,True,744,False,,E,0.8956465192689438,E2a
2026-08-01--2026-08-31,,SWD11477,BRIDE,2024-08-16 16:07:04,上架,,159.0,477.0,3,34,2026-08-05 15:25:17,2026-03-19,8,swd,3,0,3,3,婚纱 BRIDE,True,744,False,,E,0.9057088096378944,E2a
2026-08-01--2026-08-31,,SWD12029,BRIDE,2024-08-20 14:49:54,上架,,229.0,687.0,3,6,2026-06-28 09:21:36,,0,swd,3,0,3,3,婚纱 BRIDE,True,740,False,,E,0.8675131768088165,E2a
2026-08-01--2026-08-31,,SWD12020,BRIDE,2024-08-30 16:41:36,上架,,189.0,567.0,3,8,2026-07-14 00:00:00,,0,swd,3,0,3,3,婚纱 BRIDE,True,730,False,,E,0.8674105003764803,E2a
2026-08-01--2026-08-31,,SWD11924,BRIDE,2024-08-29 14:18:30,上架,,179.0,537.0,3,1,2026-04-05 00:00:00,,0,swd,3,0,3,3,婚纱 BRIDE,True,731,False,,E,0.9041686631528508,E2a
2026-08-01--2026-08-31,,SWD11917,BRIDE,2024-08-19 19:19:58,上架,,139.0,417.0,3,18,2026-07-04 00:00:00,2025-04-29,3,swd,3,2,3,3,婚纱 BRIDE,True,741,False,,E,0.9040659867205147,E2a
2026-08-01--2026-08-31,,SWD11916,BRIDE,2024-09-03 16:15:04,上架,,139.0,278.0,2,8,2026-07-20 16:00:00,,0,swd,3,0,3,2,婚纱 BRIDE,True,726,False,,E,0.9039633102881786,E2a
2026-08-01--2026-08-31,,SWD11887,BRIDE,2024-08-22 14:10:34,上架,,159.0,477.0,3,13,2026-08-11 16:00:00,,0,swd,3,0,3,3,婚纱 BRIDE,True,738,False,,E,0.8697720583202135,E2a
2026-08-01--2026-08-31,,SWD11820,BRIDE,2024-08-22 14:03:37,上架,,219.0,657.0,3,12,2026-05-29 00:00:00,,0,swd,3,0,3,3,婚纱 BRIDE,True,738,False,,E,0.9060168389349031,E2a
2026-08-01--2026-08-31,,SWD12192,BRIDE,2024-09-09 18:45:21,上架,,169.0,507.0,3,15,2026-08-18 00:00:00,,0,swd,3,0,3,3,婚纱 BRIDE,True,720,False,,E,0.8723389691286193,E2a
2026-08-01--2026-08-31,,SWD11805,BRIDE,2024-08-23 14:30:46,上架,,249.0,498.0,2,10,2026-07-14 00:00:00,,0,swd,3,0,3,2,婚纱 BRIDE,True,737,False,,E,0.905914162502567,E2a
2026-08-01--2026-08-31,,SWD11794,BRIDE,2024-08-29 12:15:07,上架,,179.0,537.0,3,7,2026-07-19 16:00:00,,0,swd,3,2,3,2,婚纱 BRIDE,True,731,False,,E,0.9062221917995756,E2a
2026-08-01--2026-08-31,,SWD11793,BRIDE,2024-08-26 17:43:15,上架,,249.0,747.0,3,9,2026-07-03 16:00:00,,0,swd,3,0,3,3,婚纱 BRIDE,True,734,False,,E,0.9061195153672392,E2a
2026-08-01--2026-08-31,,SWD12213,BRIDE,2024-08-21 10:23:50,上架,,309.0,927.0,3,21,2026-07-26 00:00:00,,0,swd,3,0,3,3,婚纱 BRIDE,True,739,False,,E,0.8724416455609556,E2a
2026-08-01--2026-08-31,,SWD12330,BRIDE,2024-08-23 13:47:41,上架,,179.0,537.0,3,25,2026-08-27 00:00:00,,0,swd,3,0,3,3,婚纱 BRIDE,True,737,False,,E,0.8801423779861729,E2a
2026-08-01--2026-08-31,,SWD11748,BRIDE,2024-10-29 14:31:15,上架,,179.0,537.0,3,61,2026-07-31 14:13:58,2026-06-01,4,swd,3,0,3,3,婚纱 BRIDE,True,670,False,,E,0.9051954274762132,E2a
2026-08-01--2026-08-31,,SWD13456,BRIDE,2026-07-27 17:37:50,下架,2026-08-12 10:02:43,350.0,1050.0,3,6,2026-08-13 00:00:00,,0,swd,3,0,3,3,婚纱 BRIDE,False,34,True,31-60天,E,0.8638168252447121,E2a
2026-08-01--2026-08-31,,SWD11725,BRIDE,2024-08-21 18:21:00,上架,,229.0,687.0,3,13,2026-08-13 00:00:00,,0,swd,3,0,3,3,婚纱 BRIDE,True,739,False,,E,0.9050927510438772,E2a
2026-08-01--2026-08-31,,SWD13450,BRIDE,2026-07-23 10:07:50,上架,,89.0,267.0,3,6,2026-08-25 00:00:00,,0,swd,3,0,3,3,婚纱 BRIDE,True,38,True,31-60天,E,0.863714148812376,E2a
2026-08-01--2026-08-31,,SWD12269,BRIDE,2024-08-27 17:44:30,上架,,169.0,338.0,2,16,2026-08-11 16:00:00,2025-07-23,3,swd,3,0,3,2,婚纱 BRIDE,True,733,False,,E,0.8722362926962831,E2a
2026-08-01--2026-08-31,,SWD10131,BRIDE,2024-08-19 18:21:46,上架,,139.0,417.0,3,10,2026-07-15 00:00:00,2023-03-16,2,swd,3,0,3,3,婚纱 BRIDE,True,741,False,,E,0.8648435895680745,E2a
2026-08-01--2026-08-31,,SWD10133,BRIDE,2024-08-20 16:40:28,上架,,185.0,555.0,3,18,2026-06-16 16:00:00,,0,swd,3,0,3,3,婚纱 BRIDE,True,740,False,,E,0.8641248545417208,E2a
2026-08-01--2026-08-31,,SWD11678,BRIDE,2024-08-21 18:27:34,上架,,289.0,867.0,3,18,2026-04-24 00:00:00,,0,swd,3,0,3,3,婚纱 BRIDE,True,739,False,,E,0.9058114860702308,E2a
2026-08-01--2026-08-31,,SWD11659,BRIDE,2024-08-22 13:55:24,上架,,149.0,298.0,2,17,2026-08-17 16:00:00,2025-05-13,5,swd,3,0,3,2,婚纱 BRIDE,True,738,False,,E,0.9044766924498596,E2a
2026-08-01--2026-08-31,,SWD13436,BRIDE,2026-07-31 18:28:25,上架,,219.0,657.0,3,6,2026-08-10 16:00:00,,0,swd,3,0,3,3,婚纱 BRIDE,True,30,True,≤30天,E,0.8636114723800397,E2a
2026-08-01--2026-08-31,,SWD13434,BRIDE,2026-07-13 09:40:31,上架,,240.0,629.0,3,9,2026-07-26 16:00:00,,0,swd,3,0,3,3,婚纱 BRIDE,True,48,True,31-60天,E,0.8635087959477035,E2a
2026-08-01--2026-08-31,,SWD13428,BRIDE,2026-07-08 19:49:16,上架,,255.0,765.0,3,5,2026-07-11 00:00:00,,0,swd,3,1,3,3,婚纱 BRIDE,True,53,True,31-60天,E,0.8634061195153673,E2a
2026-08-01--2026-08-31,,SWD12217,BRIDE,2024-08-22 13:03:40,上架,,289.0,578.0,2,29,2026-08-17 00:00:00,2026-08-17,2,swd,3,0,3,2,婚纱 BRIDE,True,738,False,,E,0.8706961462112397,E2a
2026-08-01--2026-08-31,,SWD11228,BRIDE,2024-08-26 18:35:02,上架,,149.0,447.0,3,10,2026-07-30 14:08:26,,0,swd,3,0,3,3,婚纱 BRIDE,True,734,False,,E,0.8716202341022657,E2a
2026-08-01--2026-08-31,,SWD12626,BRIDE,2024-12-05 15:25:08,上架,,179.0,537.0,3,16,2026-08-06 00:00:00,,0,swd,3,0,3,3,婚纱 BRIDE,True,633,False,,E,0.8782942022041208,E2a
2026-08-01--2026-08-31,,SWD12711,BRIDE,2025-08-01 15:58:18,上架,,189.0,567.0,3,6,2026-07-19 10:28:38,,0,swd,3,0,3,3,婚纱 BRIDE,True,394,False,,E,0.8849681703059757,E2a
2026-08-01--2026-08-31,,SWD12630,BRIDE,2024-12-05 15:25:57,上架,,169.0,507.0,3,5,2026-06-26 00:00:00,,0,swd,3,1,3,3,婚纱 BRIDE,True,633,False,,E,0.878396878636457,E2a
2026-08-01--2026-08-31,,SWD13281,BRIDE,2026-05-08 10:25:09,上架,,299.0,897.0,3,13,2026-07-01 00:00:00,2026-07-01,13,swd,3,0,3,3,婚纱 BRIDE,True,114,False,,E,0.9033472516941612,E2a
2026-08-01--2026-08-31,,SWD10334,BRIDE,2024-08-20 19:05:40,上架,,139.0,417.0,3,11,2026-06-03 00:00:00,,0,swd,3,0,3,3,婚纱 BRIDE,True,740,False,,E,0.8955438428366076,E2a
2026-08-01--2026-08-31,,SWD12714,BRIDE,2025-08-04 15:23:08,上架,,369.0,1107.0,3,14,2026-08-11 00:00:00,2026-08-10,5,swd,3,0,3,3,婚纱 BRIDE,True,391,False,,E,0.885070846738312,E2a
2026-08-01--2026-08-31,,SWD12614,BRIDE,2024-12-05 15:22:30,上架,,169.0,338.0,2,9,2026-07-12 00:00:00,,0,swd,3,1,3,2,婚纱 BRIDE,True,633,False,,E,0.8774727907454309,E2a
2026-08-01--2026-08-31,,SWD12646,BRIDE,2024-12-16 09:24:33,上架,,189.0,567.0,3,29,2026-07-11 00:00:00,2026-06-12,4,swd,3,0,3,3,婚纱 BRIDE,True,622,False,,E,0.8805530837155179,E2a
2026-08-01--2026-08-31,,SWD10395,BRIDE,2024-11-28 17:46:54,上架,,159.0,477.0,3,34,2026-06-29 18:35:19,2025-07-29,4,swd,3,0,3,3,婚纱 BRIDE,True,640,False,,E,0.8931822848928742,E2a
2026-08-01--2026-08-31,,SWD10357,BRIDE,2024-11-19 16:12:10,上架,,155.0,310.0,2,51,2026-07-13 00:00:00,,0,swd,3,0,3,2,婚纱 BRIDE,True,649,False,,E,0.8967759600246423,E2a
2026-08-01--2026-08-31,,SWD11251,BRIDE,2024-08-21 19:03:33,上架,,199.0,398.0,2,10,2026-08-08 16:23:54,,0,swd,3,0,3,2,婚纱 BRIDE,True,739,False,,E,0.8715175576699294,E2a
2026-08-01--2026-08-31,,SWD11132,BRIDE,2024-08-29 15:06:42,上架,,149.0,447.0,3,6,2026-07-31 16:00:00,,0,swd,3,1,3,3,婚纱 BRIDE,True,731,False,,E,0.8768567321514135,E2a
2026-08-01--2026-08-31,,SWD11264,BRIDE,2024-08-20 18:33:18,上架,,189.0,567.0,3,4,2026-07-14 19:20:57,,0,swd,3,0,3,3,婚纱 BRIDE,True,740,False,,E,0.8729550277226368,E2a
2026-08-01--2026-08-31,,SWD10367,BRIDE,2024-08-19 17:23:31,上架,,129.0,387.0,3,37,2026-08-19 00:00:00,,0,swd,3,0,3,3,婚纱 BRIDE,True,741,False,,E,0.8933876377575467,E2a
2026-08-01--2026-08-31,,SWD11170,BRIDE,2024-08-16 17:25:57,上架,,139.0,417.0,3,32,2026-07-23 00:00:00,,0,swd,3,1,3,3,婚纱 BRIDE,True,744,False,,E,0.8767540557190773,E2a
2026-08-01--2026-08-31,,SWD12669,BRIDE,2024-12-30 14:41:40,上架,,179.0,537.0,3,14,2026-06-01 00:00:00,2026-05-30,4,swd,3,0,3,3,婚纱 BRIDE,True,608,False,,E,0.8781915257717845,E2a
2026-08-01--2026-08-31,,SWD13273,BRIDE,2026-04-30 16:14:27,上架,,159.0,477.0,3,12,2026-08-22 16:00:00,2026-05-25,8,swd,3,0,3,3,婚纱 BRIDE,True,122,False,,E,0.9022178109384624,E2a
2026-08-01--2026-08-31,,SWD13062,BRIDE,2026-02-06 10:45:07,上架,,159.0,477.0,3,18,2026-07-08 10:23:36,2026-07-08,10,swd,3,0,3,3,婚纱 BRIDE,True,205,False,,E,0.8998562529947293,E2a
2026-08-01--2026-08-31,,SWD12586,BRIDE,2024-11-29 20:10:25,上架,,189.0,567.0,3,8,2026-07-16 00:00:00,,0,swd,3,0,3,3,婚纱 BRIDE,True,639,False,,E,0.8773701143130946,E2a
2026-08-01--2026-08-31,,SWD11280,BRIDE,2024-08-29 15:42:15,上架,,149.0,447.0,3,10,2025-02-13 03:18:08,,0,swd,3,0,3,3,婚纱 BRIDE,True,731,False,,E,0.8714148812375933,E2a
2026-08-01--2026-08-31,,SWD11101,BRIDE,2024-09-04 11:41:19,上架,,229.0,687.0,3,11,2026-05-29 16:00:00,,0,swd,3,0,3,3,婚纱 BRIDE,True,725,False,,E,0.877062085016086,E2a
2026-08-01--2026-08-31,,SWD12721,BRIDE,2025-08-12 12:31:30,上架,,169.0,507.0,3,4,2026-08-14 00:00:00,,0,swd,3,0,3,3,婚纱 BRIDE,True,383,False,,E,0.8865083167910193,E2a
2026-08-01--2026-08-31,,SWD13300,BRIDE,2026-05-09 11:22:43,上架,,245.0,735.0,3,9,2026-08-20 16:00:00,,0,swd,3,0,3,3,婚纱 BRIDE,True,113,False,,E,0.9018071052091176,E2a
2026-08-01--2026-08-31,,SWD12189,BRIDE,2024-08-27 17:12:34,上架,,209.0,209.0,1,8,2026-07-08 00:00:00,,0,swd,2,0,2,1,婚纱 BRIDE,True,733,False,,E,0.9256622629885688,E2a
2026-08-01--2026-08-31,,SWD10791,BRIDE,2024-08-21 11:15:45,上架,,209.0,418.0,2,4,2026-06-02 00:00:00,2026-03-31,2,swd,2,0,2,2,婚纱 BRIDE,True,739,False,,E,0.9403107673352044,E2a
2026-08-01--2026-08-31,,SWD13000,BRIDE,2026-01-14 16:43:24,上架,,109.0,218.0,2,7,2026-07-02 00:00:00,2026-01-26,1,swd,2,0,2,2,婚纱 BRIDE,True,228,False,,E,0.9149154630707098,E2a
2026-08-01--2026-08-31,,SWD12957,BRIDE,2025-12-26 18:55:51,上架,,193.0,386.0,2,8,2026-06-18 00:00:00,2026-06-18,7,swd,2,0,2,2,婚纱 BRIDE,True,247,False,,E,0.915599972619618,E2a
2026-08-01--2026-08-31,,SWD12997,BRIDE,2026-01-13 14:25:26,上架,,139.0,278.0,2,5,2026-08-21 00:00:00,,0,swd,2,0,2,2,婚纱 BRIDE,True,229,False,,E,0.9153261688000548,E2a
2026-08-01--2026-08-31,,SWD11715,BRIDE,2024-08-23 14:25:46,上架,,159.0,318.0,2,7,2026-06-01 16:00:00,,0,swd,2,0,2,2,婚纱 BRIDE,True,737,False,,E,0.930864535560271,E2a
2026-08-01--2026-08-31,,SWD11070,BRIDE,2024-09-04 11:35:29,上架,,159.0,318.0,2,10,2026-06-16 17:07:49,,0,swd,2,1,2,2,婚纱 BRIDE,True,725,False,,E,0.9390101991922788,E2a
2026-08-01--2026-08-31,,SWD12195,BRIDE,2024-08-26 16:45:03,上架,,179.0,358.0,2,6,2026-07-07 16:00:00,,0,swd,2,0,2,2,婚纱 BRIDE,True,734,False,,E,0.9257307139434596,E2a
2026-08-01--2026-08-31,,SWD10747,BRIDE,2024-09-03 16:32:02,上架,,159.0,318.0,2,12,2026-07-06 16:00:00,,0,swd,2,0,2,2,婚纱 BRIDE,True,726,False,,E,0.9415428845232392,E2a
2026-08-01--2026-08-31,,SWD10797,BRIDE,2024-08-19 16:03:56,上架,,168.0,336.0,2,25,2026-05-05 17:09:47,,0,swd,2,0,2,2,婚纱 BRIDE,True,741,False,,E,0.940447669244986,E2a
2026-08-01--2026-08-31,,SWD11822,BRIDE,2024-08-23 14:32:53,上架,,149.0,298.0,2,6,2026-08-07 00:00:00,,0,swd,2,0,2,2,婚纱 BRIDE,True,737,False,,E,0.9291532616880004,E2a
2026-08-01--2026-08-31,,SWD12751,BRIDE,2025-09-12 15:05:51,上架,,179.0,358.0,2,3,2026-04-24 00:00:00,,0,swd,2,0,2,2,婚纱 BRIDE,True,352,False,,E,0.9183380108152508,E2a
2026-08-01--2026-08-31,,SWD12958,BRIDE,2025-12-29 10:40:47,上架,,169.0,338.0,2,17,2026-08-25 00:00:00,,0,swd,2,0,2,2,婚纱 BRIDE,True,244,False,,E,0.9156684235745088,E2a
2026-08-01--2026-08-31,,SWD12202,BRIDE,2024-08-23 13:11:47,上架,,139.0,278.0,2,6,2026-08-19 00:00:00,,0,swd,2,1,2,2,婚纱 BRIDE,True,737,False,,E,0.9257991648983503,E2a
2026-08-01--2026-08-31,,SWD12210,BRIDE,2024-08-23 13:11:39,上架,,240.0,480.0,2,8,2026-07-24 12:11:29,,0,swd,2,0,2,2,婚纱 BRIDE,True,737,False,,E,0.9258676158532412,E2a
2026-08-01--2026-08-31,,SWD12249,BRIDE,2024-09-10 18:45:54,上架,,229.0,229.0,1,7,2026-07-23 00:00:00,,0,swd,2,0,2,1,婚纱 BRIDE,True,719,False,,E,0.925936066808132,E2a
2026-08-01--2026-08-31,,SWD12974,BRIDE,2026-01-06 10:54:23,上架,,159.0,318.0,2,0,,,0,swd,2,0,2,2,婚纱 BRIDE,True,236,False,,E,0.915257717845164,E2a
2026-08-01--2026-08-31,,SWD11127,BRIDE,2024-09-04 11:46:14,上架,,149.0,298.0,2,7,2026-07-23 00:00:00,,0,swd,2,0,2,2,婚纱 BRIDE,True,725,False,,E,0.9383941405982612,E2a
2026-08-01--2026-08-31,,SWD12691,BRIDE,2025-03-28 16:33:44,上架,,179.0,358.0,2,9,2026-07-22 00:00:00,,0,swd,2,0,2,2,婚纱 BRIDE,True,520,False,,E,0.9199808337326306,E2a
2026-08-01--2026-08-31,,SWD11831,BRIDE,2024-08-29 12:23:39,上架,,149.0,298.0,2,7,2026-08-06 00:00:00,2026-02-02,4,swd,2,0,2,2,婚纱 BRIDE,True,731,False,,E,0.9292217126428912,E2a
2026-08-01--2026-08-31,,SWD11133,BRIDE,2024-08-21 11:17:26,上架,,149.0,298.0,2,14,2026-07-14 15:54:16,,0,swd,2,0,2,2,婚纱 BRIDE,True,739,False,,E,0.9379834348689164,E2a
2026-08-01--2026-08-31,,SWD11726,BRIDE,2024-08-20 00:32:15,上架,,259.0,518.0,2,35,2026-07-28 16:00:00,,0,swd,2,1,2,2,婚纱 BRIDE,True,740,False,,E,0.930932986515162,E2a
2026-08-01--2026-08-31,,SWD11747,BRIDE,2024-08-16 06:50:47,上架,,149.0,298.0,2,38,2026-08-02 00:00:00,2026-08-02,8,swd,2,0,2,2,婚纱 BRIDE,True,744,False,,E,0.9310698884249436,E2a
2026-08-01--2026-08-31,,SWD10001,BRIDE,2024-08-19 17:13:20,上架,,229.0,458.0,2,15,2026-07-24 16:00:00,,0,swd,2,0,2,2,婚纱 BRIDE,True,741,False,,E,0.9495516462454652,E2a
2026-08-01--2026-08-31,,SWD11730,BRIDE,2024-12-04 14:48:13,上架,,159.0,159.0,1,12,2026-04-05 00:00:00,2026-04-05,5,swd,2,0,2,1,婚纱 BRIDE,True,634,False,,E,0.9310014374700528,E2a
2026-08-01--2026-08-31,,SWD11039,BRIDE,2024-08-16 16:03:36,上架,,159.0,318.0,2,31,2026-08-25 19:18:56,2026-06-11,10,swd,2,0,2,2,婚纱 BRIDE,True,744,False,,E,0.938941748237388,E2a
2026-08-01--2026-08-31,,SWD12961,BRIDE,2026-01-04 14:17:47,上架,,279.0,558.0,2,20,2026-08-22 16:00:00,2026-08-19,1,swd,2,0,2,2,婚纱 BRIDE,True,238,False,,E,0.9151892668902732,E2a
2026-08-01--2026-08-31,,SWD12705,BRIDE,2025-07-14 10:37:53,上架,,329.0,329.0,1,8,2026-07-10 00:00:00,,0,swd,2,0,2,1,婚纱 BRIDE,True,412,False,,E,0.9200492846875212,E2a
2026-08-01--2026-08-31,,SWD12127,BRIDE,2024-08-20 19:33:05,上架,,169.0,338.0,2,16,2026-07-06 00:00:00,2026-07-06,7,swd,2,0,2,2,婚纱 BRIDE,True,740,False,,E,0.927784242590184,E2a
2026-08-01--2026-08-31,,SWD11910,BRIDE,2024-09-03 16:14:54,上架,,149.0,298.0,2,0,,,0,swd,2,0,2,2,婚纱 BRIDE,True,726,False,,E,0.9290848107331098,E2a
2026-08-01--2026-08-31,,SWD12716,BRIDE,2025-08-05 11:14:06,上架,,198.0,396.0,2,13,2026-08-06 00:00:00,,0,swd,2,0,2,2,婚纱 BRIDE,True,390,False,,E,0.9182011089054692,E2a
2026-08-01--2026-08-31,,SWD11109,BRIDE,2024-09-04 11:45:38,上架,,149.0,298.0,2,5,2026-07-29 00:00:00,,0,swd,2,0,2,2,婚纱 BRIDE,True,725,False,,E,0.9383256896433704,E2a
2026-08-01--2026-08-31,,SWD12117,BRIDE,2024-08-27 12:21:12,上架,,159.0,318.0,2,9,2025-10-13 13:56:05,2025-10-13,1,swd,2,1,2,2,婚纱 BRIDE,True,733,False,,E,0.9277157916352932,E2a
2026-08-01--2026-08-31,,SWD12115,BRIDE,2024-01-09 14:07:13,上架,,179.0,358.0,2,0,,,0,swd,2,0,2,2,婚纱 BRIDE,True,964,False,,E,0.9276473406804024,E2a
2026-08-01--2026-08-31,,SWD10662,BRIDE,2024-08-19 23:28:11,上架,,180.0,360.0,2,8,2024-11-21 02:37:59,,0,swd,2,0,2,2,婚纱 BRIDE,True,741,False,,E,0.9420904921623656,E2a
2026-08-01--2026-08-31,,SWD13056,BRIDE,2026-02-05 18:47:14,上架,,159.0,318.0,2,1,2026-02-24 00:00:00,,0,swd,2,0,2,2,婚纱 BRIDE,True,206,False,,E,0.9145732082962558,E2a
2026-08-01--2026-08-31,,SWD12729,BRIDE,2026-07-09 18:55:39,上架,,225.0,450.0,2,10,2026-06-21 00:00:00,,0,swd,2,0,2,2,婚纱 BRIDE,True,52,True,31-60天,E,0.91826955986036,E2a
2026-08-01--2026-08-31,,SWD10794,BRIDE,2024-08-16 16:21:51,上架,,300.0,600.0,2,37,2026-04-21 00:00:00,,0,swd,2,0,2,2,婚纱 BRIDE,True,744,False,,E,0.9403792182900952,E2a
2026-08-01--2026-08-31,,SWD12103,BRIDE,2024-08-27 16:29:46,上架,,139.0,278.0,2,9,2026-07-23 00:00:00,,0,swd,2,0,2,2,婚纱 BRIDE,True,733,False,,E,0.9275788897255116,E2a
2026-08-01--2026-08-31,,SWD12101,BRIDE,2024-08-27 16:30:16,上架,,179.0,358.0,2,4,2026-08-16 00:00:00,,0,swd,2,0,2,2,婚纱 BRIDE,True,733,False,,E,0.9275104387706208,E2a
2026-08-01--2026-08-31,,SWD11943,BRIDE,2024-08-27 12:16:06,上架,,188.0,376.0,2,21,2025-11-12 00:00:00,2025-11-12,2,swd,2,0,2,2,婚纱 BRIDE,True,733,False,,E,0.9287425559586556,E2a
2026-08-01--2026-08-31,,SWD11965,BRIDE,2024-08-20 19:36:22,上架,,159.0,318.0,2,12,2026-07-25 11:21:42,,0,swd,2,0,2,2,婚纱 BRIDE,True,740,False,,E,0.9288110069135465,E2a
2026-08-01--2026-08-31,,SWD11989,BRIDE,2024-08-30 16:33:30,上架,,159.0,318.0,2,14,2026-08-04 00:00:00,,0,swd,2,0,2,2,婚纱 BRIDE,True,730,False,,E,0.9284003011842016,E2a
2026-08-01--2026-08-31,,SWD12062,BRIDE,2024-08-20 19:33:25,上架,,149.0,149.0,1,10,2024-11-13 09:50:47,,0,swd,2,0,2,1,婚纱 BRIDE,True,740,False,,E,0.9279895954548566,E2a
2026-08-01--2026-08-31,,SWD11995,BRIDE,2024-08-22 18:51:05,上架,,158.0,316.0,2,7,2026-06-25 16:00:00,,0,swd,2,1,2,2,婚纱 BRIDE,True,738,False,,E,0.9284687521390924,E2a
2026-08-01--2026-08-31,,SWD10653,BRIDE,2024-08-20 17:00:24,上架,,159.0,318.0,2,29,2026-08-03 18:12:10,2026-07-30,9,swd,2,0,2,2,婚纱 BRIDE,True,740,False,,E,0.9429119036210556,E2a
2026-08-01--2026-08-31,,SWD12011,BRIDE,2024-08-22 18:51:39,上架,,152.0,304.0,2,17,2026-07-19 00:00:00,,0,swd,2,0,2,2,婚纱 BRIDE,True,738,False,,E,0.9285372030939832,E2a
2026-08-01--2026-08-31,,SWD12013,BRIDE,2024-08-21 10:06:32,上架,,175.0,350.0,2,12,2026-05-20 16:00:00,,0,swd,2,0,2,2,婚纱 BRIDE,True,739,False,,E,0.9279211444999658,E2a
2026-08-01--2026-08-31,,SWD11932,BRIDE,2024-08-16 20:54:36,上架,,199.0,398.0,2,11,2026-06-16 00:00:00,,0,swd,2,0,2,2,婚纱 BRIDE,True,744,False,,E,0.9286741050037648,E2a
2026-08-01--2026-08-31,,SWD12176,BRIDE,2024-08-27 12:21:37,上架,,219.0,438.0,2,6,2026-07-10 00:00:00,,0,swd,2,0,2,2,婚纱 BRIDE,True,733,False,,E,0.9261414196728044,E2a
2026-08-01--2026-08-31,,SWD13005,BRIDE,2026-01-16 16:08:54,上架,,165.0,330.0,2,0,,,0,swd,2,0,2,2,婚纱 BRIDE,True,226,False,,E,0.9149839140256006,E2a
2026-08-01--2026-08-31,,SWD13006,BRIDE,2026-01-16 16:33:21,上架,,199.0,398.0,2,7,2026-06-17 00:00:00,,0,swd,2,0,2,2,婚纱 BRIDE,True,226,False,,E,0.9150523649804916,E2a
2026-08-01--2026-08-31,,SWD10723,BRIDE,2024-08-29 14:24:09,上架,,179.0,358.0,2,15,2026-06-10 15:18:33,,0,swd,2,0,2,2,婚纱 BRIDE,True,731,False,,E,0.9414744335683484,E2a
2026-08-01--2026-08-31,,SWD10719,BRIDE,2024-08-16 19:16:01,上架,,159.0,318.0,2,26,2026-08-11 21:15:41,,0,swd,2,1,2,2,婚纱 BRIDE,True,744,False,,E,0.9414059826134574,E2a
2026-08-01--2026-08-31,,SWD12175,BRIDE,2024-09-02 16:06:27,上架,,189.0,378.0,2,11,2026-07-10 16:00:00,,0,swd,2,0,2,2,婚纱 BRIDE,True,727,False,,E,0.9260729687179136,E2a
2026-08-01--2026-08-31,,SWD11850,BRIDE,2024-08-16 16:03:28,上架,,330.0,660.0,2,37,2026-07-18 16:00:00,2025-07-24,3,swd,2,0,2,2,婚纱 BRIDE,True,744,False,,E,0.9292901635977822,E2a
2026-08-01--2026-08-31,,SWD11853,BRIDE,2024-08-19 22:42:39,上架,,179.0,358.0,2,24,2026-08-07 00:00:00,,0,swd,2,1,2,2,婚纱 BRIDE,True,741,False,,E,0.929358614552673,E2a
2026-08-01--2026-08-31,,SWD12158,BRIDE,2024-09-09 17:28:40,上架,,179.0,179.0,1,1,2026-01-21 06:38:32,,0,swd,2,0,2,1,婚纱 BRIDE,True,720,False,,E,0.9260045177630228,E2a
2026-08-01--2026-08-31,,SWD11904,BRIDE,2024-08-26 17:53:11,上架,,249.0,498.0,2,0,,,0,swd,2,0,2,2,婚纱 BRIDE,True,734,False,,E,0.929016359778219,E2a
2026-08-01--2026-08-31,,SWD11864,BRIDE,2024-08-26 17:47:30,上架,,159.0,318.0,2,3,2026-08-13 00:00:00,,0,swd,2,0,2,2,婚纱 BRIDE,True,734,False,,E,0.9294955164624548,E2a
2026-08-01--2026-08-31,,SWD12138,BRIDE,2024-08-19 20:18:50,上架,,170.0,340.0,2,26,2026-07-15 00:00:00,2026-07-15,4,swd,2,0,2,2,婚纱 BRIDE,True,741,False,,E,0.9264152234923676,E2a
2026-08-01--2026-08-31,,SWD11893,BRIDE,2024-08-29 14:14:48,上架,,168.0,336.0,2,17,2026-07-08 00:00:00,2026-06-19,10,swd,2,0,2,2,婚纱 BRIDE,True,731,False,,E,0.9288794578684372,E2a
2026-08-01--2026-08-31,,SWD12134,BRIDE,2024-08-26 16:33:15,上架,,179.0,179.0,1,0,,,0,swd,2,0,2,1,婚纱 BRIDE,True,734,False,,E,0.9263467725374768,E2a
2026-08-01--2026-08-31,,SWD11898,BRIDE,2024-11-20 18:23:43,上架,,239.0,478.0,2,39,2026-07-15 00:00:00,2025-06-25,3,swd,2,0,2,2,婚纱 BRIDE,True,648,False,,E,0.928947908823328,E2a
2026-08-01--2026-08-31,,SWD13029,BRIDE,2026-01-23 14:23:00,上架,,199.0,199.0,1,7,2026-07-26 17:15:09,,0,swd,2,0,2,1,婚纱 BRIDE,True,219,False,,E,0.9151208159353824,E2a
2026-08-01--2026-08-31,,SWD10686,BRIDE,2024-08-19 16:42:03,上架,,220.0,440.0,2,26,2026-07-30 11:12:14,2025-08-18,2,swd,2,0,2,2,婚纱 BRIDE,True,741,False,,E,0.9413375316585666,E2a
2026-08-01--2026-08-31,,SWD12131,BRIDE,2024-01-09 17:13:51,上架,,149.0,298.0,2,6,2026-05-31 16:00:00,,0,swd,2,0,2,2,婚纱 BRIDE,True,964,False,,E,0.9278526935450748,E2a
2026-08-01--2026-08-31,,SWD10681,BRIDE,2024-08-22 12:13:09,上架,,180.0,360.0,2,18,2026-07-14 00:00:00,,0,swd,2,0,2,2,婚纱 BRIDE,True,738,False,,E,0.9412690807036758,E2a
2026-08-01--2026-08-31,,SWD10680,BRIDE,2024-08-19 23:32:28,上架,,189.0,378.0,2,19,2026-08-13 00:00:00,2025-12-23,1,swd,2,1,2,2,婚纱 BRIDE,True,741,False,,E,0.9421589431172565,E2a
2026-08-01--2026-08-31,,SWD11861,BRIDE,2024-08-21 11:08:20,上架,,179.0,358.0,2,7,2026-08-16 00:00:00,,0,swd,2,0,2,2,婚纱 BRIDE,True,739,False,,E,0.9294270655075638,E2a
2026-08-01--2026-08-31,,SWD12509,BRIDE,2024-09-12 10:35:27,上架,,179.0,358.0,2,10,2026-07-14 00:00:00,,0,swd,2,0,2,2,婚纱 BRIDE,True,717,False,,E,0.9220343623793552,E2a
2026-08-01--2026-08-31,,SWD10949,BRIDE,2024-08-20 18:32:44,上架,,149.0,298.0,2,6,2026-08-26 00:00:00,,0,swd,2,0,2,2,婚纱 BRIDE,True,740,False,,E,0.9391471011020605,E2a
2026-08-01--2026-08-31,,SWD12505,BRIDE,2024-09-12 10:36:51,上架,,179.0,179.0,1,5,2026-05-19 00:00:00,2025-10-20,1,swd,2,0,2,1,婚纱 BRIDE,True,717,False,,E,0.923608734341844,E2a
2026-08-01--2026-08-31,,SWD11406,BRIDE,2024-08-16 18:18:13,上架,,219.0,219.0,1,34,2026-08-18 16:00:00,,0,swd,2,0,2,1,婚纱 BRIDE,True,744,False,,E,0.9347662399890478,E2a
2026-08-01--2026-08-31,,SWD12493,BRIDE,2024-11-04 10:17:25,上架,,219.0,438.0,2,0,,,0,swd,2,0,2,2,婚纱 BRIDE,True,664,False,,E,0.9235402833869532,E2a
2026-08-01--2026-08-31,,SWD11426,BRIDE,2024-09-04 15:26:20,上架,,160.0,320.0,2,7,2026-07-14 00:00:00,,0,swd,2,0,2,2,婚纱 BRIDE,True,725,False,,E,0.9341501813950304,E2a
2026-08-01--2026-08-31,,SWD12476,BRIDE,2024-09-12 10:19:04,上架,,179.0,358.0,2,5,2026-03-05 16:00:00,,0,swd,2,1,2,2,婚纱 BRIDE,True,717,False,,E,0.9238140872065164,E2a
2026-08-01--2026-08-31,,SWD12850,BRIDE,2025-11-13 16:12:42,上架,,129.0,258.0,2,8,2026-06-28 00:00:00,,0,swd,2,0,2,2,婚纱 BRIDE,True,290,False,,E,0.917516599356561,E2a
2026-08-01--2026-08-31,,SWD11037,BRIDE,2024-08-16 18:03:18,上架,,129.0,258.0,2,29,2026-07-24 14:37:49,,0,swd,2,0,2,2,婚纱 BRIDE,True,744,False,,E,0.9388732972824972,E2a
2026-08-01--2026-08-31,,SWD12852,BRIDE,2025-11-13 16:12:27,上架,,189.0,378.0,2,8,2026-08-29 16:00:00,,0,swd,2,0,2,2,婚纱 BRIDE,True,290,False,,E,0.917585050311452,E2a
2026-08-01--2026-08-31,,SWD11246,BRIDE,2024-08-20 20:47:27,上架,,189.0,378.0,2,7,2026-04-09 16:00:00,,0,swd,2,0,2,2,婚纱 BRIDE,True,740,False,,E,0.9368197686357724,E2a
2026-08-01--2026-08-31,,SWD12860,BRIDE,2025-11-17 14:49:04,上架,,199.0,398.0,2,2,2026-07-08 12:27:31,2026-04-21,4,swd,2,0,2,2,婚纱 BRIDE,True,286,False,,E,0.9172427955369976,E2a
2026-08-01--2026-08-31,,SWD11463,BRIDE,2024-08-16 20:42:32,上架,,219.0,219.0,1,23,2026-07-15 00:00:00,,0,swd,2,0,2,1,婚纱 BRIDE,True,744,False,,E,0.934287083304812,E2a
2026-08-01--2026-08-31,,SWD11242,BRIDE,2024-08-20 16:21:53,上架,,239.0,478.0,2,5,2026-02-14 10:09:11,,0,swd,2,0,2,2,婚纱 BRIDE,True,740,False,,E,0.9367513176808816,E2a
2026-08-01--2026-08-31,,SWD12455,BRIDE,2024-09-11 18:08:16,上架,,199.0,398.0,2,1,2025-05-12 20:24:51,2025-05-13,1,swd,2,1,2,2,婚纱 BRIDE,True,718,False,,E,0.9237456362516258,E2a
2026-08-01--2026-08-31,,SWD12869,BRIDE,2025-11-13 16:13:55,上架,,339.0,339.0,1,3,2026-04-15 16:00:00,,0,swd,2,0,2,1,婚纱 BRIDE,True,290,False,,E,0.9173112464918886,E2a
2026-08-01--2026-08-31,,SWD11239,BRIDE,2024-08-20 18:32:36,上架,,169.0,338.0,2,5,2026-06-11 00:00:00,,0,swd,2,0,2,2,婚纱 BRIDE,True,740,False,,E,0.9366828667259908,E2a
2026-08-01--2026-08-31,,SWD11478,BRIDE,2024-08-29 18:08:16,上架,,129.0,258.0,2,4,2026-08-18 00:00:00,,0,swd,2,0,2,2,婚纱 BRIDE,True,731,False,,E,0.934355534259703,E2a
2026-08-01--2026-08-31,,SWD11442,BRIDE,2024-08-21 11:22:00,上架,,189.0,378.0,2,0,,,0,swd,2,0,2,2,婚纱 BRIDE,True,739,False,,E,0.9342186323499212,E2a
2026-08-01--2026-08-31,,SWD12575,BRIDE,2024-11-28 18:36:36,上架,,179.0,358.0,2,5,2026-06-11 18:26:30,,0,swd,2,0,2,2,婚纱 BRIDE,True,640,False,,E,0.9216236566500102,E2a
2026-08-01--2026-08-31,,SWD10990,BRIDE,2024-08-20 18:32:19,上架,,249.0,498.0,2,3,2026-06-08 20:00:09,,0,swd,2,0,2,2,婚纱 BRIDE,True,740,False,,E,0.9386679444178246,E2a
2026-08-01--2026-08-31,,SWD12574,BRIDE,2024-11-29 09:42:56,上架,,169.0,338.0,2,0,,,0,swd,2,1,2,2,婚纱 BRIDE,True,639,False,,E,0.9215552056951194,E2a
2026-08-01--2026-08-31,,SWD11307,BRIDE,2024-09-12 12:54:54,上架,,185.0,370.0,2,7,2026-04-01 00:00:00,,0,swd,2,1,2,2,婚纱 BRIDE,True,717,False,,E,0.9355192004928468,E2a
2026-08-01--2026-08-31,,SWD11287,BRIDE,2024-08-16 19:55:21,上架,,149.0,298.0,2,22,2026-07-13 10:01:56,2026-07-13,6,swd,2,1,2,2,婚纱 BRIDE,True,744,False,,E,0.9365459648162092,E2a
2026-08-01--2026-08-31,,SWD11309,BRIDE,2024-08-16 20:41:57,上架,,130.0,260.0,2,23,2026-08-20 17:41:56,,0,swd,2,0,2,2,婚纱 BRIDE,True,744,False,,E,0.9355876514477376,E2a
2026-08-01--2026-08-31,,SWD12567,BRIDE,2024-11-25 10:53:56,上架,,189.0,378.0,2,10,2026-08-08 16:00:00,,0,swd,2,0,2,2,婚纱 BRIDE,True,643,False,,E,0.9214867547402288,E2a
2026-08-01--2026-08-31,,SWD12818,BRIDE,2025-11-03 15:32:44,上架,,279.0,558.0,2,5,2026-04-24 00:00:00,,0,swd,2,0,2,2,婚纱 BRIDE,True,300,False,,E,0.9177219522212336,E2a
2026-08-01--2026-08-31,,SWD11269,BRIDE,2024-08-22 17:00:02,上架,,189.0,189.0,1,69,2026-08-25 00:00:00,2025-06-15,5,swd,2,0,2,1,婚纱 BRIDE,True,738,False,,E,0.9364775138613184,E2a
2026-08-01--2026-08-31,,SWD11335,BRIDE,2024-08-26 18:36:32,上架,,149.0,298.0,2,18,2026-07-30 00:00:00,2026-07-30,8,swd,2,0,2,2,婚纱 BRIDE,True,734,False,,E,0.935108494763502,E2a
2026-08-01--2026-08-31,,SWD10996,BRIDE,2024-08-30 15:22:46,上架,,139.0,278.0,2,4,2026-06-14 16:00:00,,0,swd,2,0,2,2,婚纱 BRIDE,True,730,False,,E,0.9387363953727156,E2a
2026-08-01--2026-08-31,,SWD12832,BRIDE,2025-11-06 18:41:34,上架,,179.0,358.0,2,6,2026-07-14 00:00:00,,0,swd,2,0,2,2,婚纱 BRIDE,True,297,False,,E,0.9177904031761244,E2a
2026-08-01--2026-08-31,,SWD11372,BRIDE,2024-08-20 20:52:46,上架,,149.0,298.0,2,6,2026-08-09 00:00:00,,0,swd,2,0,2,2,婚纱 BRIDE,True,740,False,,E,0.9349715928537204,E2a
2026-08-01--2026-08-31,,SWD12526,BRIDE,2024-09-25 15:39:13,上架,,189.0,378.0,2,8,2026-07-10 00:00:00,,0,swd,2,0,2,2,婚纱 BRIDE,True,704,False,,E,0.921760558559792,E2a
2026-08-01--2026-08-31,,SWD12518,BRIDE,2024-11-04 12:13:03,上架,,239.0,478.0,2,6,2026-06-28 00:00:00,,0,swd,2,0,2,2,婚纱 BRIDE,True,664,False,,E,0.9216921076049012,E2a
2026-08-01--2026-08-31,,SWD11391,BRIDE,2024-08-27 09:21:35,上架,,179.0,358.0,2,6,2026-07-17 16:00:00,,0,swd,2,1,2,2,婚纱 BRIDE,True,733,False,,E,0.9350400438086112,E2a
2026-08-01--2026-08-31,,SWD11397,BRIDE,2024-08-19 16:03:03,上架,,180.0,360.0,2,5,2024-01-09 02:00:04,,0,swd,2,0,2,2,婚纱 BRIDE,True,741,False,,E,0.934697789034157,E2a
2026-08-01--2026-08-31,,SWD12843,BRIDE,2025-11-13 16:20:05,上架,,189.0,378.0,2,12,2026-07-09 00:00:00,,0,swd,2,0,2,2,婚纱 BRIDE,True,290,False,,E,0.9174481484016702,E2a
2026-08-01--2026-08-31,,SWD12561,BRIDE,2024-11-11 17:49:50,上架,,249.0,498.0,2,6,2026-06-27 00:00:00,,0,swd,2,0,2,2,婚纱 BRIDE,True,657,False,,E,0.9218290095146828,E2a
2026-08-01--2026-08-31,,SWD11198,BRIDE,2024-08-20 20:38:38,上架,,159.0,318.0,2,23,2026-07-07 16:00:00,2026-07-01,8,swd,2,0,2,2,婚纱 BRIDE,True,740,False,,E,0.93743582722979,E2a
2026-08-01--2026-08-31,,SWD11192,BRIDE,2024-08-26 18:15:33,上架,,179.0,358.0,2,9,2026-08-08 16:00:00,,0,swd,2,0,2,2,婚纱 BRIDE,True,734,False,,E,0.9373673762748992,E2a
2026-08-01--2026-08-31,,SWD11624,BRIDE,2024-11-12 14:23:17,上架,,189.0,378.0,2,63,2026-06-24 00:00:00,2026-01-21,7,swd,2,0,2,2,婚纱 BRIDE,True,656,False,,E,0.9329865151618864,E2a
2026-08-01--2026-08-31,,SWD11191,BRIDE,2024-08-19 19:35:47,上架,,170.0,340.0,2,10,2026-06-23 19:34:29,,0,swd,2,0,2,2,婚纱 BRIDE,True,741,False,,E,0.9372989253200082,E2a
2026-08-01--2026-08-31,,SWD12323,BRIDE,2024-09-11 11:00:21,上架,,189.0,189.0,1,8,2026-08-05 17:00:52,,0,swd,2,0,2,1,婚纱 BRIDE,True,718,False,,E,0.924019440071189,E2a
2026-08-01--2026-08-31,,SWD11187,BRIDE,2024-08-26 18:14:58,上架,,169.0,338.0,2,7,2026-08-11 16:00:00,,0,swd,2,0,2,2,婚纱 BRIDE,True,734,False,,E,0.9372304743651174,E2a
2026-08-01--2026-08-31,,SWD11651,BRIDE,2024-08-20 17:57:31,上架,,149.0,298.0,2,17,2026-07-13 00:00:00,2025-08-26,1,swd,2,0,2,2,婚纱 BRIDE,True,740,False,,E,0.9327127113423233,E2a
2026-08-01--2026-08-31,,SWD12320,BRIDE,2024-09-11 10:24:03,上架,,179.0,358.0,2,1,2025-12-09 00:00:00,2025-12-09,1,swd,2,0,2,2,婚纱 BRIDE,True,718,False,,E,0.9242247929358616,E2a
2026-08-01--2026-08-31,,SWD11012,BRIDE,2024-08-16 17:26:24,上架,,179.0,358.0,2,21,2026-07-11 16:00:00,2026-02-28,2,swd,2,0,2,2,婚纱 BRIDE,True,744,False,,E,0.9388048463276064,E2a
2026-08-01--2026-08-31,,SWD12319,BRIDE,2024-08-23 13:22:31,上架,,169.0,169.0,1,10,2025-11-28 02:41:08,,0,swd,2,0,2,1,婚纱 BRIDE,True,737,False,,E,0.9241563419809706,E2a
2026-08-01--2026-08-31,,SWD11670,BRIDE,2024-08-20 15:27:50,上架,,199.0,398.0,2,8,2026-01-08 00:00:00,2026-01-08,3,swd,2,0,2,2,婚纱 BRIDE,True,740,False,,E,0.9318912998836334,E2a
2026-08-01--2026-08-31,,SWD12945,BRIDE,2025-12-18 09:46:42,上架,,209.0,209.0,1,1,2026-02-11 00:00:00,,0,swd,2,0,2,1,婚纱 BRIDE,True,255,False,,E,0.9168320898076529,E2a
2026-08-01--2026-08-31,,SWD12281,BRIDE,2024-09-02 17:13:25,上架,,239.0,478.0,2,0,,,0,swd,2,1,2,2,婚纱 BRIDE,True,727,False,,E,0.9240878910260798,E2a
2026-08-01--2026-08-31,,SWD11691,BRIDE,2024-08-22 13:55:32,上架,,149.0,298.0,2,0,,,0,swd,2,0,2,2,婚纱 BRIDE,True,738,False,,E,0.9319597508385242,E2a
2026-08-01--2026-08-31,,SWD11163,BRIDE,2024-08-19 22:53:41,上架,,139.0,278.0,2,14,2026-03-01 16:00:00,,0,swd,2,0,2,2,婚纱 BRIDE,True,741,False,,E,0.938120336778698,E2a
2026-08-01--2026-08-31,,SWD11698,BRIDE,2024-08-16 16:03:09,上架,,199.0,398.0,2,27,2026-08-07 00:00:00,2026-08-07,3,swd,2,0,2,2,婚纱 BRIDE,True,744,False,,E,0.9320282017934152,E2a
2026-08-01--2026-08-31,,SWD11161,BRIDE,2024-08-16 21:33:01,上架,,149.0,298.0,2,8,2026-06-04 13:15:08,2025-09-18,12,swd,2,1,2,2,婚纱 BRIDE,True,744,False,,E,0.9380518858238072,E2a
2026-08-01--2026-08-31,,SWD12679,BRIDE,2025-01-03 18:41:15,上架,,159.0,318.0,2,26,2026-06-16 00:00:00,2025-12-02,2,swd,2,0,2,2,婚纱 BRIDE,True,604,False,,E,0.9211444999657744,E2a
2026-08-01--2026-08-31,,SWD12931,BRIDE,2025-12-05 10:58:12,上架,,232.0,464.0,2,5,2026-07-10 12:40:18,,0,swd,2,0,2,2,婚纱 BRIDE,True,268,False,,E,0.916763638852762,E2a
2026-08-01--2026-08-31,,SWD12888,BRIDE,2025-11-17 14:51:41,上架,,189.0,378.0,2,10,2025-12-02 01:20:44,,0,swd,2,1,2,2,婚纱 BRIDE,True,286,False,,E,0.9169005407625436,E2a
2026-08-01--2026-08-31,,SWD10892,BRIDE,2024-08-20 00:33:23,上架,,149.0,298.0,2,11,2026-05-27 00:00:00,,0,swd,2,0,2,2,婚纱 BRIDE,True,740,False,,E,0.9396262577862962,E2a
2026-08-01--2026-08-31,,SWD11489,BRIDE,2024-08-20 20:52:28,上架,,169.0,338.0,2,7,2026-08-08 16:00:00,,0,swd,2,0,2,2,婚纱 BRIDE,True,740,False,,E,0.9344239852145936,E2a
2026-08-01--2026-08-31,,SWD12436,BRIDE,2024-10-09 18:04:25,上架,,189.0,378.0,2,17,2026-08-04 00:00:00,2026-04-15,2,swd,2,0,2,2,婚纱 BRIDE,True,690,False,,E,0.9236771852967348,E2a
2026-08-01--2026-08-31,,SWD12621,BRIDE,2024-12-05 15:23:57,上架,,189.0,189.0,1,16,2026-08-07 00:00:00,,0,swd,2,0,2,1,婚纱 BRIDE,True,633,False,,E,0.9210075980559927,E2a
2026-08-01--2026-08-31,,SWD12413,BRIDE,2024-11-08 18:53:25,上架,,229.0,458.0,2,15,2026-07-21 16:00:00,,0,swd,2,0,2,2,婚纱 BRIDE,True,660,False,,E,0.923950989116298,E2a
2026-08-01--2026-08-31,,SWD11528,BRIDE,2024-08-16 21:41:24,上架,,239.0,478.0,2,40,2026-08-02 00:00:00,2026-08-02,11,swd,2,0,2,2,婚纱 BRIDE,True,744,False,,E,0.933944828530358,E2a
2026-08-01--2026-08-31,,SWD10884,BRIDE,2024-08-16 05:13:21,上架,,159.0,318.0,2,32,2026-07-15 00:00:00,2026-02-14,5,swd,2,0,2,2,婚纱 BRIDE,True,744,False,,E,0.939694708741187,E2a
2026-08-01--2026-08-31,,SWD12355,BRIDE,2024-09-11 11:53:20,上架,,229.0,458.0,2,5,2026-06-10 00:00:00,,0,swd,2,0,2,2,婚纱 BRIDE,True,718,False,,E,0.9238825381614072,E2a
2026-08-01--2026-08-31,,SWD11537,BRIDE,2024-10-14 10:36:49,上架,,139.0,278.0,2,6,2026-07-17 00:00:00,,0,swd,2,0,2,2,婚纱 BRIDE,True,685,False,,E,0.9340132794852488,E2a
2026-08-01--2026-08-31,,SWD12901,BRIDE,2025-11-19 16:25:00,上架,,239.0,478.0,2,10,2026-03-13 16:00:00,,0,swd,2,0,2,2,婚纱 BRIDE,True,284,False,,E,0.9170374426723252,E2a
2026-08-01--2026-08-31,,SWD11555,BRIDE,2024-08-16 15:36:43,上架,,179.0,358.0,2,6,2024-01-02 09:29:43,,0,swd,2,0,2,2,婚纱 BRIDE,True,744,False,,E,0.9340817304401396,E2a
2026-08-01--2026-08-31,,SWD12635,BRIDE,2024-12-05 15:26:59,上架,,169.0,338.0,2,8,2026-07-28 00:00:00,,0,swd,2,0,2,2,婚纱 BRIDE,True,633,False,,E,0.9210760490108836,E2a
2026-08-01--2026-08-31,,SWD11585,BRIDE,2024-09-03 12:50:24,上架,,179.0,358.0,2,4,2026-06-18 00:00:00,,0,swd,2,0,2,2,婚纱 BRIDE,True,726,False,,E,0.932781162297214,E2a
2026-08-01--2026-08-31,,SWD11588,BRIDE,2024-08-28 17:14:36,上架,,155.0,310.0,2,6,2026-07-23 00:00:00,,0,swd,2,0,2,2,婚纱 BRIDE,True,732,False,,E,0.9328496132521048,E2a
2026-08-01--2026-08-31,,SWD11594,BRIDE,2024-08-23 14:17:37,上架,,155.0,310.0,2,6,2026-07-12 16:00:00,,0,swd,2,0,2,2,婚纱 BRIDE,True,737,False,,E,0.9329180642069956,E2a
2026-08-01--2026-08-31,,SWD11206,BRIDE,2024-09-04 11:56:31,上架,,149.0,298.0,2,3,2026-08-15 00:00:00,,0,swd,2,0,2,2,婚纱 BRIDE,True,725,False,,E,0.9366144157711,E2a
2026-08-01--2026-08-31,,SWD12910,BRIDE,2025-11-24 16:13:31,上架,,188.0,376.0,2,0,,,0,swd,2,0,2,2,婚纱 BRIDE,True,279,False,,E,0.9166951878978712,E2a
2026-08-01--2026-08-31,,SWD12891,BRIDE,2025-11-17 14:54:15,上架,,189.0,378.0,2,8,2026-08-12 12:19:27,,0,swd,2,0,2,2,婚纱 BRIDE,True,286,False,,E,0.9169689917174344,E2a
2026-08-01--2026-08-31,,SWD13461,BRIDE,2026-07-29 16:05:12,下架,2026-08-26 10:47:54,348.0,348.0,1,0,,,0,swd,2,0,2,1,婚纱 BRIDE,False,32,True,31-60天,E,0.9085495242658636,E2a
2026-08-01--2026-08-31,,SWD13167,BRIDE,2026-03-12 12:07:46,上架,,179.0,358.0,2,0,,,0,swd,2,0,2,2,婚纱 BRIDE,True,171,False,,E,0.9128619344239852,E2a
2026-08-01--2026-08-31,,SWD10341,BRIDE,2024-08-19 17:26:04,上架,,179.0,358.0,2,12,2026-06-21 00:00:00,2025-10-30,1,swd,2,0,2,2,婚纱 BRIDE,True,741,False,,E,0.9459237456362516,E2a
2026-08-01--2026-08-31,,SWD10170,BRIDE,2024-08-23 16:51:21,上架,,110.0,220.0,2,5,2026-08-03 16:00:00,,0,swd,2,1,2,2,婚纱 BRIDE,True,737,False,,E,0.9477719214183038,E2a
2026-08-01--2026-08-31,,SWD10319,BRIDE,2024-08-16 20:57:17,上架,,249.0,498.0,2,15,2026-07-08 00:00:00,2025-12-07,6,swd,2,0,2,2,婚纱 BRIDE,True,744,False,,E,0.9458552946813608,E2a
2026-08-01--2026-08-31,,SWD10076,BRIDE,2024-08-16 07:36:17,上架,,153.0,306.0,2,27,2026-07-23 14:30:04,2026-06-12,12,swd,2,1,2,2,婚纱 BRIDE,True,744,False,,E,0.9483195290574304,E2a
2026-08-01--2026-08-31,,SWD10597,BRIDE,2024-08-22 12:03:10,上架,,139.0,139.0,1,14,2026-07-15 00:00:00,,0,swd,2,0,2,1,婚纱 BRIDE,True,738,False,,E,0.943117256485728,E2a
2026-08-01--2026-08-31,,SWD13287,BRIDE,2026-05-06 12:08:51,上架,,510.0,1020.0,2,8,2026-05-04 00:00:00,,0,swd,2,0,2,2,婚纱 BRIDE,True,116,False,,E,0.9104661510028064,E2a
2026-08-01--2026-08-31,,SWD13125,BRIDE,2026-02-26 09:38:49,上架,,229.0,458.0,2,6,2026-07-04 00:00:00,,0,swd,2,0,2,2,婚纱 BRIDE,True,185,False,,E,0.9133410911082208,E2a
2026-08-01--2026-08-31,,SWD13170,BRIDE,2026-03-12 14:01:47,上架,,149.0,149.0,1,8,2026-08-06 00:00:00,,0,swd,2,0,2,2,婚纱 BRIDE,True,171,False,,E,0.912930385378876,E2a
2026-08-01--2026-08-31,,SWD10160,BRIDE,2024-08-16 15:14:27,上架,,99.0,198.0,2,29,2026-08-25 10:47:56,,0,swd,2,0,2,2,婚纱 BRIDE,True,744,False,,E,0.9479088233280856,E2a
2026-08-01--2026-08-31,,SWD13289,BRIDE,2026-05-07 09:40:16,上架,,302.0,604.0,2,0,,,0,swd,2,0,2,2,婚纱 BRIDE,True,115,False,,E,0.9105346019576972,E2a
2026-08-01--2026-08-31,,SWD13328,BRIDE,2026-05-25 17:12:45,下架,2026-08-10 09:50:06,310.0,310.0,1,0,,,0,swd,2,0,2,1,婚纱 BRIDE,False,97,False,,E,0.9092340338147716,E2a
2026-08-01--2026-08-31,,SWD10398,BRIDE,2024-08-19 16:24:02,上架,,119.0,238.0,2,12,2026-07-14 16:00:00,,0,swd,2,0,2,2,婚纱 BRIDE,True,741,False,,E,0.9444862755835444,E2a
2026-08-01--2026-08-31,,SWD13123,BRIDE,2026-02-25 14:19:25,上架,,195.0,390.0,2,17,2026-07-15 00:00:00,,0,swd,2,0,2,2,婚纱 BRIDE,True,186,False,,E,0.9132041891984392,E2a
2026-08-01--2026-08-31,,SWD13101,BRIDE,2026-03-12 12:04:33,上架,,284.0,284.0,1,0,,,0,swd,2,0,2,1,婚纱 BRIDE,True,171,False,,E,0.9142994044766924,E2a
2026-08-01--2026-08-31,,SWD13124,BRIDE,2026-03-12 12:05:25,上架,,209.0,418.0,2,6,2026-06-27 00:00:00,,0,swd,2,0,2,2,婚纱 BRIDE,True,171,False,,E,0.91327264015333,E2a
2026-08-01--2026-08-31,,SWD13530,BRIDE,2026-08-21 11:45:59,下架,2026-08-25 16:08:01,545.0,545.0,1,0,,,0,swd,2,0,2,1,婚纱 BRIDE,False,9,True,≤30天,E,0.9067013484838112,E2a
2026-08-01--2026-08-31,,SWD10303,BRIDE,2024-08-20 14:54:22,上架,,239.0,478.0,2,15,2026-06-29 21:14:35,,0,swd,2,2,2,1,婚纱 BRIDE,True,740,False,,E,0.9463344513655966,E2a
2026-08-01--2026-08-31,,SWD10348,BRIDE,2024-08-20 16:49:02,上架,,169.0,338.0,2,1,2023-06-19 21:17:24,,0,swd,2,0,2,2,婚纱 BRIDE,True,740,False,,E,0.9460606475460333,E2a
2026-08-01--2026-08-31,,SWD13477,BRIDE,2026-08-03 18:21:27,下架,2026-08-10 09:49:13,240.0,240.0,1,0,,,0,swd,2,0,2,1,婚纱 BRIDE,False,27,True,≤30天,E,0.9073858580327196,E2a
2026-08-01--2026-08-31,,SWD13277,BRIDE,2026-04-30 16:15:10,上架,,389.0,389.0,1,0,,,0,swd,2,0,2,1,婚纱 BRIDE,True,122,False,,E,0.9110822095968238,E2a
2026-08-01--2026-08-31,,SWD10366,BRIDE,2024-08-16 20:54:18,上架,,139.0,278.0,2,22,2026-08-26 00:00:00,2025-06-30,1,swd,2,0,2,2,婚纱 BRIDE,True,744,False,,E,0.9455130399069068,E2a
2026-08-01--2026-08-31,,SWD13516,BRIDE,2026-08-14 17:25:24,上架,,360.0,720.0,2,0,,,0,swd,2,0,2,2,婚纱 BRIDE,True,16,True,≤30天,E,0.9553699774111848,E2a
2026-08-01--2026-08-31,,SWD13419,BRIDE,2026-07-03 18:40:13,下架,2026-07-06 09:45:05,345.0,0.0,0,0,,,0,swd,2,0,2,1,婚纱 BRIDE,False,58,True,31-60天,E,0.9090286809500993,E2a
2026-08-01--2026-08-31,,SWD10094,BRIDE,2024-08-27 10:04:21,上架,,179.0,358.0,2,3,2026-07-30 21:50:25,,0,swd,2,0,2,2,婚纱 BRIDE,True,733,False,,E,0.9481826271476488,E2a
2026-08-01--2026-08-31,,SWD10344,BRIDE,2024-08-19 18:25:14,上架,,279.0,558.0,2,21,2026-07-11 00:00:00,2026-03-29,2,swd,2,0,2,2,婚纱 BRIDE,True,741,False,,E,0.9459921965911424,E2a
2026-08-01--2026-08-31,,SWD13097,BRIDE,2026-03-12 13:00:33,上架,,189.0,378.0,2,20,2026-07-31 00:00:00,2026-07-31,10,swd,2,0,2,2,婚纱 BRIDE,True,171,False,,E,0.9142309535218016,E2a
2026-08-01--2026-08-31,,SWD13114,BRIDE,2026-02-17 17:51:24,上架,,168.0,336.0,2,13,2026-07-15 00:00:00,,0,swd,2,0,2,2,婚纱 BRIDE,True,194,False,,E,0.9131357382435484,E2a
2026-08-01--2026-08-31,,SWD10179,BRIDE,2024-08-16 12:13:44,上架,,159.0,159.0,1,29,2026-08-15 00:00:00,2026-08-15,8,swd,2,0,2,1,婚纱 BRIDE,True,744,False,,E,0.9478403723731946,E2a
2026-08-01--2026-08-31,,SWD13472,BRIDE,2026-08-19 16:02:22,上架,,149.0,298.0,2,0,,,0,swd,2,0,2,2,婚纱 BRIDE,True,11,True,≤30天,E,0.955301526456294,E2a
2026-08-01--2026-08-31,,SWD13264,BRIDE,2026-04-24 17:40:24,上架,,169.0,338.0,2,15,2026-07-28 22:31:52,2026-07-08,8,swd,2,0,2,2,婚纱 BRIDE,True,128,False,,E,0.911013758641933,E2a
2026-08-01--2026-08-31,,SWD10610,BRIDE,2024-08-22 12:13:25,上架,,159.0,318.0,2,19,2026-06-29 00:00:00,,0,swd,2,0,2,2,婚纱 BRIDE,True,738,False,,E,0.9431857074406188,E2a
2026-08-01--2026-08-31,,SWD10295,BRIDE,2024-08-16 07:26:39,上架,,119.0,238.0,2,29,2026-06-30 11:07:05,2026-06-30,1,swd,2,0,2,2,婚纱 BRIDE,True,744,False,,E,0.9462660004107056,E2a
2026-08-01--2026-08-31,,SWD10183,BRIDE,2024-08-29 18:52:23,上架,,180.0,360.0,2,7,2026-08-01 16:00:00,,0,swd,2,1,2,2,婚纱 BRIDE,True,731,False,,E,0.947635019508522,E2a
2026-08-01--2026-08-31,,SWD12792,BRIDE,2025-11-17 15:06:41,上架,,159.0,318.0,2,8,2026-02-13 16:00:00,,0,swd,2,0,2,2,婚纱 BRIDE,True,286,False,,E,0.9178588541310152,E2a
2026-08-01--2026-08-31,,SWD13129,BRIDE,2026-02-28 10:00:16,上架,,290.0,580.0,2,0,,,0,swd,2,0,2,2,婚纱 BRIDE,True,183,False,,E,0.9134095420631118,E2a
2026-08-01--2026-08-31,,SWD10252,BRIDE,2024-08-23 16:54:02,上架,,229.0,458.0,2,5,2026-07-26 16:00:00,,0,swd,2,0,2,2,婚纱 BRIDE,True,737,False,,E,0.9468136080498324,E2a
2026-08-01--2026-08-31,,SWD10526,BRIDE,2024-08-21 12:04:55,上架,,170.0,340.0,2,13,2026-07-29 00:00:00,,0,swd,2,0,2,2,婚纱 BRIDE,True,739,False,,E,0.943459511260182,E2a
2026-08-01--2026-08-31,,SWD13203,BRIDE,2026-04-07 14:03:38,上架,,119.0,238.0,2,12,2026-07-17 16:00:00,,0,swd,2,0,2,2,婚纱 BRIDE,True,145,False,,E,0.9112191115066056,E2a
2026-08-01--2026-08-31,,SWD13106,BRIDE,2026-02-11 17:05:37,上架,,239.0,478.0,2,16,2026-07-04 16:00:00,,0,swd,2,0,2,2,婚纱 BRIDE,True,200,False,,E,0.9143678554315832,E2a
2026-08-01--2026-08-31,,SWD10490,BRIDE,2024-08-21 12:05:24,上架,,199.0,398.0,2,16,2026-08-24 00:00:00,2026-08-24,2,swd,2,0,2,2,婚纱 BRIDE,True,739,False,,E,0.9438017660346362,E2a
2026-08-01--2026-08-31,,SWD13489,BRIDE,2026-08-11 11:17:59,下架,2026-08-25 14:55:09,730.0,1460.0,2,0,,,0,swd,2,0,2,2,婚纱 BRIDE,False,19,True,≤30天,E,0.954617016907386,E2a
2026-08-01--2026-08-31,,SWD10228,BRIDE,2024-08-16 13:47:51,上架,,149.0,149.0,1,25,2026-05-23 16:00:00,2025-12-13,8,swd,2,0,2,1,婚纱 BRIDE,True,744,False,,E,0.9466082551851598,E2a
2026-08-01--2026-08-31,,SWD13151,BRIDE,2026-03-12 12:07:08,上架,,239.0,478.0,2,9,2026-04-20 00:00:00,,0,swd,2,0,2,2,婚纱 BRIDE,True,171,False,,E,0.9130672872886576,E2a
2026-08-01--2026-08-31,,SWD13193,BRIDE,2026-03-16 18:39:45,上架,,239.0,478.0,2,16,2026-06-08 00:00:00,2026-06-08,10,swd,2,0,2,2,婚纱 BRIDE,True,167,False,,E,0.9111506605517148,E2a
2026-08-01--2026-08-31,,SWD13190,BRIDE,2026-04-07 14:03:12,上架,,279.0,558.0,2,13,2026-06-27 00:00:00,2026-05-09,8,swd,2,0,2,2,婚纱 BRIDE,True,145,False,,E,0.9125196796495312,E2a
2026-08-01--2026-08-31,,SWD13132,BRIDE,2026-03-12 13:01:43,上架,,119.0,238.0,2,7,2026-05-18 00:00:00,,0,swd,2,0,2,2,婚纱 BRIDE,True,171,False,,E,0.9134779930180026,E2a
2026-08-01--2026-08-31,,SWD10247,BRIDE,2024-08-16 22:06:18,上架,,279.0,558.0,2,6,2026-04-22 00:00:00,,0,swd,2,0,2,2,婚纱 BRIDE,True,744,False,,E,0.9467451570949414,E2a
2026-08-01--2026-08-31,,SWD10011,BRIDE,2024-08-16 21:40:54,上架,,199.0,398.0,2,12,2026-08-10 00:00:00,,0,swd,2,0,2,2,婚纱 BRIDE,True,744,False,,E,0.9486617838318844,E2a
2026-08-01--2026-08-31,,SWD13355,BRIDE,2026-06-04 18:20:07,上架,,259.0,518.0,2,5,2026-07-07 00:00:00,,0,swd,2,0,2,2,婚纱 BRIDE,True,87,True,61-90天,E,0.9093709357245534,E2a
2026-08-01--2026-08-31,,SWD10483,BRIDE,2024-08-21 12:04:26,上架,,139.0,278.0,2,14,2026-08-01 00:00:00,,0,swd,2,0,2,2,婚纱 BRIDE,True,739,False,,E,0.9437333150797452,E2a
2026-08-01--2026-08-31,,SWD10045,BRIDE,2024-08-27 12:32:51,上架,,149.0,298.0,2,20,2026-08-10 16:00:00,2024-02-20,5,swd,2,0,2,2,婚纱 BRIDE,True,733,False,,E,0.948798685741666,E2a
2026-08-01--2026-08-31,,SWD10230,BRIDE,2024-08-21 11:46:28,上架,,160.0,320.0,2,16,2026-05-20 16:00:00,,0,swd,2,0,2,2,婚纱 BRIDE,True,739,False,,E,0.9466767061400506,E2a
2026-08-01--2026-08-31,,SWD13334,BRIDE,2026-05-29 11:45:12,上架,,299.0,598.0,2,7,2026-05-30 00:00:00,,0,swd,2,0,2,2,婚纱 BRIDE,True,93,False,,E,0.9093024847696626,E2a
2026-08-01--2026-08-31,,SWD13149,BRIDE,2026-03-12 12:06:55,上架,,179.0,358.0,2,6,2026-07-19 00:00:00,,0,swd,2,0,2,2,婚纱 BRIDE,True,171,False,,E,0.9129988363337668,E2a
2026-08-01--2026-08-31,,SWD13238,BRIDE,2026-04-11 14:55:09,上架,,219.0,438.0,2,0,,,0,swd,2,0,2,2,婚纱 BRIDE,True,141,False,,E,0.9109453076870422,E2a
2026-08-01--2026-08-31,,SWD10621,BRIDE,2024-08-19 16:24:34,上架,,149.0,298.0,2,6,2023-05-28 00:00:00,,0,swd,2,0,2,2,婚纱 BRIDE,True,741,False,,E,0.9432541583955096,E2a
2026-08-01--2026-08-31,,SWD10561,BRIDE,2024-08-16 21:44:49,上架,,149.0,298.0,2,18,2026-05-27 00:00:00,,0,swd,2,0,2,2,婚纱 BRIDE,True,744,False,,E,0.9435279622150728,E2a
2026-08-01--2026-08-31,,SWD10275,BRIDE,2024-11-28 18:11:09,上架,,149.0,298.0,2,13,2026-05-28 00:00:00,2026-03-14,2,swd,2,0,2,2,婚纱 BRIDE,True,640,False,,E,0.946129098500924,E2a
2026-08-01--2026-08-31,,SWD10435,BRIDE,2024-08-19 21:23:41,上架,,99.0,198.0,2,16,2026-07-18 16:00:00,,0,swd,2,0,2,2,婚纱 BRIDE,True,741,False,,E,0.9445547265384352,E2a
2026-08-01--2026-08-31,,SWD10624,BRIDE,2024-08-20 17:00:09,上架,,169.0,338.0,2,6,2026-07-12 09:23:24,,0,swd,2,0,2,2,婚纱 BRIDE,True,740,False,,E,0.9428434526661646,E2a
2026-08-01--2026-08-31,,SWD10022,BRIDE,2024-08-16 16:01:23,上架,,189.0,378.0,2,45,2026-07-20 00:00:00,,0,swd,2,0,2,2,婚纱 BRIDE,True,744,False,,E,0.9487302347867752,E2a
2026-08-01--2026-08-31,,SWD13389,BRIDE,2026-06-18 10:59:46,上架,,265.0,530.0,2,8,2026-07-10 16:00:00,,0,swd,2,0,2,2,婚纱 BRIDE,True,73,True,61-90天,E,0.9089602299952084,E2a
2026-08-01--2026-08-31,,SWD13218,BRIDE,2026-03-27 18:00:52,上架,,189.0,378.0,2,25,2026-07-21 16:00:00,2026-04-23,14,swd,2,0,2,2,婚纱 BRIDE,True,156,False,,E,0.9108768567321516,E2a
2026-08-01--2026-08-31,,SWD13511,BRIDE,2026-08-13 16:32:14,上架,,175.0,175.0,1,0,,,0,swd,2,0,2,1,婚纱 BRIDE,True,17,True,≤30天,E,0.9556437812307482,E2a
2026-08-01--2026-08-31,,SWD10276,BRIDE,2024-11-14 16:12:28,上架,,135.0,270.0,2,46,2026-05-22 00:00:00,2026-05-22,3,swd,2,0,2,2,婚纱 BRIDE,True,654,False,,E,0.9461975494558148,E2a
2026-08-01--2026-08-31,,SWD11319,BRIDE,2024-08-21 18:57:52,上架,,149.0,149.0,1,8,2026-07-14 00:00:00,,0,swd,1,0,1,1,婚纱 BRIDE,True,739,False,,E,0.9749469505099596,E2b
2026-08-01--2026-08-31,,SWD10304,BRIDE,2024-08-16 18:03:51,上架,,199.0,199.0,1,22,2026-04-28 00:00:00,,0,swd,1,0,1,1,婚纱 BRIDE,True,744,False,,E,0.966630159490725,E2b
2026-08-01--2026-08-31,,SWD12566,BRIDE,2024-11-25 10:53:46,上架,,179.0,179.0,1,0,,,0,swd,1,0,1,1,婚纱 BRIDE,True,643,False,,E,0.98791840646177,E2b
2026-08-01--2026-08-31,,SWD12565,BRIDE,2024-11-27 15:57:52,上架,,219.0,219.0,1,10,2025-12-22 00:00:00,2025-08-06,2,swd,1,0,1,1,婚纱 BRIDE,True,641,False,,E,0.9878841809843248,E2b
2026-08-01--2026-08-31,,SWD10317,BRIDE,2024-08-16 18:20:43,上架,,139.0,139.0,1,11,2024-05-26 09:19:07,,0,swd,1,0,1,1,婚纱 BRIDE,True,744,False,,E,0.9666643849681704,E2b
2026-08-01--2026-08-31,,SWD11296,BRIDE,2024-08-26 18:36:57,上架,,149.0,149.0,1,0,,,0,swd,1,0,1,1,婚纱 BRIDE,True,734,False,,E,0.9751180778971866,E2b
2026-08-01--2026-08-31,,SWD11304,BRIDE,2024-08-16 17:27:03,上架,,189.0,189.0,1,26,2026-07-07 17:19:31,2026-02-11,2,swd,1,0,1,1,婚纱 BRIDE,True,744,False,,E,0.975152303374632,E2b
2026-08-01--2026-08-31,,SWD13311,BRIDE,2026-05-18 10:09:30,下架,2026-06-08 09:21:14,335.0,0.0,0,0,,,0,swd,1,0,1,1,婚纱 BRIDE,False,104,False,,E,0.99582449175166,E2b
2026-08-01--2026-08-31,,SWD12564,BRIDE,2024-11-25 10:53:24,上架,,179.0,179.0,1,6,2026-08-06 00:00:00,,0,swd,1,0,1,1,婚纱 BRIDE,True,643,False,,E,0.9878499555068794,E2b
2026-08-01--2026-08-31,,SWD12563,BRIDE,2024-11-14 16:53:19,上架,,239.0,239.0,1,8,2026-05-27 00:00:00,2026-05-27,1,swd,1,0,1,1,婚纱 BRIDE,True,654,False,,E,0.987815730029434,E2b
2026-08-01--2026-08-31,,SWD12568,BRIDE,2024-11-25 10:54:08,上架,,149.0,149.0,1,8,2026-07-07 00:00:00,,0,swd,1,0,1,1,婚纱 BRIDE,True,643,False,,E,0.9879526319392156,E2b
2026-08-01--2026-08-31,,SWD11293,BRIDE,2024-08-19 17:47:55,上架,,149.0,149.0,1,26,2024-11-06 00:00:00,2024-11-06,1,swd,1,0,1,1,婚纱 BRIDE,True,741,False,,E,0.9756314600588678,E2b
2026-08-01--2026-08-31,,SWD10245,BRIDE,2024-08-16 14:25:51,上架,,170.0,170.0,1,11,2026-07-15 00:00:00,2023-02-10,6,swd,1,0,1,1,婚纱 BRIDE,True,744,False,,E,0.9654322677801356,E2b
2026-08-01--2026-08-31,,SWD12473,BRIDE,2024-09-24 19:14:14,上架,,179.0,179.0,1,1,2025-09-29 00:00:00,2025-09-29,4,swd,1,0,1,1,婚纱 BRIDE,True,705,False,,E,0.985146142788692,E2b
2026-08-01--2026-08-31,,SWD10249,BRIDE,2024-08-19 19:54:43,上架,,189.0,189.0,1,11,2026-07-15 00:00:00,,0,swd,1,0,1,1,婚纱 BRIDE,True,741,False,,E,0.9654664932575808,E2b
2026-08-01--2026-08-31,,SWD11441,BRIDE,2024-08-20 20:52:19,上架,,179.0,179.0,1,0,,,0,swd,1,0,1,1,婚纱 BRIDE,True,740,False,,E,0.9766924498596756,E2b
2026-08-01--2026-08-31,,SWD12483,BRIDE,2024-09-12 10:19:53,上架,,219.0,219.0,1,5,2026-03-10 00:00:00,,0,swd,1,0,1,1,婚纱 BRIDE,True,717,False,,E,0.9851803682661372,E2b
2026-08-01--2026-08-31,,SWD12485,BRIDE,2024-09-03 11:08:49,上架,,169.0,169.0,1,23,2026-08-05 16:00:00,2025-03-28,4,swd,1,0,1,1,婚纱 BRIDE,True,726,False,,E,0.9852145937435828,E2b
2026-08-01--2026-08-31,,SWD12487,BRIDE,2024-09-12 10:39:12,上架,,169.0,169.0,1,4,2026-08-19 00:00:00,,0,swd,1,0,1,1,婚纱 BRIDE,True,717,False,,E,0.9847012115819016,E2b
2026-08-01--2026-08-31,,SWD12496,BRIDE,2024-09-03 11:08:40,上架,,189.0,189.0,1,5,2026-06-07 16:00:00,,0,swd,1,0,1,1,婚纱 BRIDE,True,726,False,,E,0.984735437059347,E2b
2026-08-01--2026-08-31,,SWD10272,BRIDE,2024-08-22 18:05:55,上架,,229.0,229.0,1,5,2026-06-07 00:00:00,,0,swd,1,0,1,1,婚纱 BRIDE,True,738,False,,E,0.9670066397426244,E2b
2026-08-01--2026-08-31,,SWD12517,BRIDE,2024-09-12 10:34:57,上架,,229.0,229.0,1,6,2026-06-09 00:00:00,,0,swd,1,1,1,1,婚纱 BRIDE,True,717,False,,E,0.9859675542473818,E2b
2026-08-01--2026-08-31,,SWD11384,BRIDE,2024-08-22 17:03:27,上架,,159.0,159.0,1,4,2024-01-18 07:14:33,,0,swd,1,0,1,1,婚纱 BRIDE,True,738,False,,E,0.976897802724348,E2b
2026-08-01--2026-08-31,,SWD11381,BRIDE,2024-08-19 18:03:00,上架,,170.0,170.0,1,8,2026-07-24 16:00:00,,0,swd,1,0,1,1,婚纱 BRIDE,True,741,False,,E,0.9768635772469026,E2b
2026-08-01--2026-08-31,,SWD10280,BRIDE,2024-08-19 17:26:40,上架,,249.0,249.0,1,1,2026-04-01 00:00:00,,0,swd,1,0,1,1,婚纱 BRIDE,True,741,False,,E,0.9670408652200698,E2b
2026-08-01--2026-08-31,,SWD12534,BRIDE,2024-09-05 11:24:23,上架,,169.0,169.0,1,10,2025-03-16 06:49:55,,0,swd,1,0,1,1,婚纱 BRIDE,True,724,False,,E,0.9877130535970976,E2b
2026-08-01--2026-08-31,,SWD12527,BRIDE,2024-09-05 11:22:04,下架,2026-08-05 12:06:02,219.0,219.0,1,0,,,0,swd,1,0,1,1,婚纱 BRIDE,False,724,False,,E,0.9860017797248272,E2b
2026-08-01--2026-08-31,,SWD13320,BRIDE,2026-05-20 16:41:11,上架,,170.0,170.0,1,16,2026-07-15 00:00:00,2026-06-11,8,swd,1,0,1,1,婚纱 BRIDE,True,102,False,,E,0.99709083441714,E2b
2026-08-01--2026-08-31,,SWD12531,BRIDE,2024-09-27 11:56:31,上架,,199.0,199.0,1,0,,,0,swd,1,1,1,1,婚纱 BRIDE,True,702,False,,E,0.9860360052022724,E2b
2026-08-01--2026-08-31,,SWD11363,BRIDE,2024-08-23 15:01:26,上架,,159.0,159.0,1,9,2026-07-06 16:00:00,,0,swd,1,0,1,1,婚纱 BRIDE,True,737,False,,E,0.9768293517694572,E2b
2026-08-01--2026-08-31,,SWD10293,BRIDE,2024-08-27 10:19:04,上架,,149.0,149.0,1,0,,,0,swd,1,0,1,1,婚纱 BRIDE,True,733,False,,E,0.9671093161749608,E2b
2026-08-01--2026-08-31,,SWD12543,BRIDE,2024-09-05 11:29:49,上架,,169.0,169.0,1,10,2026-05-14 00:00:00,,0,swd,1,0,1,1,婚纱 BRIDE,True,724,False,,E,0.9877472790745432,E2b
2026-08-01--2026-08-31,,SWD12549,BRIDE,2024-09-05 11:28:26,上架,,229.0,229.0,1,1,2025-12-24 00:00:00,,0,swd,1,0,1,1,婚纱 BRIDE,True,724,False,,E,0.9877815045519884,E2b
2026-08-01--2026-08-31,,SWD11344,BRIDE,2024-08-22 16:59:50,上架,,175.0,175.0,1,1,2026-03-12 00:00:00,2026-03-12,1,swd,1,0,1,1,婚纱 BRIDE,True,738,False,,E,0.9767951262920118,E2b
2026-08-01--2026-08-31,,SWD11343,BRIDE,2024-08-21 19:06:49,上架,,179.0,179.0,1,4,2026-06-19 19:38:49,,0,swd,1,0,1,1,婚纱 BRIDE,True,739,False,,E,0.9767609008145663,E2b
2026-08-01--2026-08-31,,SWD13315,BRIDE,2026-05-19 18:39:20,上架,,280.0,280.0,1,6,2026-05-24 00:00:00,,0,swd,1,0,1,1,婚纱 BRIDE,True,103,False,,E,0.9970566089396948,E2b
2026-08-01--2026-08-31,,SWD10300,BRIDE,2024-08-20 19:05:23,上架,,160.0,160.0,1,17,2026-08-13 11:01:22,,0,swd,1,0,1,1,婚纱 BRIDE,True,740,False,,E,0.967143541652406,E2b
2026-08-01--2026-08-31,,SWD11334,BRIDE,2024-08-21 11:22:53,上架,,149.0,149.0,1,8,2026-07-20 00:00:00,,0,swd,1,0,1,1,婚纱 BRIDE,True,739,False,,E,0.9750496269422958,E2b
2026-08-01--2026-08-31,,SWD11324,BRIDE,2024-11-28 17:44:29,上架,,149.0,149.0,1,19,2026-07-08 00:00:00,,0,swd,1,0,1,1,婚纱 BRIDE,True,640,False,,E,0.9750154014648504,E2b
2026-08-01--2026-08-31,,SWD11321,BRIDE,2024-08-27 12:28:44,上架,,149.0,149.0,1,13,2024-10-21 07:11:51,,0,swd,1,0,1,1,婚纱 BRIDE,True,733,False,,E,0.974981175987405,E2b
2026-08-01--2026-08-31,,SWD10284,BRIDE,2024-08-22 18:07:25,上架,,219.0,219.0,1,7,2026-07-23 00:00:00,,0,swd,1,0,1,1,婚纱 BRIDE,True,738,False,,E,0.9670750906975152,E2b
2026-08-01--2026-08-31,,SWD12767,BRIDE,2025-09-18 16:09:48,上架,,319.0,319.0,1,17,2026-07-29 00:00:00,,0,swd,1,0,1,1,婚纱 BRIDE,True,346,False,,E,0.9895954548565952,E2b
2026-08-01--2026-08-31,,SWD10430,BRIDE,2024-08-22 11:39:15,上架,,139.0,139.0,1,6,2026-07-29 00:00:00,,0,swd,1,0,1,1,婚纱 BRIDE,True,738,False,,E,0.9676226983366418,E2b
2026-08-01--2026-08-31,,SWD12753,BRIDE,2025-09-16 14:19:09,上架,,354.0,354.0,1,15,2026-04-24 00:00:00,2026-04-24,8,swd,1,0,1,1,婚纱 BRIDE,True,348,False,,E,0.9895612293791498,E2b
2026-08-01--2026-08-31,,SWD11075,BRIDE,2024-08-16 18:03:27,上架,,169.0,169.0,1,9,2024-09-20 10:29:50,,0,swd,1,1,1,1,婚纱 BRIDE,True,744,False,,E,0.9735437059346976,E2b
2026-08-01--2026-08-31,,SWD11081,BRIDE,2024-08-20 20:37:29,上架,,180.0,180.0,1,10,2026-05-07 00:00:00,2023-07-09,1,swd,1,0,1,1,婚纱 BRIDE,True,740,False,,E,0.9732356766376892,E2b
2026-08-01--2026-08-31,,SWD12734,BRIDE,2025-08-25 11:12:09,上架,,206.0,206.0,1,12,2026-07-04 21:59:05,,0,swd,1,0,1,1,婚纱 BRIDE,True,370,False,,E,0.9895270039017044,E2b
2026-08-01--2026-08-31,,SWD12728,BRIDE,2025-08-20 14:42:27,上架,,239.0,239.0,1,0,,,0,swd,1,0,1,1,婚纱 BRIDE,True,375,False,,E,0.989492778424259,E2b
2026-08-01--2026-08-31,,SWD11237,BRIDE,2024-08-23 15:00:41,上架,,149.0,149.0,1,0,,,0,swd,1,0,1,1,婚纱 BRIDE,True,737,False,,E,0.9741255390512698,E2b
2026-08-01--2026-08-31,,SWD10406,BRIDE,2024-08-16 20:09:39,上架,,188.0,188.0,1,5,2026-07-07 00:00:00,,0,swd,1,0,1,1,婚纱 BRIDE,True,744,False,,E,0.9675884728591964,E2b
2026-08-01--2026-08-31,,SWD12707,BRIDE,2025-07-14 11:53:35,上架,,219.0,219.0,1,4,2026-06-13 00:00:00,,0,swd,1,0,1,1,婚纱 BRIDE,True,412,False,,E,0.9882948867136696,E2b
2026-08-01--2026-08-31,,SWD12706,BRIDE,2025-07-14 10:38:07,上架,,489.0,489.0,1,20,2026-07-21 00:00:00,2026-05-19,6,swd,1,0,1,1,婚纱 BRIDE,True,412,False,,E,0.9882606612362242,E2b
2026-08-01--2026-08-31,,SWD11124,BRIDE,2024-08-29 14:54:05,上架,,159.0,159.0,1,5,2026-05-22 10:14:45,,0,swd,1,0,1,1,婚纱 BRIDE,True,731,False,,E,0.97330412759258,E2b
2026-08-01--2026-08-31,,SWD11128,BRIDE,2024-08-21 18:52:54,上架,,189.0,189.0,1,3,2026-01-17 22:05:49,,0,swd,1,0,1,1,婚纱 BRIDE,True,739,False,,E,0.9733383530700254,E2b
2026-08-01--2026-08-31,,SWD10392,BRIDE,2024-08-16 05:59:32,上架,,130.0,130.0,1,38,2025-12-19 00:00:00,2025-11-18,2,swd,1,0,1,1,婚纱 BRIDE,True,744,False,,E,0.967554247381751,E2b
2026-08-01--2026-08-31,,SWD10386,BRIDE,2024-08-22 11:34:30,上架,,149.0,149.0,1,8,2026-07-14 00:00:00,,0,swd,1,0,1,1,婚纱 BRIDE,True,738,False,,E,0.9675200219043056,E2b
2026-08-01--2026-08-31,,SWD12699,BRIDE,2025-06-11 11:42:22,上架,,209.0,209.0,1,0,,,0,swd,1,0,1,1,婚纱 BRIDE,True,445,False,,E,0.9887740433979054,E2b
2026-08-01--2026-08-31,,SWD11102,BRIDE,2024-09-04 11:42:59,上架,,149.0,149.0,1,0,,,0,swd,1,0,1,1,婚纱 BRIDE,True,725,False,,E,0.9732699021151344,E2b
2026-08-01--2026-08-31,,SWD10969,BRIDE,2024-08-26 18:07:06,上架,,189.0,189.0,1,6,2026-04-15 00:00:00,,0,swd,1,0,1,1,婚纱 BRIDE,True,734,False,,E,0.9717982065849818,E2b
2026-08-01--2026-08-31,,SWD13188,BRIDE,2026-03-13 14:31:40,上架,,309.0,309.0,1,8,2026-07-26 16:00:00,,0,swd,1,0,1,1,婚纱 BRIDE,True,170,False,,E,0.9935656102402628,E2b
2026-08-01--2026-08-31,,SWD12820,BRIDE,2025-11-13 16:15:37,上架,,179.0,179.0,1,1,2026-02-07 07:12:27,,0,swd,1,0,1,1,婚纱 BRIDE,True,290,False,,E,0.9892874255595866,E2b
2026-08-01--2026-08-31,,SWD12819,BRIDE,2025-11-04 10:47:59,上架,,189.0,189.0,1,26,2026-06-05 13:51:51,2026-04-24,8,swd,1,0,1,1,婚纱 BRIDE,True,299,False,,E,0.9892532000821412,E2b
2026-08-01--2026-08-31,,SWD10476,BRIDE,2024-08-30 12:20:55,上架,,168.0,168.0,1,27,2026-07-16 16:00:00,,0,swd,1,0,1,1,婚纱 BRIDE,True,730,False,,E,0.9691628448216852,E2b
2026-08-01--2026-08-31,,SWD10989,BRIDE,2024-08-21 11:21:32,上架,,159.0,159.0,1,11,2026-06-14 16:00:00,,0,swd,1,0,1,1,婚纱 BRIDE,True,739,False,,E,0.9734752549798068,E2b
2026-08-01--2026-08-31,,SWD13198,BRIDE,2026-04-07 14:05:58,上架,,148.0,148.0,1,6,2026-06-26 00:00:00,,0,swd,1,1,1,1,婚纱 BRIDE,True,145,False,,E,0.9966801286877952,E2b
2026-08-01--2026-08-31,,SWD13199,BRIDE,2026-04-07 14:10:21,上架,,109.0,109.0,1,7,2026-08-02 22:19:39,,0,swd,1,0,1,1,婚纱 BRIDE,True,145,False,,E,0.9967143541652406,E2b
2026-08-01--2026-08-31,,SWD10440,BRIDE,2024-11-20 16:49:15,上架,,109.0,109.0,1,42,2026-05-06 16:00:00,,0,swd,1,0,1,1,婚纱 BRIDE,True,648,False,,E,0.9676569238140872,E2b
2026-08-01--2026-08-31,,SWD12799,BRIDE,2025-11-04 16:00:48,上架,,469.0,469.0,1,0,,,0,swd,1,0,1,1,婚纱 BRIDE,True,299,False,,E,0.989082072694914,E2b
2026-08-01--2026-08-31,,SWD10456,BRIDE,2024-08-20 14:55:16,上架,,128.0,128.0,1,26,2026-07-18 16:00:00,2026-03-01,4,swd,1,0,1,1,婚纱 BRIDE,True,740,False,,E,0.9690943938667944,E2b
2026-08-01--2026-08-31,,SWD10455,BRIDE,2024-08-22 11:39:41,上架,,148.0,148.0,1,24,2026-05-13 16:00:00,,0,swd,1,0,1,1,婚纱 BRIDE,True,738,False,,E,0.9674173454719692,E2b
2026-08-01--2026-08-31,,SWD13210,BRIDE,2026-03-23 10:35:37,上架,,425.0,425.0,1,16,2026-08-02 16:00:00,,0,swd,1,0,1,1,婚纱 BRIDE,True,160,False,,E,0.9962009720035596,E2b
2026-08-01--2026-08-31,,SWD11022,BRIDE,2024-08-29 14:45:51,上架,,159.0,159.0,1,0,,,0,swd,1,0,1,1,婚纱 BRIDE,True,731,False,,E,0.9735094804572524,E2b
2026-08-01--2026-08-31,,SWD13211,BRIDE,2026-04-07 14:10:35,上架,,169.0,169.0,1,0,,,0,swd,1,0,1,1,婚纱 BRIDE,True,145,False,,E,0.9962351974810048,E2b
2026-08-01--2026-08-31,,SWD13214,BRIDE,2026-04-07 14:06:34,上架,,469.0,469.0,1,0,,,0,swd,1,0,1,1,婚纱 BRIDE,True,145,False,,E,0.9962694229584502,E2b
2026-08-01--2026-08-31,,SWD10441,BRIDE,2024-08-16 21:44:40,上架,,119.0,119.0,1,10,2026-07-10 00:00:00,,0,swd,1,0,1,1,婚纱 BRIDE,True,744,False,,E,0.9676911492915328,E2b
2026-08-01--2026-08-31,,SWD10467,BRIDE,2024-08-27 10:28:01,上架,,229.0,229.0,1,16,2026-04-21 00:00:00,,0,swd,1,0,1,1,婚纱 BRIDE,True,733,False,,E,0.96912861934424,E2b
2026-08-01--2026-08-31,,SWD11220,BRIDE,2024-08-20 20:47:06,上架,,219.0,219.0,1,16,2026-07-21 16:00:00,,0,swd,1,1,1,1,婚纱 BRIDE,True,740,False,,E,0.9740913135738244,E2b
2026-08-01--2026-08-31,,SWD13283,BRIDE,2026-04-30 16:14:53,上架,,259.0,259.0,1,8,2026-08-05 00:00:00,,0,swd,1,0,1,1,婚纱 BRIDE,True,122,False,,E,0.9957560407967692,E2b
2026-08-01--2026-08-31,,SWD10339,BRIDE,2024-08-16 07:53:54,上架,,159.0,159.0,1,27,2024-05-14 02:58:39,2023-06-06,3,swd,1,0,1,1,婚纱 BRIDE,True,744,False,,E,0.9667328359230613,E2b
2026-08-01--2026-08-31,,SWD11458,BRIDE,2024-08-16 17:26:50,上架,,149.0,149.0,1,29,2024-05-08 00:00:00,,0,swd,1,0,1,1,婚纱 BRIDE,True,744,False,,E,0.976726675337121,E2b
2026-08-01--2026-08-31,,SWD11241,BRIDE,2024-08-22 17:00:48,上架,,159.0,159.0,1,6,2026-07-01 00:00:00,,0,swd,1,0,1,1,婚纱 BRIDE,True,738,False,,E,0.9741597645287152,E2b
2026-08-01--2026-08-31,,SWD10333,BRIDE,2024-08-23 17:00:06,上架,,249.0,249.0,1,6,2026-07-16 20:57:02,,0,swd,1,0,1,1,婚纱 BRIDE,True,737,False,,E,0.9666986104456156,E2b
2026-08-01--2026-08-31,,SWD13291,BRIDE,2026-05-08 17:46:00,上架,,159.0,159.0,1,6,2026-08-04 16:00:00,,0,swd,1,0,1,1,婚纱 BRIDE,True,114,False,,E,0.9957902662742144,E2b
2026-08-01--2026-08-31,,SWD11247,BRIDE,2024-08-16 20:40:28,上架,,239.0,239.0,1,28,2026-08-10 14:56:58,,0,swd,1,0,1,1,婚纱 BRIDE,True,744,False,,E,0.9741939900061606,E2b
2026-08-01--2026-08-31,,SWD12698,BRIDE,2025-06-10 16:27:11,上架,,599.0,599.0,1,5,2026-04-17 00:00:00,,0,swd,1,0,1,1,婚纱 BRIDE,True,446,False,,E,0.98873981792046,E2b
2026-08-01--2026-08-31,,SWD12612,BRIDE,2024-12-05 15:22:05,上架,,179.0,179.0,1,6,2026-06-14 16:00:00,,0,swd,1,0,1,1,婚纱 BRIDE,True,633,False,,E,0.9875419262098706,E2b
2026-08-01--2026-08-31,,SWD11255,BRIDE,2024-08-20 20:46:49,上架,,169.0,169.0,1,22,2024-05-06 00:00:00,,0,swd,1,0,1,1,婚纱 BRIDE,True,740,False,,E,0.9742624409610514,E2b
2026-08-01--2026-08-31,,SWD11257,BRIDE,2024-11-25 10:05:48,上架,,229.0,229.0,1,12,2026-07-23 00:00:00,,0,swd,1,1,1,1,婚纱 BRIDE,True,643,False,,E,0.9737490587993702,E2b
2026-08-01--2026-08-31,,SWD12607,BRIDE,2024-12-03 18:31:21,上架,,169.0,169.0,1,10,2026-07-28 00:00:00,,0,swd,1,0,1,1,婚纱 BRIDE,True,635,False,,E,0.9875077007324252,E2b
2026-08-01--2026-08-31,,SWD12601,BRIDE,2024-12-03 18:30:13,上架,,149.0,149.0,1,5,2026-05-23 00:00:00,,0,swd,1,0,1,1,婚纱 BRIDE,True,635,False,,E,0.98747347525498,E2b
2026-08-01--2026-08-31,,SWD11279,BRIDE,2024-08-26 18:34:40,上架,,159.0,159.0,1,0,,,0,swd,1,0,1,1,婚纱 BRIDE,True,734,False,,E,0.9737832842768156,E2b
2026-08-01--2026-08-31,,SWD12587,BRIDE,2024-11-29 20:10:37,上架,,149.0,149.0,1,3,2026-07-11 21:32:04,,0,swd,1,0,1,1,婚纱 BRIDE,True,639,False,,E,0.9874392497775344,E2b
2026-08-01--2026-08-31,,SWD11286,BRIDE,2024-08-19 20:57:58,上架,,149.0,149.0,1,15,2026-06-19 16:00:00,,0,swd,1,0,1,1,婚纱 BRIDE,True,741,False,,E,0.9738175097542612,E2b
2026-08-01--2026-08-31,,SWD11249,BRIDE,2024-08-26 18:34:30,上架,,159.0,159.0,1,0,,,0,swd,1,0,1,1,婚纱 BRIDE,True,734,False,,E,0.974228215483606,E2b
2026-08-01--2026-08-31,,SWD13257,BRIDE,2026-04-25 11:34:11,上架,,199.0,199.0,1,5,2026-05-17 11:42:15,,0,swd,1,0,1,1,婚纱 BRIDE,True,127,False,,E,0.9963036484358956,E2b
2026-08-01--2026-08-31,,SWD12693,BRIDE,2025-05-09 09:29:55,上架,,169.0,169.0,1,5,2026-04-18 00:00:00,,0,swd,1,0,1,1,婚纱 BRIDE,True,478,False,,E,0.9887055924430146,E2b
2026-08-01--2026-08-31,,SWD12692,BRIDE,2025-05-07 10:44:54,上架,,499.0,499.0,1,14,2026-07-28 00:00:00,2026-04-17,4,swd,1,0,1,1,婚纱 BRIDE,True,480,False,,E,0.9886713669655692,E2b
2026-08-01--2026-08-31,,SWD12686,BRIDE,2025-01-03 18:42:51,上架,,179.0,179.0,1,6,2026-04-23 00:00:00,,0,swd,1,0,1,1,婚纱 BRIDE,True,604,False,,E,0.987405024300089,E2b
2026-08-01--2026-08-31,,SWD12678,BRIDE,2025-01-03 18:41:00,上架,,159.0,159.0,1,3,2026-02-03 00:00:00,,0,swd,1,0,1,1,婚纱 BRIDE,True,604,False,,E,0.9873707988226436,E2b
2026-08-01--2026-08-31,,SWD12677,BRIDE,2025-01-03 17:36:56,上架,,189.0,189.0,1,23,2026-07-17 00:00:00,,0,swd,1,0,1,1,婚纱 BRIDE,True,604,False,,E,0.9873365733451982,E2b
2026-08-01--2026-08-31,,SWD10377,BRIDE,2024-08-19 21:23:50,上架,,169.0,169.0,1,15,2026-05-08 00:00:00,,0,swd,1,1,1,1,婚纱 BRIDE,True,741,False,,E,0.9662879047162708,E2b
2026-08-01--2026-08-31,,SWD11172,BRIDE,2024-08-26 18:14:09,上架,,139.0,139.0,1,10,2026-07-06 16:00:00,,0,swd,1,0,1,1,婚纱 BRIDE,True,734,False,,E,0.9733725785474708,E2b
2026-08-01--2026-08-31,,SWD11209,BRIDE,2024-09-04 11:58:01,上架,,149.0,149.0,1,7,2026-06-16 00:00:00,,0,swd,1,0,1,1,婚纱 BRIDE,True,725,False,,E,0.9740570880963788,E2b
2026-08-01--2026-08-31,,SWD11183,BRIDE,2024-08-20 18:33:02,上架,,239.0,239.0,1,18,2026-07-08 00:00:00,,0,swd,1,0,1,1,婚纱 BRIDE,True,740,False,,E,0.9734410295023616,E2b
2026-08-01--2026-08-31,,SWD11185,BRIDE,2024-08-23 14:55:50,上架,,189.0,189.0,1,0,,,0,swd,1,0,1,1,婚纱 BRIDE,True,737,False,,E,0.9729276473406804,E2b
2026-08-01--2026-08-31,,SWD13270,BRIDE,2026-05-08 10:21:03,上架,,229.0,229.0,1,19,2026-06-30 00:00:00,2026-06-30,8,swd,1,0,1,1,婚纱 BRIDE,True,114,False,,E,0.996337873913341,E2b
2026-08-01--2026-08-31,,SWD10362,BRIDE,2024-08-22 11:34:11,上架,,139.0,139.0,1,40,2026-08-25 00:00:00,,0,swd,1,0,1,1,婚纱 BRIDE,True,738,False,,E,0.9662536792388254,E2b
2026-08-01--2026-08-31,,SWD13278,BRIDE,2026-05-08 10:30:09,上架,,159.0,159.0,1,6,2026-06-13 14:39:12,,0,swd,1,0,1,1,婚纱 BRIDE,True,114,False,,E,0.9963720993907864,E2b
2026-08-01--2026-08-31,,SWD10354,BRIDE,2024-08-16 22:33:18,上架,,149.0,149.0,1,14,2026-08-01 10:41:32,2026-07-19,3,swd,1,0,1,1,婚纱 BRIDE,True,744,False,,E,0.96621945376138,E2b
2026-08-01--2026-08-31,,SWD10353,BRIDE,2024-08-22 11:34:21,上架,,189.0,189.0,1,8,2026-07-23 00:00:00,,0,swd,1,0,1,1,婚纱 BRIDE,True,738,False,,E,0.9661852282839346,E2b
2026-08-01--2026-08-31,,SWD12642,BRIDE,2024-12-05 15:28:25,上架,,169.0,169.0,1,7,2026-07-13 16:00:00,,0,swd,1,0,1,1,婚纱 BRIDE,True,633,False,,E,0.9873023478677528,E2b
2026-08-01--2026-08-31,,SWD11182,BRIDE,2024-08-21 18:53:20,上架,,175.0,175.0,1,15,2026-08-16 00:00:00,,0,swd,1,0,1,1,婚纱 BRIDE,True,739,False,,E,0.9734068040249162,E2b
2026-08-01--2026-08-31,,SWD10085,BRIDE,2024-08-16 16:12:44,上架,,269.0,269.0,1,15,2026-04-20 00:00:00,,0,swd,1,0,1,1,婚纱 BRIDE,True,744,False,,E,0.9648846601410088,E2b
2026-08-01--2026-08-31,,SWD10082,BRIDE,2024-08-20 21:18:24,上架,,149.0,149.0,1,3,2022-10-19 00:00:00,,0,swd,1,0,1,1,婚纱 BRIDE,True,740,False,,E,0.9648504346635636,E2b
2026-08-01--2026-08-31,,SWD11824,BRIDE,2024-08-21 11:09:05,上架,,230.0,230.0,1,4,2026-06-20 00:00:00,,0,swd,1,0,1,1,婚纱 BRIDE,True,739,False,,E,0.9807995071531248,E2b
2026-08-01--2026-08-31,,SWD12182,BRIDE,2024-09-09 18:23:34,上架,,169.0,169.0,1,7,2026-07-06 16:00:00,,0,swd,1,0,1,1,婚纱 BRIDE,True,720,False,,E,0.9825450065028408,E2b
2026-08-01--2026-08-31,,SWD12181,BRIDE,2024-08-23 13:19:49,上架,,179.0,179.0,1,10,2026-05-23 00:00:00,,0,swd,1,0,1,1,婚纱 BRIDE,True,737,False,,E,0.9825107810253954,E2b
2026-08-01--2026-08-31,,SWD11829,BRIDE,2024-09-23 11:15:04,上架,,179.0,179.0,1,20,2026-07-23 00:00:00,2025-05-21,5,swd,1,0,1,1,婚纱 BRIDE,True,706,False,,E,0.9808337326305702,E2b
2026-08-01--2026-08-31,,SWD10079,BRIDE,2024-08-22 17:58:03,上架,,149.0,149.0,1,5,2022-10-19 00:00:00,,0,swd,1,0,1,1,婚纱 BRIDE,True,738,False,,E,0.964816209186118,E2b
2026-08-01--2026-08-31,,SWD10078,BRIDE,2024-08-20 21:17:35,上架,,209.0,209.0,1,7,2026-06-09 11:13:38,,0,swd,1,0,1,1,婚纱 BRIDE,True,740,False,,E,0.9647819837086729,E2b
2026-08-01--2026-08-31,,SWD12424,BRIDE,2024-08-28 16:13:01,上架,,229.0,229.0,1,0,,,0,swd,1,0,1,1,婚纱 BRIDE,True,732,False,,E,0.9850092408789104,E2b
2026-08-01--2026-08-31,,SWD13464,BRIDE,2026-08-20 16:31:55,上架,,169.0,169.0,1,0,,,0,swd,1,0,1,1,婚纱 BRIDE,True,10,True,≤30天,E,0.9995892942706552,E2b
2026-08-01--2026-08-31,,SWD13504,BRIDE,2026-08-20 17:58:03,上架,,129.0,129.0,1,0,,,0,swd,1,0,1,1,婚纱 BRIDE,True,10,True,≤30天,E,0.9996235197481004,E2b
2026-08-01--2026-08-31,,SWD10069,BRIDE,2024-08-21 11:41:31,上架,,235.0,235.0,1,8,2026-06-24 16:00:00,,0,swd,1,0,1,1,婚纱 BRIDE,True,739,False,,E,0.96331028817852,E2b
2026-08-01--2026-08-31,,SWD12155,BRIDE,2024-09-09 17:29:17,上架,,169.0,169.0,1,8,2026-06-27 13:17:37,,0,swd,1,0,1,1,婚纱 BRIDE,True,720,False,,E,0.9829899377096312,E2b
2026-08-01--2026-08-31,,SWD10060,BRIDE,2024-08-20 21:17:19,上架,,320.0,320.0,1,9,2026-04-21 00:00:00,2025-08-02,1,swd,1,0,1,1,婚纱 BRIDE,True,740,False,,E,0.9632760627010748,E2b
2026-08-01--2026-08-31,,SWD10059,BRIDE,2024-08-23 16:33:15,上架,,243.0,243.0,1,10,2026-06-20 10:43:31,,0,swd,1,0,1,1,婚纱 BRIDE,True,737,False,,E,0.9632418372236292,E2b
2026-08-01--2026-08-31,,SWD12148,BRIDE,2024-09-09 14:44:14,上架,,179.0,179.0,1,6,2026-05-25 16:00:00,,0,swd,1,0,1,1,婚纱 BRIDE,True,720,False,,E,0.9829557122321856,E2b
2026-08-01--2026-08-31,,SWD10058,BRIDE,2024-08-20 16:47:13,上架,,183.0,183.0,1,19,2026-06-16 16:45:07,2026-03-19,4,swd,1,0,1,1,婚纱 BRIDE,True,740,False,,E,0.963207611746184,E2b
2026-08-01--2026-08-31,,SWD12172,BRIDE,2024-09-09 17:32:46,上架,,149.0,149.0,1,10,2024-11-18 00:00:00,2024-11-18,2,swd,1,0,1,1,婚纱 BRIDE,True,720,False,,E,0.9830241631870764,E2b
2026-08-01--2026-08-31,,SWD13460,BRIDE,2026-07-29 10:13:19,下架,2026-08-17 09:37:12,299.0,299.0,1,0,,,0,swd,1,0,1,1,婚纱 BRIDE,False,32,True,31-60天,E,0.95704702580601,E2b
2026-08-01--2026-08-31,,SWD11749,BRIDE,2024-08-16 06:02:28,上架,,219.0,219.0,1,11,2026-07-31 00:00:00,,0,swd,1,0,1,1,婚纱 BRIDE,True,744,False,,E,0.9800123211718804,E2b
2026-08-01--2026-08-31,,SWD11751,BRIDE,2024-11-28 17:04:11,上架,,229.0,229.0,1,12,2025-01-04 03:51:33,2024-04-09,2,swd,1,0,1,1,婚纱 BRIDE,True,640,False,,E,0.9794989390101992,E2b
2026-08-01--2026-08-31,,SWD11757,BRIDE,2024-08-21 11:01:58,上架,,189.0,189.0,1,22,2026-08-06 00:00:00,,0,swd,1,0,1,1,婚纱 BRIDE,True,739,False,,E,0.9795331644876446,E2b
2026-08-01--2026-08-31,,SWD11758,BRIDE,2024-08-20 15:42:16,上架,,189.0,189.0,1,4,2024-01-07 03:01:52,,0,swd,1,0,1,1,婚纱 BRIDE,True,740,False,,E,0.97956738996509,E2b
2026-08-01--2026-08-31,,SWD11760,BRIDE,2024-08-19 16:53:18,上架,,300.0,300.0,1,29,2026-04-23 00:00:00,,0,swd,1,0,1,1,婚纱 BRIDE,True,741,False,,E,0.9796016154425354,E2b
2026-08-01--2026-08-31,,SWD11762,BRIDE,2024-08-21 11:00:53,上架,,165.0,165.0,1,14,2026-08-25 00:00:00,,0,swd,1,1,1,1,婚纱 BRIDE,True,739,False,,E,0.9796358409199808,E2b
2026-08-01--2026-08-31,,SWD12221,BRIDE,2024-08-26 16:52:09,上架,,280.0,280.0,1,8,2024-08-27 08:59:57,,0,swd,1,0,1,1,婚纱 BRIDE,True,734,False,,E,0.982579231980286,E2b
2026-08-01--2026-08-31,,SWD10089,BRIDE,2024-08-19 21:22:46,上架,,189.0,189.0,1,11,2026-05-31 16:00:00,,0,swd,1,0,1,1,婚纱 BRIDE,True,741,False,,E,0.9649188856184544,E2b
2026-08-01--2026-08-31,,SWD10106,BRIDE,2024-08-21 19:46:37,上架,,229.0,229.0,1,7,2026-06-18 16:00:00,,0,swd,1,0,1,1,婚纱 BRIDE,True,739,False,,E,0.964473954411664,E2b
2026-08-01--2026-08-31,,SWD10105,BRIDE,2024-08-16 16:01:31,上架,,205.0,205.0,1,22,2026-07-29 12:28:57,,0,swd,1,0,1,1,婚纱 BRIDE,True,744,False,,E,0.9644397289342186,E2b
2026-08-01--2026-08-31,,SWD13479,BRIDE,2026-08-04 10:09:24,下架,2026-08-05 11:22:00,250.0,250.0,1,0,,,0,swd,1,0,1,1,婚纱 BRIDE,False,26,True,≤30天,E,0.9987336573345198,E2b
2026-08-01--2026-08-31,,SWD11785,BRIDE,2024-08-19 17:55:01,上架,,159.0,159.0,1,24,2024-03-28 02:38:59,,0,swd,1,0,1,1,婚纱 BRIDE,True,741,False,,E,0.9794304880553084,E2b
2026-08-01--2026-08-31,,SWD11795,BRIDE,2024-08-21 18:29:22,上架,,219.0,219.0,1,7,2026-07-15 00:00:00,,0,swd,1,0,1,1,婚纱 BRIDE,True,739,False,,E,0.9794647135327538,E2b
2026-08-01--2026-08-31,,SWD11797,BRIDE,2024-08-29 12:24:06,上架,,209.0,209.0,1,0,,,0,swd,1,0,1,1,婚纱 BRIDE,True,731,False,,E,0.9811417619275788,E2b
2026-08-01--2026-08-31,,SWD10092,BRIDE,2024-11-20 18:25:52,上架,,229.0,229.0,1,31,2026-05-28 13:45:36,2023-11-21,3,swd,1,0,1,1,婚纱 BRIDE,True,648,False,,E,0.9649531110958998,E2b
2026-08-01--2026-08-31,,SWD11800,BRIDE,2024-08-20 00:32:23,上架,,149.0,149.0,1,15,2026-07-07 00:00:00,,0,swd,1,0,1,1,婚纱 BRIDE,True,740,False,,E,0.9811759874050244,E2b
2026-08-01--2026-08-31,,SWD13437,BRIDE,2026-08-04 11:00:17,上架,,209.0,209.0,1,0,,,0,swd,1,0,1,1,婚纱 BRIDE,True,26,True,≤30天,E,0.9986994318570744,E2b
2026-08-01--2026-08-31,,SWD13373,BRIDE,2026-08-12 09:50:57,上架,,139.0,139.0,1,0,,,0,swd,1,0,1,1,婚纱 BRIDE,True,18,True,≤30天,E,0.998254500650284,E2b
2026-08-01--2026-08-31,,SWD12096,BRIDE,2024-08-23 12:43:46,上架,,159.0,159.0,1,32,2026-08-06 00:00:00,2026-01-23,11,swd,1,0,1,1,婚纱 BRIDE,True,737,False,,E,0.9818604969539324,E2b
2026-08-01--2026-08-31,,SWD13372,BRIDE,2026-08-12 09:50:06,上架,,129.0,129.0,1,0,,,0,swd,1,0,1,1,婚纱 BRIDE,True,18,True,≤30天,E,0.9982202751728386,E2b
2026-08-01--2026-08-31,,SWD11952,BRIDE,2024-12-03 18:38:46,上架,,149.0,149.0,1,1,2026-05-23 02:37:20,,0,swd,1,0,1,1,婚纱 BRIDE,True,635,False,,E,0.980491477856116,E2b
2026-08-01--2026-08-31,,SWD13488,BRIDE,2026-08-11 09:44:15,下架,2026-08-17 09:41:43,265.0,265.0,1,0,,,0,swd,1,0,1,1,婚纱 BRIDE,False,19,True,≤30天,E,0.9581764665617084,E2b
2026-08-01--2026-08-31,,SWD13483,BRIDE,2026-08-04 18:04:19,下架,2026-08-07 10:33:46,289.0,289.0,1,0,,,0,swd,1,0,1,1,婚纱 BRIDE,False,26,True,≤30天,E,0.9987678828119652,E2b
2026-08-01--2026-08-31,,SWD11973,BRIDE,2024-08-22 18:50:25,上架,,168.0,168.0,1,0,,,0,swd,1,0,1,1,婚纱 BRIDE,True,738,False,,E,0.9805257033335616,E2b
2026-08-01--2026-08-31,,SWD12071,BRIDE,2024-08-23 12:21:41,上架,,199.0,199.0,1,13,2026-04-28 00:00:00,2025-06-28,1,swd,1,0,1,1,婚纱 BRIDE,True,737,False,,E,0.981826271476487,E2b
2026-08-01--2026-08-31,,SWD11882,BRIDE,2024-08-23 14:36:15,上架,,149.0,149.0,1,7,2026-06-23 16:00:00,,0,swd,1,1,1,1,婚纱 BRIDE,True,737,False,,E,0.980320350468889,E2b
2026-08-01--2026-08-31,,SWD11984,BRIDE,2024-08-22 18:50:08,上架,,199.0,199.0,1,8,2026-07-06 00:00:00,,0,swd,1,0,1,1,婚纱 BRIDE,True,738,False,,E,0.980559928811007,E2b
2026-08-01--2026-08-31,,SWD12066,BRIDE,2024-08-16 13:01:08,上架,,209.0,209.0,1,36,2026-07-16 18:47:08,2024-06-05,2,swd,1,0,1,1,婚纱 BRIDE,True,744,False,,E,0.9817578205215964,E2b
2026-08-01--2026-08-31,,SWD11986,BRIDE,2024-08-30 16:33:03,上架,,179.0,179.0,1,0,,,0,swd,1,0,1,1,婚纱 BRIDE,True,730,False,,E,0.982236977205832,E2b
2026-08-01--2026-08-31,,SWD12065,BRIDE,2024-08-30 17:03:18,上架,,189.0,189.0,1,5,2026-06-22 21:18:25,,0,swd,1,0,1,1,婚纱 BRIDE,True,730,False,,E,0.9817235950441509,E2b
2026-08-01--2026-08-31,,SWD10041,BRIDE,2024-08-16 21:37:12,上架,,179.0,179.0,1,34,2026-08-07 00:00:00,,0,swd,1,0,1,1,婚纱 BRIDE,True,744,False,,E,0.9631049353138476,E2b
2026-08-01--2026-08-31,,SWD10007,BRIDE,2024-11-08 17:25:52,上架,,189.0,189.0,1,29,2024-08-09 02:45:27,2024-07-13,1,swd,1,0,1,1,婚纱 BRIDE,True,660,False,,E,0.9630707098364022,E2b
2026-08-01--2026-08-31,,SWD10006,BRIDE,2024-08-23 16:43:04,上架,,179.0,179.0,1,5,2026-07-06 00:00:00,,0,swd,1,0,1,1,婚纱 BRIDE,True,737,False,,E,0.9617359162160312,E2b
2026-08-01--2026-08-31,,SWD10048,BRIDE,2024-08-22 17:56:17,上架,,139.0,139.0,1,6,2026-02-08 08:44:59,2022-05-23,4,swd,1,0,1,1,婚纱 BRIDE,True,738,False,,E,0.963139160791293,E2b
2026-08-01--2026-08-31,,SWD12070,BRIDE,2024-08-21 17:48:18,上架,,249.0,249.0,1,8,2026-06-28 16:04:56,,0,swd,1,1,1,1,婚纱 BRIDE,True,739,False,,E,0.9817920459990416,E2b
2026-08-01--2026-08-31,,SWD12139,BRIDE,2024-08-16 18:24:43,上架,,159.0,159.0,1,28,2024-05-07 00:00:00,,0,swd,1,0,1,1,婚纱 BRIDE,True,744,False,,E,0.9829214867547402,E2b
2026-08-01--2026-08-31,,SWD13542,BRIDE,2026-08-25 11:21:00,下架,2026-08-31 09:53:54,400.0,400.0,1,0,,,0,swd,1,0,1,1,婚纱 BRIDE,False,5,True,≤30天,E,0.9979806968307208,E2b
2026-08-01--2026-08-31,,SWD11886,BRIDE,2024-08-23 14:36:24,上架,,229.0,229.0,1,4,2026-06-26 09:48:25,,0,swd,1,0,1,1,婚纱 BRIDE,True,737,False,,E,0.9803545759463344,E2b
2026-08-01--2026-08-31,,SWD10054,BRIDE,2024-08-22 17:56:24,上架,,219.0,219.0,1,0,,,0,swd,1,0,1,1,婚纱 BRIDE,True,738,False,,E,0.9631733862687384,E2b
2026-08-01--2026-08-31,,SWD13548,BRIDE,2026-08-28 10:14:31,上架,,300.0,300.0,1,0,,,0,swd,1,0,1,1,婚纱 BRIDE,True,2,True,≤30天,E,0.9559518105277568,E2b
2026-08-01--2026-08-31,,SWD11895,BRIDE,2024-08-21 18:34:48,上架,,149.0,149.0,1,6,2026-07-26 00:00:00,,0,swd,1,0,1,1,婚纱 BRIDE,True,739,False,,E,0.9803888014237798,E2b
2026-08-01--2026-08-31,,SWD11897,BRIDE,2024-08-23 14:36:05,上架,,169.0,169.0,1,6,2026-07-15 16:00:00,2025-01-08,1,swd,1,0,1,1,婚纱 BRIDE,True,737,False,,E,0.9804230269012252,E2b
2026-08-01--2026-08-31,,SWD13500,BRIDE,2026-08-14 09:32:49,上架,,139.0,139.0,1,0,,,0,swd,1,0,1,1,婚纱 BRIDE,True,16,True,≤30天,E,0.999828872612773,E2b
2026-08-01--2026-08-31,,SWD13374,BRIDE,2026-08-12 09:50:40,上架,,139.0,139.0,1,0,,,0,swd,1,0,1,1,婚纱 BRIDE,True,18,True,≤30天,E,0.9982887261277296,E2b
2026-08-01--2026-08-31,,SWD13473,BRIDE,2026-08-14 15:03:48,上架,,189.0,189.0,1,0,,,0,swd,1,0,1,1,婚纱 BRIDE,True,16,True,≤30天,E,0.999760421657882,E2b
2026-08-01--2026-08-31,,SWD12120,BRIDE,2024-09-02 14:52:08,上架,,189.0,189.0,1,0,,,0,swd,1,0,1,1,婚纱 BRIDE,True,727,False,,E,0.9819289479088232,E2b
2026-08-01--2026-08-31,,SWD12118,BRIDE,2024-08-27 16:37:51,上架,,189.0,189.0,1,9,2024-09-24 03:55:48,,0,swd,1,0,1,1,婚纱 BRIDE,True,733,False,,E,0.981894722431378,E2b
2026-08-01--2026-08-31,,SWD11920,BRIDE,2024-08-16 04:18:00,上架,,168.0,168.0,1,45,2026-08-25 00:00:00,2026-04-23,5,swd,1,0,1,1,婚纱 BRIDE,True,744,False,,E,0.9804572523786708,E2b
2026-08-01--2026-08-31,,SWD13376,BRIDE,2026-08-13 14:35:46,上架,,159.0,159.0,1,0,,,0,swd,1,0,1,1,婚纱 BRIDE,True,17,True,≤30天,E,0.9980833732630572,E2b
2026-08-01--2026-08-31,,SWD13501,BRIDE,2026-08-14 09:30:40,上架,,179.0,179.0,1,0,,,0,swd,1,0,1,1,婚纱 BRIDE,True,16,True,≤30天,E,0.9998630980902184,E2b
2026-08-01--2026-08-31,,SWD13493,BRIDE,2026-08-12 14:08:11,下架,2026-08-19 10:20:31,550.0,550.0,1,0,,,0,swd,1,0,1,1,婚纱 BRIDE,False,18,True,≤30天,E,0.9560887124375383,E2b
2026-08-01--2026-08-31,,SWD13492,BRIDE,2026-08-12 10:09:56,下架,2026-08-17 09:40:34,253.0,253.0,1,0,,,0,swd,1,0,1,1,婚纱 BRIDE,False,18,True,≤30天,E,0.9983229516051748,E2b
2026-08-01--2026-08-31,,SWD13498,BRIDE,2026-08-14 09:33:23,上架,,129.0,129.0,1,0,,,0,swd,1,0,1,1,婚纱 BRIDE,True,16,True,≤30天,E,0.9997946471353276,E2b
2026-08-01--2026-08-31,,SWD11530,BRIDE,2024-08-27 09:23:33,上架,,199.0,199.0,1,4,2026-07-26 17:54:13,,0,swd,1,0,1,1,婚纱 BRIDE,True,733,False,,E,0.9763844205626668,E2b
2026-08-01--2026-08-31,,SWD10201,BRIDE,2024-08-16 13:48:09,上架,,159.0,159.0,1,21,2026-06-30 00:00:00,2026-06-30,10,swd,1,0,1,1,婚纱 BRIDE,True,744,False,,E,0.9639947977274282,E2b
2026-08-01--2026-08-31,,SWD10199,BRIDE,2024-08-20 19:04:49,上架,,140.0,140.0,1,8,2026-07-21 00:00:00,2023-05-28,3,swd,1,0,1,1,婚纱 BRIDE,True,740,False,,E,0.9639605722499828,E2b
2026-08-01--2026-08-31,,SWD12403,BRIDE,2024-11-04 10:19:01,上架,,199.0,199.0,1,9,2026-08-06 00:00:00,,0,swd,1,0,1,1,婚纱 BRIDE,True,664,False,,E,0.985488397563146,E2b
2026-08-01--2026-08-31,,SWD12383,BRIDE,2024-08-23 13:50:44,上架,,179.0,179.0,1,12,2026-07-02 16:00:00,,0,swd,1,0,1,1,婚纱 BRIDE,True,737,False,,E,0.9854541720857006,E2b
2026-08-01--2026-08-31,,SWD10189,BRIDE,2024-08-19 17:13:37,上架,,159.0,159.0,1,4,2026-07-12 16:29:11,2026-07-13,2,swd,1,0,1,1,婚纱 BRIDE,True,741,False,,E,0.9639263467725376,E2b
2026-08-01--2026-08-31,,SWD11566,BRIDE,2024-08-26 17:28:38,上架,,185.0,185.0,1,11,2026-05-21 00:00:00,2026-05-21,8,swd,1,0,1,1,婚纱 BRIDE,True,734,False,,E,0.9772742829762476,E2b
2026-08-01--2026-08-31,,SWD11568,BRIDE,2024-08-19 17:39:54,上架,,189.0,189.0,1,7,2026-07-01 10:50:48,,0,swd,1,0,1,1,婚纱 BRIDE,True,741,False,,E,0.9789513313710726,E2b
2026-08-01--2026-08-31,,SWD12239,BRIDE,2024-09-10 10:28:30,上架,,159.0,159.0,1,7,2026-07-22 00:00:00,2025-05-06,2,swd,1,0,1,1,婚纱 BRIDE,True,719,False,,E,0.9826134574577317,E2b
2026-08-01--2026-08-31,,SWD12374,BRIDE,2024-09-02 17:52:11,上架,,249.0,249.0,1,0,,,0,swd,1,0,1,1,婚纱 BRIDE,True,727,False,,E,0.9854199466082552,E2b
2026-08-01--2026-08-31,,SWD10186,BRIDE,2024-09-06 16:18:03,上架,,109.0,109.0,1,5,2026-07-30 20:56:09,,0,swd,1,0,1,1,婚纱 BRIDE,True,723,False,,E,0.963892121295092,E2b
2026-08-01--2026-08-31,,SWD13413,BRIDE,2026-07-01 16:41:12,上架,,295.0,295.0,1,9,2026-07-09 16:00:00,,0,swd,1,0,1,1,婚纱 BRIDE,True,60,True,31-60天,E,0.9969197070299132,E2b
2026-08-01--2026-08-31,,SWD10184,BRIDE,2024-08-16 20:12:58,上架,,120.0,120.0,1,12,2026-05-23 14:04:45,,0,swd,1,0,1,1,婚纱 BRIDE,True,744,False,,E,0.9644055034567732,E2b
2026-08-01--2026-08-31,,SWD11595,BRIDE,2024-08-23 14:21:36,上架,,139.0,139.0,1,0,,,0,swd,1,0,1,1,婚纱 BRIDE,True,737,False,,E,0.9790197823259634,E2b
2026-08-01--2026-08-31,,SWD12354,BRIDE,2024-09-11 11:54:25,上架,,189.0,189.0,1,15,2026-08-19 00:00:00,,0,swd,1,0,1,1,婚纱 BRIDE,True,718,False,,E,0.9853857211308098,E2b
2026-08-01--2026-08-31,,SWD12350,BRIDE,2024-08-28 16:05:58,上架,,179.0,179.0,1,7,2026-06-17 00:00:00,,0,swd,1,0,1,1,婚纱 BRIDE,True,732,False,,E,0.9853514956533644,E2b
2026-08-01--2026-08-31,,SWD12349,BRIDE,2024-08-22 13:18:49,上架,,129.0,129.0,1,17,2026-06-17 00:00:00,,0,swd,1,0,1,1,婚纱 BRIDE,True,738,False,,E,0.985317270175919,E2b
2026-08-01--2026-08-31,,SWD11571,BRIDE,2024-08-28 17:15:31,上架,,169.0,169.0,1,4,2026-03-10 00:00:00,,0,swd,1,0,1,1,婚纱 BRIDE,True,732,False,,E,0.978985556848518,E2b
2026-08-01--2026-08-31,,SWD11459,BRIDE,2024-08-19 17:23:14,上架,,162.0,162.0,1,23,2026-08-26 00:00:00,,0,swd,1,0,1,1,婚纱 BRIDE,True,741,False,,E,0.9762132931754398,E2b
2026-08-01--2026-08-31,,SWD13356,BRIDE,2026-06-04 18:19:37,上架,,219.0,219.0,1,8,2026-06-28 16:00:00,,0,swd,1,0,1,1,婚纱 BRIDE,True,87,True,61-90天,E,0.9971250598945856,E2b
2026-08-01--2026-08-31,,SWD12449,BRIDE,2024-09-03 11:04:15,上架,,169.0,169.0,1,10,2026-07-17 00:00:00,,0,swd,1,0,1,1,婚纱 BRIDE,True,726,False,,E,0.9851119173112464,E2b
2026-08-01--2026-08-31,,SWD13367,BRIDE,2026-06-09 15:19:46,上架,,210.0,210.0,1,0,,,0,swd,1,0,1,1,婚纱 BRIDE,True,82,True,61-90天,E,0.9971592853720308,E2b
2026-08-01--2026-08-31,,SWD10225,BRIDE,2024-08-16 19:19:31,上架,,180.0,180.0,1,10,2024-01-03 04:08:24,2023-12-29,1,swd,1,0,1,1,婚纱 BRIDE,True,744,False,,E,0.96539804230269,E2b
2026-08-01--2026-08-31,,SWD12439,BRIDE,2024-09-20 19:17:37,上架,,199.0,199.0,1,0,,,0,swd,1,0,1,1,婚纱 BRIDE,True,709,False,,E,0.9850776918338012,E2b
2026-08-01--2026-08-31,,SWD10224,BRIDE,2024-08-16 05:06:20,上架,,159.0,159.0,1,38,2025-05-26 00:00:00,2025-05-26,4,swd,1,0,1,1,婚纱 BRIDE,True,744,False,,E,0.9653638168252447,E2b
2026-08-01--2026-08-31,,SWD11494,BRIDE,2024-08-19 19:36:07,上架,,180.0,180.0,1,19,2026-04-26 00:00:00,2026-04-26,8,swd,1,0,1,1,婚纱 BRIDE,True,741,False,,E,0.9762475186528852,E2b
2026-08-01--2026-08-31,,SWD11524,BRIDE,2024-08-27 09:23:58,上架,,219.0,219.0,1,7,2026-07-28 16:00:00,,0,swd,1,0,1,1,婚纱 BRIDE,True,733,False,,E,0.9763501950852216,E2b
2026-08-01--2026-08-31,,SWD13387,BRIDE,2026-06-17 18:31:03,上架,,319.0,319.0,1,8,2026-07-15 16:00:00,,0,swd,1,0,1,1,婚纱 BRIDE,True,74,True,61-90天,E,0.9968512560750222,E2b
2026-08-01--2026-08-31,,SWD12431,BRIDE,2024-08-28 16:28:32,上架,,229.0,229.0,1,6,2024-12-24 10:07:42,,0,swd,1,0,1,1,婚纱 BRIDE,True,732,False,,E,0.9850434663563556,E2b
2026-08-01--2026-08-31,,SWD11506,BRIDE,2024-08-27 09:21:52,上架,,139.0,139.0,1,9,2026-07-12 16:00:00,,0,swd,1,0,1,1,婚纱 BRIDE,True,733,False,,E,0.9762817441303306,E2b
2026-08-01--2026-08-31,,SWD13187,BRIDE,2026-04-07 14:03:25,上架,,149.0,149.0,1,7,2026-07-07 16:00:00,,0,swd,1,0,1,1,婚纱 BRIDE,True,145,False,,E,0.9935313847628174,E2b
2026-08-01--2026-08-31,,SWD11512,BRIDE,2024-08-21 19:12:29,上架,,129.0,129.0,1,5,2026-06-25 16:00:00,,0,swd,1,0,1,1,婚纱 BRIDE,True,739,False,,E,0.976315969607776,E2b
2026-08-01--2026-08-31,,SWD12420,BRIDE,2024-09-02 17:45:19,上架,,239.0,239.0,1,5,2026-07-08 16:00:00,,0,swd,1,0,1,1,婚纱 BRIDE,True,727,False,,E,0.9849750154014648,E2b
2026-08-01--2026-08-31,,SWD10211,BRIDE,2024-11-14 14:51:11,上架,,190.0,190.0,1,22,2026-08-10 14:54:07,2023-01-20,3,swd,1,0,1,1,婚纱 BRIDE,True,654,False,,E,0.9640290232048736,E2b
2026-08-01--2026-08-31,,SWD13397,BRIDE,2026-06-23 15:21:40,上架,,210.0,169.0,1,9,2026-07-30 16:00:00,,0,swd,1,0,1,1,婚纱 BRIDE,True,68,True,61-90天,E,0.9968854815524676,E2b
2026-08-01--2026-08-31,,SWD10218,BRIDE,2024-08-16 05:06:11,上架,,259.0,259.0,1,15,2026-04-23 00:00:00,2026-01-12,1,swd,1,0,1,1,婚纱 BRIDE,True,744,False,,E,0.9640632486823192,E2b
2026-08-01--2026-08-31,,SWD12300,BRIDE,2024-08-22 13:11:59,上架,,159.0,159.0,1,0,,,0,swd,1,0,1,1,婚纱 BRIDE,True,738,False,,E,0.9855910739954824,E2b
2026-08-01--2026-08-31,,SWD12299,BRIDE,2024-08-27 18:11:10,上架,,249.0,249.0,1,17,2026-07-08 00:00:00,,0,swd,1,0,1,1,婚纱 BRIDE,True,733,False,,E,0.9855568485180368,E2b
2026-08-01--2026-08-31,,SWD11679,BRIDE,2024-08-26 17:36:51,上架,,228.0,228.0,1,7,2026-05-05 00:00:00,,0,swd,1,0,1,1,婚纱 BRIDE,True,734,False,,E,0.9785064001642824,E2b
2026-08-01--2026-08-31,,SWD11681,BRIDE,2024-08-20 20:25:02,上架,,159.0,159.0,1,19,2026-07-08 00:00:00,,0,swd,1,0,1,1,婚纱 BRIDE,True,740,False,,E,0.9785406256417276,E2b
2026-08-01--2026-08-31,,SWD11682,BRIDE,2024-08-20 15:41:59,上架,,149.0,149.0,1,5,2026-01-01 15:05:15,,0,swd,1,0,1,1,婚纱 BRIDE,True,740,False,,E,0.9785748511191732,E2b
2026-08-01--2026-08-31,,SWD10138,BRIDE,2024-08-16 21:33:38,上架,,179.0,179.0,1,15,2026-07-04 16:00:00,2023-01-25,3,swd,1,0,1,1,婚纱 BRIDE,True,744,False,,E,0.9645766308440002,E2b
2026-08-01--2026-08-31,,SWD10137,BRIDE,2024-08-20 19:03:27,上架,,195.0,195.0,1,3,2024-01-18 06:58:12,,0,swd,1,0,1,1,婚纱 BRIDE,True,740,False,,E,0.9645424053665548,E2b
2026-08-01--2026-08-31,,SWD12278,BRIDE,2024-09-02 17:12:29,上架,,179.0,179.0,1,12,2026-06-25 16:00:00,2025-08-02,2,swd,1,0,1,1,婚纱 BRIDE,True,727,False,,E,0.9855226230405916,E2b
2026-08-01--2026-08-31,,SWD11609,BRIDE,2024-08-20 18:00:53,上架,,159.0,159.0,1,5,2026-05-07 00:00:00,2025-12-20,1,swd,1,1,1,1,婚纱 BRIDE,True,740,False,,E,0.9790540078034088,E2b
2026-08-01--2026-08-31,,SWD11689,BRIDE,2024-08-16 06:50:57,上架,,199.0,199.0,1,19,2026-08-10 16:21:50,2026-07-31,3,swd,1,0,1,1,婚纱 BRIDE,True,744,False,,E,0.9786090765966186,E2b
2026-08-01--2026-08-31,,SWD12273,BRIDE,2024-08-27 18:12:02,上架,,239.0,239.0,1,9,2026-08-12 16:00:00,,0,swd,1,0,1,1,婚纱 BRIDE,True,733,False,,E,0.9838113491683208,E2b
2026-08-01--2026-08-31,,SWD10130,BRIDE,2024-08-27 10:10:10,上架,,179.0,179.0,1,10,2026-07-21 00:00:00,,0,swd,1,0,1,1,婚纱 BRIDE,True,733,False,,E,0.9645081798891094,E2b
2026-08-01--2026-08-31,,SWD12270,BRIDE,2024-08-27 18:11:53,上架,,239.0,239.0,1,3,2026-04-28 00:00:00,2026-04-28,5,swd,1,0,1,1,婚纱 BRIDE,True,733,False,,E,0.9837771236908754,E2b
2026-08-01--2026-08-31,,SWD11712,BRIDE,2024-08-20 20:24:53,上架,,185.0,185.0,1,1,2025-08-10 00:00:00,2025-08-10,3,swd,1,0,1,1,婚纱 BRIDE,True,740,False,,E,0.978643302074064,E2b
2026-08-01--2026-08-31,,SWD11717,BRIDE,2024-08-20 00:33:02,上架,,169.0,169.0,1,19,2026-07-17 16:00:00,2026-02-18,1,swd,1,0,1,1,婚纱 BRIDE,True,740,False,,E,0.9799438702169896,E2b
2026-08-01--2026-08-31,,SWD12253,BRIDE,2024-08-23 13:47:24,上架,,149.0,149.0,1,0,,,0,swd,1,0,1,1,婚纱 BRIDE,True,737,False,,E,0.9826476829351768,E2b
2026-08-01--2026-08-31,,SWD11736,BRIDE,2024-08-16 20:24:10,上架,,285.0,285.0,1,32,2026-04-23 00:00:00,,0,swd,1,0,1,1,婚纱 BRIDE,True,744,False,,E,0.979978095694435,E2b
2026-08-01--2026-08-31,,SWD12277,BRIDE,2024-09-02 17:12:11,上架,,189.0,189.0,1,0,,,0,swd,1,0,1,1,婚纱 BRIDE,True,727,False,,E,0.9838455746457664,E2b
2026-08-01--2026-08-31,,SWD12348,BRIDE,2024-09-02 17:20:23,上架,,169.0,169.0,1,0,,,0,swd,1,0,1,1,婚纱 BRIDE,True,727,False,,E,0.9852830446984736,E2b
2026-08-01--2026-08-31,,SWD12346,BRIDE,2024-08-21 18:04:54,上架,,179.0,179.0,1,7,2026-04-23 00:00:00,2026-04-23,4,swd,1,0,1,1,婚纱 BRIDE,True,739,False,,E,0.985248819221028,E2b
2026-08-01--2026-08-31,,SWD13420,BRIDE,2026-07-06 10:47:42,上架,,219.0,219.0,1,4,2026-07-04 00:00:00,,0,swd,1,0,1,1,婚纱 BRIDE,True,55,True,31-60天,E,0.9969539325073584,E2b
2026-08-01--2026-08-31,,SWD12342,BRIDE,2024-08-28 15:56:24,上架,,179.0,179.0,1,0,,,0,swd,1,0,1,1,婚纱 BRIDE,True,732,False,,E,0.9857622013827092,E2b
2026-08-01--2026-08-31,,SWD11620,BRIDE,2024-08-28 17:35:08,上架,,185.0,185.0,1,0,,,0,swd,1,0,1,1,婚纱 BRIDE,True,732,False,,E,0.9790882332808544,E2b
2026-08-01--2026-08-31,,SWD12339,BRIDE,2024-09-02 17:20:59,上架,,465.0,465.0,1,9,2026-08-31 00:00:00,2026-08-31,4,swd,1,0,1,1,婚纱 BRIDE,True,727,False,,E,0.9857279759052638,E2b
2026-08-01--2026-08-31,,SWD10161,BRIDE,2024-08-22 18:05:43,上架,,140.0,140.0,1,7,2026-04-29 00:00:00,2026-04-29,1,swd,1,0,1,1,婚纱 BRIDE,True,738,False,,E,0.9643712779793278,E2b
2026-08-01--2026-08-31,,SWD11632,BRIDE,2024-08-26 17:31:41,上架,,189.0,189.0,1,0,,,0,swd,1,1,1,1,婚纱 BRIDE,True,734,False,,E,0.9791224587582996,E2b
2026-08-01--2026-08-31,,SWD11668,BRIDE,2024-08-23 14:25:54,上架,,159.0,159.0,1,12,2026-07-04 16:00:00,,0,swd,1,0,1,1,婚纱 BRIDE,True,737,False,,E,0.9784721746868368,E2b
2026-08-01--2026-08-31,,SWD11637,BRIDE,2024-08-20 15:27:23,上架,,189.0,189.0,1,24,2024-05-10 00:00:00,,0,swd,1,0,1,1,婚纱 BRIDE,True,740,False,,E,0.9791909097131904,E2b
2026-08-01--2026-08-31,,SWD11639,BRIDE,2024-08-21 11:04:36,上架,,229.0,229.0,1,10,2025-02-03 08:24:31,,0,swd,1,0,1,1,婚纱 BRIDE,True,739,False,,E,0.9786775275515094,E2b
2026-08-01--2026-08-31,,SWD11640,BRIDE,2024-08-28 17:41:38,上架,,185.0,185.0,1,0,,,0,swd,1,0,1,1,婚纱 BRIDE,True,732,False,,E,0.9787117530289547,E2b
2026-08-01--2026-08-31,,SWD13432,BRIDE,2026-07-24 17:07:11,上架,,369.0,369.0,1,0,,,0,swd,1,0,1,1,婚纱 BRIDE,True,37,True,31-60天,E,0.996988157984804,E2b
2026-08-01--2026-08-31,,SWD12318,BRIDE,2024-08-26 17:00:41,上架,,189.0,189.0,1,0,,,0,swd,1,0,1,1,婚纱 BRIDE,True,734,False,,E,0.9856937504278184,E2b
2026-08-01--2026-08-31,,SWD12313,BRIDE,2024-09-11 09:44:02,上架,,179.0,179.0,1,0,,,0,swd,1,0,1,1,婚纱 BRIDE,True,718,False,,E,0.985659524950373,E2b
2026-08-01--2026-08-31,,SWD12309,BRIDE,2024-09-02 17:13:15,上架,,189.0,189.0,1,0,,,0,swd,1,0,1,1,婚纱 BRIDE,True,727,False,,E,0.9856252994729277,E2b
2026-08-01--2026-08-31,,SWD11666,BRIDE,2024-08-26 17:34:28,上架,,149.0,149.0,1,0,,,0,swd,1,1,1,1,婚纱 BRIDE,True,734,False,,E,0.9784379492093914,E2b
2026-08-01--2026-08-31,,SWD10142,BRIDE,2024-08-20 21:19:41,上架,,149.0,149.0,1,0,,,0,swd,1,0,1,1,婚纱 BRIDE,True,740,False,,E,0.9646108563214456,E2b
2026-08-01--2026-08-31,,SWD11634,BRIDE,2024-08-23 14:21:45,上架,,249.0,249.0,1,5,2026-06-04 00:00:00,,0,swd,1,0,1,1,婚纱 BRIDE,True,737,False,,E,0.9791566842357452,E2b
2026-08-01--2026-08-31,,SWD12853,BRIDE,2025-11-13 16:13:11,上架,,109.0,109.0,1,6,2026-07-14 00:00:00,,0,swd,1,0,1,1,婚纱 BRIDE,True,290,False,,E,0.991067150386748,E2b
2026-08-01--2026-08-31,,SWD12998,BRIDE,2026-01-13 16:33:32,上架,,170.0,170.0,1,4,2026-06-28 16:00:00,,0,swd,1,0,1,1,婚纱 BRIDE,True,229,False,,E,0.9913751796837564,E2b
2026-08-01--2026-08-31,,SWD13174,BRIDE,2026-03-10 15:16:28,上架,,245.0,245.0,1,5,2026-06-27 10:50:33,,0,swd,1,0,1,1,婚纱 BRIDE,True,173,False,,E,0.9939420904921624,E2b
2026-08-01--2026-08-31,,SWD13113,BRIDE,2026-02-17 17:24:43,上架,,244.0,244.0,1,0,,,0,swd,1,0,1,1,婚纱 BRIDE,True,194,False,,E,0.9941474433568348,E2b
2026-08-01--2026-08-31,,SWD13054,BRIDE,2026-02-05 14:44:26,上架,,199.0,199.0,1,16,2026-05-13 00:00:00,2026-05-11,7,swd,1,0,1,1,婚纱 BRIDE,True,206,False,,E,0.9930522280785816,E2b
2026-08-01--2026-08-31,,SWD12880,BRIDE,2025-11-15 09:31:50,上架,,189.0,189.0,1,14,2026-07-29 00:00:00,,0,swd,1,0,1,1,婚纱 BRIDE,True,288,False,,E,0.9912040522965296,E2b
2026-08-01--2026-08-31,,SWD10857,BRIDE,2024-08-27 12:32:06,上架,,125.0,125.0,1,31,2026-07-04 00:00:00,2026-07-04,8,swd,1,1,1,1,婚纱 BRIDE,True,733,False,,E,0.9725511670887808,E2b
2026-08-01--2026-08-31,,SWD12882,BRIDE,2025-11-15 09:32:06,上架,,149.0,149.0,1,5,2026-07-27 16:00:00,,0,swd,1,0,1,1,婚纱 BRIDE,True,288,False,,E,0.991238277773975,E2b
2026-08-01--2026-08-31,,SWD12966,BRIDE,2025-12-31 16:07:05,上架,,785.0,785.0,1,7,2026-07-17 00:00:00,2026-02-23,2,swd,1,0,1,1,婚纱 BRIDE,True,242,False,,E,0.9917858854131016,E2b
2026-08-01--2026-08-31,,SWD10825,BRIDE,2024-08-29 14:29:51,上架,,180.0,180.0,1,17,2026-08-09 16:00:00,2024-08-21,1,swd,1,0,1,1,婚纱 BRIDE,True,731,False,,E,0.9704976384420564,E2b
2026-08-01--2026-08-31,,SWD13077,BRIDE,2026-02-09 14:14:34,上架,,139.0,139.0,1,7,2026-07-03 00:00:00,,0,swd,1,0,1,1,婚纱 BRIDE,True,202,False,,E,0.9926415223492367,E2b
2026-08-01--2026-08-31,,SWD10627,BRIDE,2024-08-22 12:14:01,上架,,165.0,165.0,1,9,2025-02-20 00:00:00,2025-02-20,5,swd,1,0,1,1,婚纱 BRIDE,True,738,False,,E,0.968649462660004,E2b
2026-08-01--2026-08-31,,SWD10660,BRIDE,2024-08-21 12:10:00,上架,,180.0,180.0,1,7,2026-08-09 00:00:00,,0,swd,1,0,1,1,婚纱 BRIDE,True,739,False,,E,0.9697104524608118,E2b
2026-08-01--2026-08-31,,SWD12883,BRIDE,2025-11-17 14:53:42,上架,,409.0,409.0,1,16,2026-08-21 16:00:00,,0,swd,1,0,1,1,婚纱 BRIDE,True,286,False,,E,0.9909302484769662,E2b
2026-08-01--2026-08-31,,SWD10633,BRIDE,2024-08-27 11:01:20,上架,,149.0,149.0,1,8,2026-06-27 16:00:00,,0,swd,1,0,1,1,婚纱 BRIDE,True,733,False,,E,0.9687179136148948,E2b
2026-08-01--2026-08-31,,SWD10659,BRIDE,2024-08-21 19:17:42,上架,,149.0,149.0,1,19,2026-07-08 00:00:00,,0,swd,1,0,1,1,婚纱 BRIDE,True,739,False,,E,0.9696762269833664,E2b
2026-08-01--2026-08-31,,SWD13075,BRIDE,2026-02-09 14:14:21,上架,,210.0,210.0,1,12,2026-04-24 00:00:00,2026-04-24,8,swd,1,0,1,1,婚纱 BRIDE,True,202,False,,E,0.993154904510918,E2b
2026-08-01--2026-08-31,,SWD10900,BRIDE,2024-08-23 14:50:16,上架,,189.0,189.0,1,4,2026-08-04 00:00:00,,0,swd,1,0,1,1,婚纱 BRIDE,True,737,False,,E,0.9722431377917722,E2b
2026-08-01--2026-08-31,,SWD13147,BRIDE,2026-03-12 12:06:42,上架,,189.0,189.0,1,15,2026-08-18 16:00:00,,0,swd,1,0,1,1,婚纱 BRIDE,True,171,False,,E,0.99373673762749,E2b
2026-08-01--2026-08-31,,SWD13177,BRIDE,2026-03-11 18:11:49,上架,,393.0,393.0,1,7,2026-07-09 00:00:00,,0,swd,1,0,1,1,婚纱 BRIDE,True,172,False,,E,0.9939763159696078,E2b
2026-08-01--2026-08-31,,SWD10863,BRIDE,2024-08-22 16:47:53,上架,,220.0,220.0,1,7,2026-07-21 00:00:00,,0,swd,1,0,1,1,婚纱 BRIDE,True,738,False,,E,0.9725853925662264,E2b
2026-08-01--2026-08-31,,SWD13116,BRIDE,2026-02-25 10:19:57,上架,,369.0,369.0,1,10,2026-04-22 00:00:00,,0,swd,1,0,1,1,婚纱 BRIDE,True,186,False,,E,0.9941816688342804,E2b
2026-08-01--2026-08-31,,SWD10708,BRIDE,2024-08-21 10:02:06,上架,,219.0,219.0,1,2,2025-09-09 00:00:00,2025-09-09,3,swd,1,0,1,1,婚纱 BRIDE,True,739,False,,E,0.9695735505510302,E2b
2026-08-01--2026-08-31,,SWD12905,BRIDE,2025-11-22 11:34:04,上架,,159.0,159.0,1,8,2026-05-08 00:00:00,,0,swd,1,0,1,1,婚纱 BRIDE,True,281,False,,E,0.9905879937025122,E2b
2026-08-01--2026-08-31,,SWD10502,BRIDE,2024-08-19 16:24:42,上架,,249.0,249.0,1,7,2026-07-16 00:00:00,,0,swd,1,0,1,1,婚纱 BRIDE,True,741,False,,E,0.969231295776576,E2b
2026-08-01--2026-08-31,,SWD12846,BRIDE,2025-11-13 16:11:28,上架,,159.0,159.0,1,6,2026-07-21 00:00:00,,0,swd,1,0,1,1,婚纱 BRIDE,True,290,False,,E,0.9910329249093024,E2b
2026-08-01--2026-08-31,,SWD10866,BRIDE,2024-08-21 11:21:40,上架,,159.0,159.0,1,14,2026-07-29 00:00:00,,0,swd,1,1,1,1,婚纱 BRIDE,True,739,False,,E,0.9726196180436716,E2b
2026-08-01--2026-08-31,,SWD10632,BRIDE,2024-08-27 11:00:52,上架,,159.0,159.0,1,6,2026-08-06 00:00:00,2026-08-06,4,swd,1,0,1,1,婚纱 BRIDE,True,733,False,,E,0.9686836881374496,E2b
2026-08-01--2026-08-31,,SWD10786,BRIDE,2024-08-26 18:00:24,上架,,200.0,200.0,1,8,2026-05-24 00:00:00,,0,swd,1,0,1,1,婚纱 BRIDE,True,734,False,,E,0.9704634129646108,E2b
2026-08-01--2026-08-31,,SWD13150,BRIDE,2026-03-12 13:03:16,上架,,239.0,239.0,1,6,2026-05-10 00:00:00,,0,swd,1,0,1,1,婚纱 BRIDE,True,171,False,,E,0.9937709631049352,E2b
2026-08-01--2026-08-31,,SWD12884,BRIDE,2025-11-17 14:53:58,上架,,199.0,199.0,1,0,,,0,swd,1,0,1,1,婚纱 BRIDE,True,286,False,,E,0.9909644739544116,E2b
2026-08-01--2026-08-31,,SWD10546,BRIDE,2024-08-21 12:05:05,上架,,230.0,230.0,1,0,,,0,swd,1,0,1,1,婚纱 BRIDE,True,739,False,,E,0.9692997467314668,E2b
2026-08-01--2026-08-31,,SWD12986,BRIDE,2026-01-06 10:57:37,上架,,279.0,279.0,1,8,2026-07-13 16:00:00,,0,swd,1,0,1,1,婚纱 BRIDE,True,236,False,,E,0.9913067287288656,E2b
2026-08-01--2026-08-31,,SWD10514,BRIDE,2024-08-27 10:30:32,上架,,170.0,170.0,1,2,2024-07-30 00:00:00,2024-07-30,3,swd,1,0,1,1,婚纱 BRIDE,True,733,False,,E,0.9692655212540215,E2b
2026-08-01--2026-08-31,,SWD12867,BRIDE,2025-11-11 18:11:24,上架,,177.0,177.0,1,7,2026-08-02 16:00:00,,0,swd,1,0,1,1,婚纱 BRIDE,True,292,False,,E,0.9911698268190842,E2b
2026-08-01--2026-08-31,,SWD13137,BRIDE,2026-03-12 13:02:06,上架,,149.0,149.0,1,4,2026-06-26 00:00:00,,0,swd,1,0,1,1,婚纱 BRIDE,True,171,False,,E,0.9942158943117256,E2b
2026-08-01--2026-08-31,,SWD13034,BRIDE,2026-01-23 14:24:17,上架,,239.0,239.0,1,0,,,0,swd,1,0,1,1,婚纱 BRIDE,True,219,False,,E,0.9931891299883632,E2b
2026-08-01--2026-08-31,,SWD13084,BRIDE,2026-02-25 18:00:09,上架,,169.0,169.0,1,6,2026-04-15 00:00:00,,0,swd,1,0,1,1,婚纱 BRIDE,True,186,False,,E,0.9927099733041276,E2b
2026-08-01--2026-08-31,,SWD12913,BRIDE,2025-11-26 17:19:51,上架,,225.0,225.0,1,4,2026-04-22 00:00:00,,0,swd,1,0,1,1,婚纱 BRIDE,True,277,False,,E,0.9906222191799576,E2b
2026-08-01--2026-08-31,,SWD10835,BRIDE,2024-08-21 18:39:02,上架,,320.0,320.0,1,11,2026-07-23 00:00:00,2026-02-03,1,swd,1,0,1,1,婚纱 BRIDE,True,739,False,,E,0.9724484906564448,E2b
2026-08-01--2026-08-31,,SWD13171,BRIDE,2026-03-12 12:08:12,上架,,169.0,169.0,1,19,2026-06-01 00:00:00,2026-04-29,8,swd,1,0,1,1,婚纱 BRIDE,True,171,False,,E,0.993907865014717,E2b
2026-08-01--2026-08-31,,SWD10848,BRIDE,2024-11-20 14:09:13,上架,,260.0,260.0,1,12,2026-08-19 00:00:00,,0,swd,1,0,1,1,婚纱 BRIDE,True,648,False,,E,0.97248271613389,E2b
2026-08-01--2026-08-31,,SWD10914,BRIDE,2024-09-04 11:07:45,上架,,129.0,129.0,1,0,,,0,swd,1,0,1,1,婚纱 BRIDE,True,725,False,,E,0.971729755630091,E2b
2026-08-01--2026-08-31,,SWD10760,BRIDE,2024-08-19 19:08:50,上架,,165.0,165.0,1,0,,,0,swd,1,0,1,1,婚纱 BRIDE,True,741,False,,E,0.970976795126292,E2b
2026-08-01--2026-08-31,,SWD12983,BRIDE,2026-01-06 10:56:52,上架,,129.0,129.0,1,8,2026-05-29 16:00:00,,0,swd,1,0,1,1,婚纱 BRIDE,True,236,False,,E,0.9912725032514204,E2b
2026-08-01--2026-08-31,,SWD13141,BRIDE,2026-03-12 13:02:30,上架,,169.0,169.0,1,0,,,0,swd,1,0,1,1,婚纱 BRIDE,True,171,False,,E,0.9942501197891712,E2b
2026-08-01--2026-08-31,,SWD13024,BRIDE,2026-01-23 14:21:59,下架,2026-08-13 11:45:48,169.0,169.0,1,0,,,0,swd,1,1,1,1,婚纱 BRIDE,False,219,False,,E,0.9914436306386474,E2b
2026-08-01--2026-08-31,,SWD13030,BRIDE,2026-01-21 18:27:56,上架,,159.0,159.0,1,0,,,0,swd,1,0,1,1,婚纱 BRIDE,True,221,False,,E,0.9915120815935382,E2b
2026-08-01--2026-08-31,,SWD10674,BRIDE,2024-08-22 18:29:48,上架,,149.0,149.0,1,11,2026-06-17 12:27:31,,0,swd,1,0,1,1,婚纱 BRIDE,True,738,False,,E,0.9697789034157026,E2b
2026-08-01--2026-08-31,,SWD12856,BRIDE,2025-11-17 14:42:13,上架,,229.0,229.0,1,6,2026-07-31 00:00:00,,0,swd,1,1,1,1,婚纱 BRIDE,True,286,False,,E,0.9911356013416388,E2b
2026-08-01--2026-08-31,,SWD12996,BRIDE,2026-01-13 12:15:32,上架,,129.0,129.0,1,11,2026-07-23 00:00:00,,0,swd,1,0,1,1,婚纱 BRIDE,True,229,False,,E,0.9913409542063112,E2b
2026-08-01--2026-08-31,,SWD13047,BRIDE,2026-01-30 15:36:28,上架,,229.0,229.0,1,16,2026-08-04 00:00:00,,0,swd,1,0,1,1,婚纱 BRIDE,True,212,False,,E,0.9932233554658088,E2b
2026-08-01--2026-08-31,,SWD10910,BRIDE,2024-08-19 22:53:51,上架,,149.0,149.0,1,15,2026-06-15 00:00:00,2026-06-15,10,swd,1,0,1,1,婚纱 BRIDE,True,741,False,,E,0.9722773632692177,E2b
2026-08-01--2026-08-31,,SWD10622,BRIDE,2024-08-16 07:26:31,上架,,149.0,149.0,1,21,2026-07-06 00:00:00,,0,swd,1,0,1,1,婚纱 BRIDE,True,744,False,,E,0.9686152371825588,E2b
2026-08-01--2026-08-31,,SWD10833,BRIDE,2024-08-16 22:43:56,上架,,149.0,149.0,1,6,2025-12-24 00:00:00,,0,swd,1,1,1,1,婚纱 BRIDE,True,744,False,,E,0.9724142651789992,E2b
2026-08-01--2026-08-31,,SWD12854,BRIDE,2025-11-11 10:57:03,上架,,168.0,168.0,1,1,2026-07-28 00:00:00,2026-07-28,1,swd,1,0,1,1,婚纱 BRIDE,True,292,False,,E,0.9911013758641932,E2b
2026-08-01--2026-08-31,,SWD10854,BRIDE,2024-11-08 17:19:07,上架,,170.0,170.0,1,44,2026-05-26 03:47:02,2025-05-05,20,swd,1,0,1,1,婚纱 BRIDE,True,660,False,,E,0.9725169416113356,E2b
2026-08-01--2026-08-31,,SWD13109,BRIDE,2026-03-12 13:00:21,上架,,179.0,179.0,1,0,,,0,swd,1,0,1,1,婚纱 BRIDE,True,171,False,,E,0.9928126497364638,E2b
2026-08-01--2026-08-31,,SWD10668,BRIDE,2024-08-22 18:20:29,上架,,179.0,179.0,1,8,2026-06-10 16:00:00,,0,swd,1,1,1,1,婚纱 BRIDE,True,738,False,,E,0.9697446779382572,E2b
2026-08-01--2026-08-31,,SWD13078,BRIDE,2026-02-09 14:14:09,上架,,129.0,129.0,1,7,2026-07-23 20:07:38,,0,swd,1,0,1,1,婚纱 BRIDE,True,202,False,,E,0.9926757478266822,E2b
2026-08-01--2026-08-31,,SWD12924,BRIDE,2025-12-04 14:59:33,上架,,179.0,179.0,1,7,2026-07-23 00:00:00,,0,swd,1,1,1,1,婚纱 BRIDE,True,269,False,,E,0.9906906701348484,E2b
2026-08-01--2026-08-31,,SWD13026,BRIDE,2026-01-23 14:22:14,上架,,299.0,299.0,1,18,2026-07-03 00:00:00,,0,swd,1,0,1,1,婚纱 BRIDE,True,219,False,,E,0.9914778561160928,E2b
2026-08-01--2026-08-31,,SWD10748,BRIDE,2024-09-03 16:33:41,上架,,178.0,178.0,1,0,,,0,swd,1,0,1,1,婚纱 BRIDE,True,726,False,,E,0.9709425696488466,E2b
2026-08-01--2026-08-31,,SWD10648,BRIDE,2024-09-05 11:18:00,上架,,180.0,180.0,1,7,2026-08-06 00:00:00,,0,swd,1,0,1,1,婚纱 BRIDE,True,724,False,,E,0.9687863645697856,E2b
2026-08-01--2026-08-31,,SWD10890,BRIDE,2024-11-21 18:58:21,上架,,149.0,149.0,1,0,,,0,swd,1,0,1,1,婚纱 BRIDE,True,647,False,,E,0.9721746868368814,E2b
2026-08-01--2026-08-31,,SWD12890,BRIDE,2025-11-17 14:51:10,上架,,159.0,159.0,1,0,,,0,swd,1,0,1,1,婚纱 BRIDE,True,286,False,,E,0.990485317270176,E2b
2026-08-01--2026-08-31,,SWD10875,BRIDE,2024-08-20 18:22:07,上架,,320.0,320.0,1,8,2026-05-26 03:15:32,,0,swd,1,0,1,1,婚纱 BRIDE,True,740,False,,E,0.9721062358819904,E2b
2026-08-01--2026-08-31,,SWD11336,BRIDE,2024-11-20 18:23:22,上架,,350.0,350.0,1,42,2026-04-24 00:00:00,2025-08-11,2,swd,1,0,1,1,婚纱 BRIDE,True,648,False,,E,0.9750838524197412,E2b
2026-08-01--2026-08-31,,SWD13003,BRIDE,2026-01-16 10:29:25,上架,,149.0,149.0,1,1,2026-01-28 16:00:00,,0,swd,1,0,1,1,婚纱 BRIDE,True,226,False,,E,0.991409405161202,E2b
2026-08-01--2026-08-31,,SWD13065,BRIDE,2026-02-09 15:17:05,上架,,149.0,149.0,1,0,,,0,swd,1,0,1,1,婚纱 BRIDE,True,202,False,,E,0.9930864535560272,E2b
2026-08-01--2026-08-31,,SWD13154,BRIDE,2026-03-12 13:01:55,上架,,149.0,149.0,1,0,,,0,swd,1,0,1,1,婚纱 BRIDE,True,171,False,,E,0.9938051885823808,E2b
2026-08-01--2026-08-31,,SWD10598,BRIDE,2024-08-22 18:20:11,上架,,149.0,149.0,1,0,,,0,swd,1,0,1,1,婚纱 BRIDE,True,738,False,,E,0.9685810117051132,E2b
2026-08-01--2026-08-31,,SWD12835,BRIDE,2025-11-13 16:17:43,上架,,169.0,169.0,1,4,2026-08-14 00:00:00,,0,swd,1,0,1,1,婚纱 BRIDE,True,290,False,,E,0.990998699431857,E2b
2026-08-01--2026-08-31,,SWD13183,BRIDE,2026-03-13 10:54:10,上架,,199.0,199.0,1,15,2026-05-19 00:00:00,2026-05-19,7,swd,1,0,1,1,婚纱 BRIDE,True,170,False,,E,0.9934629338079266,E2b
2026-08-01--2026-08-31,,SWD12899,BRIDE,2025-11-17 14:18:39,上架,,259.0,259.0,1,6,2026-04-08 00:00:00,,0,swd,1,0,1,1,婚纱 BRIDE,True,286,False,,E,0.9905537682250668,E2b
2026-08-01--2026-08-31,,SWD12894,BRIDE,2025-11-17 14:51:25,上架,,149.0,149.0,1,0,,,0,swd,1,0,1,1,婚纱 BRIDE,True,286,False,,E,0.9905195427476212,E2b
2026-08-01--2026-08-31,,SWD10881,BRIDE,2024-08-20 00:33:36,上架,,158.0,158.0,1,17,2026-07-30 00:00:00,,0,swd,1,0,1,1,婚纱 BRIDE,True,740,False,,E,0.972140461359436,E2b
2026-08-01--2026-08-31,,SWD12955,BRIDE,2025-12-26 16:40:36,上架,,159.0,159.0,1,7,2026-06-10 00:00:00,,0,swd,1,0,1,1,婚纱 BRIDE,True,247,False,,E,0.9920254637552194,E2b
2026-08-01--2026-08-31,,SWD13095,BRIDE,2026-03-12 12:04:20,上架,,219.0,219.0,1,0,,,0,swd,1,0,1,1,婚纱 BRIDE,True,171,False,,E,0.992744198781573,E2b
2026-08-01--2026-08-31,,SWD13186,BRIDE,2026-04-07 14:10:09,上架,,229.0,229.0,1,6,2026-05-06 00:00:00,,0,swd,1,0,1,1,婚纱 BRIDE,True,145,False,,E,0.993497159285372,E2b
2026-08-01--2026-08-31,,SWD10729,BRIDE,2024-09-04 17:32:14,上架,,158.0,158.0,1,4,2026-03-03 16:00:00,,0,swd,1,0,1,1,婚纱 BRIDE,True,725,False,,E,0.9712848244233008,E2b
2026-08-01--2026-08-31,,SWD10728,BRIDE,2024-08-20 18:28:12,上架,,158.0,158.0,1,8,2026-07-28 16:00:00,,0,swd,1,0,1,1,婚纱 BRIDE,True,740,False,,E,0.9696077760284756,E2b
2026-08-01--2026-08-31,,SWD12830,BRIDE,2025-11-13 16:16:47,上架,,189.0,189.0,1,9,2026-08-02 16:00:00,,0,swd,1,1,1,1,婚纱 BRIDE,True,290,False,,E,0.989321651037032,E2b
2026-08-01--2026-08-31,,SWD10966,BRIDE,2024-08-26 18:06:32,上架,,188.0,188.0,1,1,2026-04-11 00:00:00,2026-04-11,3,swd,1,0,1,1,婚纱 BRIDE,True,734,False,,E,0.9717639811075364,E2b
2026-08-01--2026-08-31,,SWD13096,BRIDE,2026-03-12 14:00:09,上架,,159.0,159.0,1,9,2026-06-28 00:00:00,,0,swd,1,0,1,1,婚纱 BRIDE,True,171,False,,E,0.9927784242590184,E2b
2026-08-01--2026-08-31,,SWD12953,BRIDE,2025-12-24 11:35:14,上架,,330.0,330.0,1,7,2026-04-07 16:00:00,,0,swd,1,0,1,1,婚纱 BRIDE,True,249,False,,E,0.9902115134506126,E2b
2026-08-01--2026-08-31,,SWD12915,BRIDE,2025-11-28 10:25:57,上架,,129.0,240.0,1,8,2026-03-13 00:00:00,,0,swd,1,0,1,1,婚纱 BRIDE,True,275,False,,E,0.990656444657403,E2b
2026-08-01--2026-08-31,,SWD10646,BRIDE,2024-08-19 21:40:39,上架,,130.0,130.0,1,16,2026-07-08 00:00:00,,0,swd,1,0,1,1,婚纱 BRIDE,True,741,False,,E,0.9687521390923404,E2b
2026-08-01--2026-08-31,,SWD13156,BRIDE,2026-03-12 12:07:33,上架,,138.0,138.0,1,7,2026-08-08 00:00:00,,0,swd,1,0,1,1,婚纱 BRIDE,True,171,False,,E,0.993839414059826,E2b
2026-08-01--2026-08-31,,SWD13164,BRIDE,2026-03-12 13:03:39,上架,,139.0,139.0,1,4,2026-05-14 00:00:00,,0,swd,1,0,1,1,婚纱 BRIDE,True,171,False,,E,0.9938736395372716,E2b
2026-08-01--2026-08-31,,SWD12887,BRIDE,2025-11-15 09:32:36,上架,,289.0,289.0,1,5,2026-04-18 10:32:34,,0,swd,1,0,1,1,婚纱 BRIDE,True,288,False,,E,0.9904510917927304,E2b
2026-08-01--2026-08-31,,SWD12960,BRIDE,2026-01-04 14:26:03,上架,,189.0,189.0,1,0,,,0,swd,1,0,1,1,婚纱 BRIDE,True,238,False,,E,0.991751659935656,E2b
2026-08-01--2026-08-31,,SWD12934,BRIDE,2025-12-08 17:41:18,上架,,129.0,129.0,1,6,2026-07-28 00:00:00,,0,swd,1,0,1,1,婚纱 BRIDE,True,265,False,,E,0.9901772879731672,E2b
2026-08-01--2026-08-31,,SWD10497,BRIDE,2024-08-30 12:20:11,上架,,199.0,199.0,1,8,2026-06-22 19:19:41,,0,swd,1,0,1,1,婚纱 BRIDE,True,730,False,,E,0.9691970702991308,E2b
2026-08-01--2026-08-31,,SWD10655,BRIDE,2024-09-06 16:12:15,上架,,179.0,179.0,1,22,2026-04-28 19:01:49,,0,swd,1,0,1,1,婚纱 BRIDE,True,723,False,,E,0.9696420015059212,E2b
2026-08-01--2026-08-31,,SWD13071,BRIDE,2026-02-10 09:28:43,上架,,149.0,149.0,1,5,2026-05-24 00:00:00,,0,swd,1,0,1,1,婚纱 BRIDE,True,201,False,,E,0.9931206790334726,E2b
2026-08-01--2026-08-31,,SWD10894,BRIDE,2024-09-04 10:38:03,上架,,179.0,179.0,1,6,2026-07-14 16:00:00,,0,swd,1,0,1,1,婚纱 BRIDE,True,725,False,,E,0.9722089123143268,E2b
2026-08-01--2026-08-31,,SWD12234,BRIDE,2024-08-27 17:20:41,下架,2026-06-04 17:14:03,200.0,0.0,0,9,2024-08-05 02:53:24,,0,swd,0,0,0,0,婚纱 BRIDE,False,733,False,,F,,F
2026-08-01--2026-08-31,,SWD12235,BRIDE,2024-09-10 10:28:12,下架,2025-08-13 14:45:24,320.0,0.0,0,0,,,0,swd,0,0,0,0,婚纱 BRIDE,False,719,False,,F,,F
2026-08-01--2026-08-31,,SWD12992,BRIDE,2026-01-09 14:50:37,下架,2026-04-16 14:13:24,219.0,0.0,0,0,,,0,swd,0,0,0,0,婚纱 BRIDE,False,233,False,,F,,F
2026-08-01--2026-08-31,,SWD13444,BRIDE,2026-07-20 10:06:16,下架,2026-08-06 16:56:31,454.0,0.0,0,0,,,0,swd,0,0,0,0,婚纱 BRIDE,False,41,True,31-60天,F,,F
2026-08-01--2026-08-31,,SWD13002,BRIDE,2026-01-14 14:16:23,下架,2026-04-16 14:13:23,482.0,0.0,0,0,,,0,swd,0,0,0,0,婚纱 BRIDE,False,228,False,,F,,F
2026-08-01--2026-08-31,,SWD12298,BRIDE,2024-09-11 09:45:17,下架,2025-08-13 14:45:22,159.0,0.0,0,0,,,0,swd,0,0,0,0,婚纱 BRIDE,False,718,False,,F,,F
2026-08-01--2026-08-31,,SWD13445,BRIDE,2026-07-22 10:36:37,下架,2026-07-24 09:38:24,220.0,0.0,0,0,,,0,swd,0,0,0,0,婚纱 BRIDE,False,39,True,31-60天,F,,F
2026-08-01--2026-08-31,,SWD12289,BRIDE,2024-09-02 17:12:19,下架,2026-06-04 17:14:03,179.0,0.0,0,0,,,0,swd,0,0,0,0,婚纱 BRIDE,False,727,False,,F,,F
2026-08-01--2026-08-31,,SWD12236,BRIDE,2024-08-27 17:20:32,下架,2026-07-10 11:18:09,200.0,0.0,0,0,,,0,swd,0,0,0,0,婚纱 BRIDE,False,733,False,,F,,F
2026-08-01--2026-08-31,,SWD13104,BRIDE,2026-02-11 16:39:15,上架,,193.0,0.0,0,0,,,0,swd,0,0,0,0,婚纱 BRIDE,True,200,False,,F,,F
2026-08-01--2026-08-31,,SWD12993,BRIDE,2026-01-09 17:30:37,下架,2026-04-16 14:13:24,996.0,0.0,0,0,,,0,swd,0,0,0,0,婚纱 BRIDE,False,233,False,,F,,F
2026-08-01--2026-08-31,,SWD12237,BRIDE,2024-09-02 16:55:13,下架,2026-06-04 17:14:03,230.0,0.0,0,0,,,0,swd,0,0,0,0,婚纱 BRIDE,False,727,False,,F,,F
2026-08-01--2026-08-31,,SWD12280,BRIDE,2024-09-11 09:45:45,下架,2025-08-13 14:45:22,249.0,0.0,0,0,,,0,swd,0,0,0,0,婚纱 BRIDE,False,718,False,,F,,F
2026-08-01--2026-08-31,,SWD12279,BRIDE,2024-09-11 09:46:19,下架,2026-07-10 11:21:24,189.0,0.0,0,0,,,0,swd,0,0,0,0,婚纱 BRIDE,False,718,False,,F,,F
2026-08-01--2026-08-31,,SWD13103,BRIDE,2026-03-12 12:04:46,下架,2026-08-13 11:45:47,319.0,0.0,0,0,,,0,swd,0,0,0,0,婚纱 BRIDE,False,171,False,,F,,F
2026-08-01--2026-08-31,,SWD13105,BRIDE,2026-03-12 13:00:56,上架,,179.0,0.0,0,5,2026-07-03 00:00:00,,0,swd,0,0,0,0,婚纱 BRIDE,True,171,False,,F,,F
2026-08-01--2026-08-31,,SWD13098,BRIDE,2026-02-11 11:42:45,上架,,259.0,0.0,0,8,2026-08-21 00:00:00,2026-08-21,4,swd,0,0,0,0,婚纱 BRIDE,True,200,False,,F,,F
2026-08-01--2026-08-31,,SWD13452,BRIDE,2026-07-24 12:10:13,下架,2026-08-06 16:56:31,287.0,0.0,0,0,,,0,swd,0,0,0,0,婚纱 BRIDE,False,37,True,31-60天,F,,F
2026-08-01--2026-08-31,,SWD12256,BRIDE,2024-09-10 18:45:36,下架,2026-07-10 11:18:09,149.0,0.0,0,0,,,0,swd,0,0,0,0,婚纱 BRIDE,False,719,False,,F,,F
2026-08-01--2026-08-31,,SWD13442,BRIDE,2026-07-16 16:25:43,下架,2026-07-27 09:59:05,290.0,0.0,0,0,,,0,swd,0,0,0,0,婚纱 BRIDE,False,45,True,31-60天,F,,F
2026-08-01--2026-08-31,,SWD12311,BRIDE,2024-09-11 09:43:35,下架,2026-07-10 11:18:09,179.0,0.0,0,0,,,0,swd,0,0,0,0,婚纱 BRIDE,False,718,False,,F,,F
2026-08-01--2026-08-31,,SWD12310,BRIDE,2024-08-27 18:24:24,下架,2026-07-10 11:18:09,169.0,0.0,0,0,,,0,swd,0,0,0,0,婚纱 BRIDE,False,733,False,,F,,F
2026-08-01--2026-08-31,,SWD12987,BRIDE,2026-01-06 10:57:51,下架,2026-08-13 11:45:48,199.0,0.0,0,0,,,0,swd,0,0,0,0,婚纱 BRIDE,False,236,False,,F,,F
2026-08-01--2026-08-31,,SWD12988,BRIDE,2026-01-06 10:58:05,下架,2026-01-07 12:31:59,169.0,0.0,0,0,,,0,swd,0,0,0,0,婚纱 BRIDE,False,236,False,,F,,F
2026-08-01--2026-08-31,,SWD13451,BRIDE,2026-07-24 09:58:02,下架,2026-08-28 18:23:39,293.0,0.0,0,0,,,0,swd,0,0,0,0,婚纱 BRIDE,False,37,True,31-60天,F,,F
2026-08-01--2026-08-31,,SWD12989,BRIDE,2026-01-06 10:57:21,下架,2026-08-13 11:45:48,479.0,0.0,0,0,,,0,swd,0,0,0,0,婚纱 BRIDE,False,236,False,,F,,F
2026-08-01--2026-08-31,,SWD12233,BRIDE,2024-08-23 13:33:58,下架,2026-08-26 12:07:52,209.0,0.0,0,0,,,0,swd,0,0,0,0,婚纱 BRIDE,False,737,False,,F,,F
2026-08-01--2026-08-31,,SWD12990,BRIDE,2026-01-06 11:30:35,上架,,259.0,0.0,0,4,2026-04-13 16:00:00,,0,swd,0,0,0,0,婚纱 BRIDE,True,236,False,,F,,F
2026-08-01--2026-08-31,,SWD12306,BRIDE,2024-08-27 18:28:00,上架,,179.0,0.0,0,8,2026-08-02 15:21:08,,0,swd,0,0,0,0,婚纱 BRIDE,True,733,False,,F,,F
2026-08-01--2026-08-31,,SWD13443,BRIDE,2026-07-17 18:19:17,下架,2026-08-26 18:58:16,559.0,0.0,0,0,,,0,swd,0,0,0,0,婚纱 BRIDE,False,44,True,31-60天,F,,F
2026-08-01--2026-08-31,,SWD12303,BRIDE,2024-09-02 17:13:08,下架,2026-06-04 17:14:02,159.0,0.0,0,0,,,0,swd,0,0,0,0,婚纱 BRIDE,False,727,False,,F,,F
2026-08-01--2026-08-31,,SWD12302,BRIDE,2024-09-11 09:45:26,下架,2026-06-04 17:14:02,149.0,0.0,0,0,,,0,swd,0,0,0,0,婚纱 BRIDE,False,718,False,,F,,F
2026-08-01--2026-08-31,,SWD13467,BRIDE,2026-07-31 11:19:36,下架,2026-08-06 16:56:31,286.0,0.0,0,0,,,0,swd,0,0,0,0,婚纱 BRIDE,False,30,True,≤30天,F,,F
2026-08-01--2026-08-31,,SWD12301,BRIDE,2024-08-27 18:24:15,下架,2026-07-10 11:18:09,179.0,0.0,0,4,2025-03-17 08:28:31,,0,swd,0,0,0,0,婚纱 BRIDE,False,733,False,,F,,F
2026-08-01--2026-08-31,,SWD12991,BRIDE,2026-01-08 16:16:54,下架,2026-08-13 11:45:48,169.0,0.0,0,0,,,0,swd,0,0,0,0,婚纱 BRIDE,False,234,False,,F,,F
2026-08-01--2026-08-31,,SWD12254,BRIDE,2024-08-27 17:29:30,下架,,350.0,0.0,0,0,,,0,swd,0,0,0,0,婚纱 BRIDE,False,733,False,,F,,F
2026-08-01--2026-08-31,,SWD13102,BRIDE,2026-02-11 14:39:08,下架,2026-03-17 14:21:21,180.0,0.0,0,1,2026-02-22 16:00:00,,0,swd,0,0,0,0,婚纱 BRIDE,False,200,False,,F,,F
2026-08-01--2026-08-31,,SWD12257,BRIDE,2024-09-10 18:47:34,下架,2025-08-13 14:45:23,189.0,0.0,0,0,,,0,swd,0,0,0,0,婚纱 BRIDE,False,719,False,,F,,F
2026-08-01--2026-08-31,,SWD13447,BRIDE,2026-07-22 14:29:34,下架,2026-08-06 16:56:31,285.0,0.0,0,0,,,0,swd,0,0,0,0,婚纱 BRIDE,False,39,True,31-60天,F,,F
2026-08-01--2026-08-31,,SWD12245,BRIDE,2024-09-10 10:32:48,上架,,179.0,0.0,0,1,2025-11-20 00:00:00,2025-11-20,2,swd,0,0,0,0,婚纱 BRIDE,True,719,False,,F,,F
2026-08-01--2026-08-31,,SWD13457,Evening Dresses,2026-07-27 18:22:03,下架,2026-08-12 10:03:04,235.0,0.0,0,7,2026-07-23 16:00:00,,0,swd,0,0,0,0,婚纱 BRIDE,False,34,True,31-60天,F,,F
2026-08-01--2026-08-31,,SWD12250,BRIDE,2024-08-27 17:28:23,下架,2025-08-13 14:45:23,189.0,0.0,0,0,,,0,swd,0,0,0,0,婚纱 BRIDE,False,733,False,,F,,F
2026-08-01--2026-08-31,,SWD12261,BRIDE,2024-09-02 17:41:23,下架,2026-08-26 12:07:52,179.0,0.0,0,22,2024-05-11 00:00:00,,0,swd,0,0,0,0,婚纱 BRIDE,False,727,False,,F,,F
2026-08-01--2026-08-31,,SWD12999,BRIDE,2026-01-13 16:33:47,上架,,330.0,0.0,0,18,2026-07-15 17:38:59,2026-07-16,9,swd,0,0,0,0,婚纱 BRIDE,True,229,False,,F,,F
2026-08-01--2026-08-31,,SWD13448,BRIDE,2026-07-22 19:26:30,下架,2026-08-06 16:56:31,299.0,0.0,0,0,,,0,swd,0,0,0,0,婚纱 BRIDE,False,39,True,31-60天,F,,F
2026-08-01--2026-08-31,,SWD12268,BRIDE,2024-09-11 09:49:45,下架,2026-06-04 17:14:03,179.0,0.0,0,0,,,0,swd,0,0,0,0,婚纱 BRIDE,False,718,False,,F,,F
2026-08-01--2026-08-31,,SWD12267,BRIDE,2024-09-10 18:47:42,下架,2026-06-04 17:14:03,179.0,0.0,0,0,,,0,swd,0,0,0,0,婚纱 BRIDE,False,719,False,,F,,F
2026-08-01--2026-08-31,,SWD12995,BRIDE,2026-01-13 12:08:28,下架,2026-04-16 14:13:23,707.0,0.0,0,0,,,0,swd,0,0,0,0,婚纱 BRIDE,False,229,False,,F,,F
2026-08-01--2026-08-31,,SWD12246,BRIDE,2024-09-10 10:31:53,下架,2026-08-26 12:07:52,189.0,0.0,0,0,,,0,swd,0,0,0,0,婚纱 BRIDE,False,719,False,,F,,F
2026-08-01--2026-08-31,,SWD12247,BRIDE,2024-09-10 10:33:35,下架,2025-08-13 14:45:23,179.0,0.0,0,0,,,0,swd,0,0,0,0,婚纱 BRIDE,False,719,False,,F,,F
2026-08-01--2026-08-31,,SWD12248,BRIDE,2024-09-10 18:46:02,下架,2026-07-10 11:18:09,179.0,0.0,0,7,2025-03-09 02:47:40,,0,swd,0,0,0,0,婚纱 BRIDE,False,719,False,,F,,F
2026-08-01--2026-08-31,,SWD12265,BRIDE,2024-08-27 17:29:20,下架,2026-08-05 12:06:02,179.0,0.0,0,0,,,0,swd,0,0,0,0,婚纱 BRIDE,False,733,False,,F,,F
2026-08-01--2026-08-31,,SWD13455,BRIDE,2026-07-27 17:03:39,下架,2026-08-06 16:56:31,385.0,0.0,0,0,,,0,swd,0,0,0,0,婚纱 BRIDE,False,34,True,31-60天,F,,F
2026-08-01--2026-08-31,,SWD12264,BRIDE,2024-09-02 16:59:32,下架,2025-08-13 14:45:23,149.0,0.0,0,0,,,0,swd,0,0,0,0,婚纱 BRIDE,False,727,False,,F,,F
2026-08-01--2026-08-31,,SWD13454,BRIDE,2026-07-27 16:54:41,下架,2026-07-29 17:11:51,235.0,0.0,0,0,,,0,swd,0,0,0,0,婚纱 BRIDE,False,34,True,31-60天,F,,F
2026-08-01--2026-08-31,,SWD12262,BRIDE,2024-09-10 18:48:16,下架,2026-07-10 11:21:24,209.0,0.0,0,0,,,0,swd,0,0,0,0,婚纱 BRIDE,False,719,False,,F,,F
2026-08-01--2026-08-31,,SWD13453,BRIDE,2026-07-24 14:14:06,下架,2026-08-06 16:56:31,305.0,0.0,0,0,,,0,swd,0,0,0,0,婚纱 BRIDE,False,37,True,31-60天,F,,F
2026-08-01--2026-08-31,,SWD12263,BRIDE,2024-08-27 17:32:23,下架,2026-07-10 11:18:09,169.0,0.0,0,0,,,0,swd,0,0,0,0,婚纱 BRIDE,False,733,False,,F,,F
2026-08-01--2026-08-31,,SWD12266,BRIDE,2024-09-02 17:00:07,下架,2026-08-26 12:07:52,179.0,0.0,0,0,,,0,swd,0,0,0,0,婚纱 BRIDE,False,727,False,,F,,F
2026-08-01--2026-08-31,,SWD12238,BRIDE,2024-09-02 16:55:04,下架,2025-08-13 14:45:23,230.0,0.0,0,0,,,0,swd,0,0,0,0,婚纱 BRIDE,False,727,False,,F,,F
2026-08-01--2026-08-31,,SWD12258,BRIDE,2024-09-10 18:48:09,下架,2025-08-13 14:45:23,189.0,0.0,0,0,,,0,swd,0,0,0,0,婚纱 BRIDE,False,719,False,,F,,F
2026-08-01--2026-08-31,,SWD13004,BRIDE,2026-01-16 10:31:50,下架,2026-08-13 11:45:48,149.0,0.0,0,0,,,0,swd,0,0,0,0,婚纱 BRIDE,False,226,False,,F,,F
2026-08-01--2026-08-31,,SWD12276,BRIDE,2024-08-26 17:03:13,上架,,179.0,0.0,0,6,2024-06-15 01:49:01,,0,swd,0,0,0,0,婚纱 BRIDE,True,734,False,,F,,F
2026-08-01--2026-08-31,,SWD13459,BRIDE,2026-07-28 14:59:33,下架,2026-07-29 10:05:53,280.0,0.0,0,0,,,0,swd,0,0,0,0,婚纱 BRIDE,False,33,True,31-60天,F,,F
2026-08-01--2026-08-31,,SWD13446,BRIDE,2026-07-22 14:02:53,下架,2026-08-06 16:56:31,933.0,0.0,0,0,,,0,swd,0,0,0,0,婚纱 BRIDE,False,39,True,31-60天,F,,F
2026-08-01--2026-08-31,,SWD12275,BRIDE,2024-08-26 17:03:48,下架,2026-06-04 17:14:03,269.0,0.0,0,0,,,0,swd,0,0,0,0,婚纱 BRIDE,False,734,False,,F,,F
2026-08-01--2026-08-31,,SWD12252,BRIDE,2024-09-02 16:59:50,下架,2026-07-10 11:21:24,189.0,0.0,0,0,,,0,swd,0,0,0,0,婚纱 BRIDE,False,727,False,,F,,F
2026-08-01--2026-08-31,,SWD13099,BRIDE,2026-02-11 12:02:28,下架,2026-04-16 14:13:19,203.0,0.0,0,0,,,0,swd,0,0,0,0,婚纱 BRIDE,False,200,False,,F,,F
2026-08-01--2026-08-31,,SWD13458,BRIDE,2026-07-28 14:24:06,下架,2026-07-29 16:40:33,645.0,0.0,0,0,,,0,swd,0,0,0,0,婚纱 BRIDE,False,33,True,31-60天,F,,F
2026-08-01--2026-08-31,,SWD12271,BRIDE,2024-08-27 18:11:44,上架,,149.0,0.0,0,0,,,0,swd,0,0,0,0,婚纱 BRIDE,True,733,False,,F,,F
2026-08-01--2026-08-31,,SWD12259,BRIDE,2024-09-10 18:48:00,下架,2026-07-10 11:18:09,189.0,0.0,0,0,,,0,swd,0,0,0,0,婚纱 BRIDE,False,719,False,,F,,F
2026-08-01--2026-08-31,,SWD12241,BRIDE,2024-09-10 10:41:07,下架,2025-08-13 14:45:23,149.0,0.0,0,0,,,0,swd,0,0,0,0,婚纱 BRIDE,False,719,False,,F,,F
2026-08-01--2026-08-31,,SWD12242,BRIDE,2024-09-02 16:59:41,下架,2026-06-04 17:14:03,149.0,0.0,0,0,,,0,swd,0,0,0,0,婚纱 BRIDE,False,727,False,,F,,F
2026-08-01--2026-08-31,,SWD12274,BRIDE,2024-09-10 18:47:27,下架,2026-07-10 11:21:24,159.0,0.0,0,0,,,0,swd,0,0,0,0,婚纱 BRIDE,False,719,False,,F,,F
2026-08-01--2026-08-31,,SWD12243,BRIDE,2024-09-10 18:46:28,下架,2025-08-13 14:45:23,259.0,0.0,0,0,,,0,swd,0,0,0,0,婚纱 BRIDE,False,719,False,,F,,F
2026-08-01--2026-08-31,,SWD13449,BRIDE,2026-07-22 19:33:07,下架,2026-08-06 16:56:31,249.0,0.0,0,0,,,0,swd,0,0,0,0,婚纱 BRIDE,False,39,True,31-60天,F,,F
2026-08-01--2026-08-31,,SWD12260,BRIDE,2024-09-10 10:39:15,下架,2025-08-13 14:45:23,139.0,0.0,0,0,,,0,swd,0,0,0,0,婚纱 BRIDE,False,719,False,,F,,F
2026-08-01--2026-08-31,,SWD12244,BRIDE,2024-08-27 17:28:46,下架,2026-08-26 12:07:52,259.0,0.0,0,0,,,0,swd,0,0,0,0,婚纱 BRIDE,False,733,False,,F,,F
2026-08-01--2026-08-31,,SWD13100,BRIDE,2026-02-11 14:18:55,下架,2026-08-13 11:45:47,238.0,0.0,0,1,2026-04-10 00:00:00,,0,swd,0,0,0,0,婚纱 BRIDE,False,200,False,,F,,F
2026-08-01--2026-08-31,,SWD12272,BRIDE,2024-09-11 09:51:10,下架,2025-08-13 14:45:23,229.0,0.0,0,0,,,0,swd,0,0,0,0,婚纱 BRIDE,False,718,False,,F,,F
2026-08-01--2026-08-31,,SWD12251,BRIDE,2024-08-27 17:32:31,下架,2025-08-13 14:45:23,239.0,0.0,0,6,2024-09-06 03:05:59,,0,swd,0,0,0,0,婚纱 BRIDE,False,733,False,,F,,F
2026-08-01--2026-08-31,,SWD12385,BRIDE,2024-09-02 17:23:54,下架,2026-07-10 11:18:09,239.0,0.0,0,0,,,0,swd,0,0,0,0,婚纱 BRIDE,False,727,False,,F,,F
2026-08-01--2026-08-31,,SWD13409,BRIDE,2026-06-30 19:18:08,下架,2026-07-07 09:55:35,405.0,0.0,0,0,,,0,swd,0,0,0,0,婚纱 BRIDE,False,61,True,61-90天,F,,F
2026-08-01--2026-08-31,,SWD13410,BRIDE,2026-07-01 12:09:18,下架,2026-08-26 18:05:48,295.0,0.0,0,0,,,0,swd,0,0,0,0,婚纱 BRIDE,False,60,True,31-60天,F,,F
2026-08-01--2026-08-31,,SWD13121,BRIDE,2026-03-12 12:05:37,上架,,129.0,0.0,0,0,,,0,swd,0,0,0,0,婚纱 BRIDE,True,171,False,,F,,F
2026-08-01--2026-08-31,,SWD13120,BRIDE,2026-02-25 11:00:02,下架,2026-03-09 09:27:51,425.0,0.0,0,0,,,0,swd,0,0,0,0,婚纱 BRIDE,False,186,False,,F,,F
2026-08-01--2026-08-31,,SWD13411,BRIDE,2026-07-01 14:06:55,下架,2026-08-26 18:22:38,600.0,0.0,0,0,,,0,swd,0,0,0,0,婚纱 BRIDE,False,60,True,31-60天,F,,F
2026-08-01--2026-08-31,,SWD12381,BRIDE,2024-09-11 11:59:08,下架,2025-08-13 14:45:21,149.0,0.0,0,0,,,0,swd,0,0,0,0,婚纱 BRIDE,False,718,False,,F,,F
2026-08-01--2026-08-31,,SWD13118,BRIDE,2026-02-25 10:52:49,下架,2026-08-13 11:45:47,260.0,0.0,0,0,,,0,swd,0,0,0,0,婚纱 BRIDE,False,186,False,,F,,F
2026-08-01--2026-08-31,,SWD12380,BRIDE,2024-09-11 11:59:18,上架,,179.0,0.0,0,8,2026-06-20 00:00:00,,0,swd,0,0,0,0,婚纱 BRIDE,True,718,False,,F,,F
2026-08-01--2026-08-31,,SWD12959,BRIDE,2025-12-29 11:50:21,下架,2026-07-10 11:18:06,429.0,0.0,0,0,,,0,swd,0,0,0,0,婚纱 BRIDE,False,244,False,,F,,F
2026-08-01--2026-08-31,,SWD12379,BRIDE,2024-09-02 17:23:37,下架,2026-07-10 11:21:24,139.0,0.0,0,0,,,0,swd,0,0,0,0,婚纱 BRIDE,False,727,False,,F,,F
2026-08-01--2026-08-31,,SWD12378,BRIDE,2024-09-05 15:38:27,下架,2025-08-13 14:45:21,189.0,0.0,0,0,,,0,swd,0,0,0,0,婚纱 BRIDE,False,724,False,,F,,F
2026-08-01--2026-08-31,,SWD12377,BRIDE,2024-09-02 17:23:13,下架,2026-06-04 17:14:01,189.0,0.0,0,1,2025-07-14 00:00:00,2025-07-14,2,swd,0,0,0,0,婚纱 BRIDE,False,727,False,,F,,F
2026-08-01--2026-08-31,,SWD12376,BRIDE,2024-09-02 17:23:25,下架,2026-07-10 11:21:24,179.0,0.0,0,0,,,0,swd,0,0,0,0,婚纱 BRIDE,False,727,False,,F,,F
2026-08-01--2026-08-31,,SWD13476,BRIDE,2026-07-31 18:58:14,下架,2026-08-03 09:32:37,483.0,0.0,0,0,,,0,swd,0,0,0,0,婚纱 BRIDE,False,30,True,≤30天,F,,F
2026-08-01--2026-08-31,,SWD12373,BRIDE,2024-09-11 12:00:00,下架,2025-08-13 14:45:21,169.0,0.0,0,0,,,0,swd,0,0,0,0,婚纱 BRIDE,False,718,False,,F,,F
2026-08-01--2026-08-31,,SWD13412,BRIDE,2026-07-01 16:27:30,下架,2026-07-21 14:45:59,435.0,0.0,0,0,,,0,swd,0,0,0,0,婚纱 BRIDE,False,60,True,31-60天,F,,F
2026-08-01--2026-08-31,,SWD12371,BRIDE,2024-09-11 12:00:18,下架,2026-06-04 17:14:01,169.0,0.0,0,0,,,0,swd,0,0,0,0,婚纱 BRIDE,False,718,False,,F,,F
2026-08-01--2026-08-31,,SWD12370,BRIDE,2024-09-02 17:22:21,下架,2025-08-13 14:45:21,159.0,0.0,0,0,,,0,swd,0,0,0,0,婚纱 BRIDE,False,727,False,,F,,F
2026-08-01--2026-08-31,,SWD12369,BRIDE,2024-09-02 17:21:46,下架,2026-06-04 17:14:02,149.0,0.0,0,0,,,0,swd,0,0,0,0,婚纱 BRIDE,False,727,False,,F,,F
2026-08-01--2026-08-31,,SWD12368,BRIDE,2024-09-11 11:58:58,下架,2025-08-13 14:45:21,159.0,0.0,0,0,,,0,swd,0,0,0,0,婚纱 BRIDE,False,718,False,,F,,F
2026-08-01--2026-08-31,,SWD12365,BRIDE,2024-09-02 17:21:27,下架,2026-07-10 11:18:09,159.0,0.0,0,0,,,0,swd,0,0,0,0,婚纱 BRIDE,False,727,False,,F,,F
2026-08-01--2026-08-31,,SWD12364,BRIDE,2024-09-13 17:58:35,上架,,229.0,0.0,0,9,2026-07-31 18:51:40,,0,swd,0,0,0,0,婚纱 BRIDE,True,716,False,,F,,F
2026-08-01--2026-08-31,,SWD12962,BRIDE,2026-01-04 14:17:32,上架,,139.0,0.0,0,5,2026-06-12 00:00:00,,0,swd,0,0,0,0,婚纱 BRIDE,True,238,False,,F,,F
2026-08-01--2026-08-31,,SWD12963,BRIDE,2025-12-30 14:37:01,下架,2026-03-11 14:44:38,553.0,0.0,0,0,,,0,swd,0,0,0,0,婚纱 BRIDE,False,243,False,,F,,F
2026-08-01--2026-08-31,,SWD12363,BRIDE,2024-09-11 11:56:21,下架,2026-06-04 17:14:02,179.0,0.0,0,0,,,0,swd,0,0,0,0,婚纱 BRIDE,False,718,False,,F,,F
2026-08-01--2026-08-31,,SWD13115,BRIDE,2026-02-17 18:02:05,下架,2026-04-16 14:13:19,338.0,0.0,0,0,,,0,swd,0,0,0,0,婚纱 BRIDE,False,194,False,,F,,F
2026-08-01--2026-08-31,,SWD12362,BRIDE,2024-09-11 11:56:31,下架,2026-07-10 11:21:24,189.0,0.0,0,0,,,0,swd,0,0,0,0,婚纱 BRIDE,False,718,False,,F,,F
2026-08-01--2026-08-31,,SWD12361,BRIDE,2024-09-11 11:56:53,下架,2025-08-13 14:45:21,179.0,0.0,0,0,,,0,swd,0,0,0,0,婚纱 BRIDE,False,718,False,,F,,F
2026-08-01--2026-08-31,,SWD12360,BRIDE,2024-09-02 17:52:37,下架,2026-06-04 17:14:02,229.0,0.0,0,0,,,0,swd,0,0,0,0,婚纱 BRIDE,False,727,False,,F,,F
2026-08-01--2026-08-31,,SWD12375,BRIDE,2024-08-26 17:04:04,下架,2026-06-04 17:14:01,179.0,0.0,0,0,,,0,swd,0,0,0,0,婚纱 BRIDE,False,734,False,,F,,F
2026-08-01--2026-08-31,,SWD13398,BRIDE,2026-06-23 17:40:27,下架,2026-06-26 11:02:47,302.0,0.0,0,0,,,0,swd,0,0,0,0,婚纱 BRIDE,False,68,True,61-90天,F,,F
2026-08-01--2026-08-31,,SWD13399,BRIDE,2026-06-24 14:22:21,下架,2026-06-26 09:33:03,230.0,0.0,0,0,,,0,swd,0,0,0,0,婚纱 BRIDE,False,67,True,61-90天,F,,F
2026-08-01--2026-08-31,,SWD13400,BRIDE,2026-06-24 16:35:28,下架,2026-06-29 09:27:06,309.0,0.0,0,0,,,0,swd,0,0,0,0,婚纱 BRIDE,False,67,True,61-90天,F,,F
2026-08-01--2026-08-31,,SWD12408,BRIDE,2024-09-11 16:04:47,下架,2026-08-26 12:07:52,185.0,0.0,0,0,,,0,swd,0,0,0,0,婚纱 BRIDE,False,718,False,,F,,F
2026-08-01--2026-08-31,,SWD12954,BRIDE,2025-12-25 14:43:19,下架,2026-06-04 17:13:48,209.0,0.0,0,6,2026-04-02 16:00:00,,0,swd,0,0,0,0,婚纱 BRIDE,False,248,False,,F,,F
2026-08-01--2026-08-31,,SWD12407,BRIDE,2024-09-11 16:04:55,上架,,185.0,0.0,0,6,2026-06-30 16:00:00,2026-02-20,4,swd,0,0,0,0,婚纱 BRIDE,True,718,False,,F,,F
2026-08-01--2026-08-31,,SWD13401,BRIDE,2026-06-24 18:08:07,下架,2026-08-06 17:41:28,300.0,0.0,0,0,,,0,swd,0,0,0,0,婚纱 BRIDE,False,67,True,61-90天,F,,F
2026-08-01--2026-08-31,,SWD13122,BRIDE,2026-03-12 13:00:45,下架,2026-08-13 11:45:47,239.0,0.0,0,0,,,0,swd,0,0,0,0,婚纱 BRIDE,False,171,False,,F,,F
2026-08-01--2026-08-31,,SWD12404,BRIDE,2024-09-11 16:03:57,上架,,199.0,0.0,0,8,2026-03-09 16:00:00,2025-12-12,4,swd,0,0,0,0,婚纱 BRIDE,True,718,False,,F,,F
2026-08-01--2026-08-31,,SWD12956,BRIDE,2025-12-26 18:39:46,下架,2026-08-05 12:06:02,444.0,0.0,0,0,,,0,swd,0,0,0,0,婚纱 BRIDE,False,247,False,,F,,F
2026-08-01--2026-08-31,,SWD13402,BRIDE,2026-06-25 11:24:42,上架,,245.0,0.0,0,5,2026-07-11 00:00:00,,0,swd,0,0,0,0,婚纱 BRIDE,True,66,True,61-90天,F,,F
2026-08-01--2026-08-31,,SWD12402,BRIDE,2024-09-11 15:58:55,下架,2025-08-13 14:45:20,189.0,0.0,0,0,,,0,swd,0,0,0,0,婚纱 BRIDE,False,718,False,,F,,F
2026-08-01--2026-08-31,,SWD13403,BRIDE,2026-06-26 12:46:46,下架,2026-08-26 18:37:50,282.0,0.0,0,0,,,0,swd,0,0,0,0,婚纱 BRIDE,False,65,True,61-90天,F,,F
2026-08-01--2026-08-31,,SWD12401,BRIDE,2024-09-11 15:59:04,下架,2025-08-13 14:45:20,199.0,0.0,0,0,,,0,swd,0,0,0,0,婚纱 BRIDE,False,718,False,,F,,F
2026-08-01--2026-08-31,,SWD12400,BRIDE,2024-08-28 16:12:28,上架,,179.0,0.0,0,9,2026-06-26 00:00:00,,0,swd,0,0,0,0,婚纱 BRIDE,True,732,False,,F,,F
2026-08-01--2026-08-31,,SWD12386,BRIDE,2024-09-11 15:09:03,下架,2026-06-04 17:14:01,219.0,0.0,0,0,,,0,swd,0,0,0,0,婚纱 BRIDE,False,718,False,,F,,F
2026-08-01--2026-08-31,,SWD13404,BRIDE,2026-06-26 14:16:52,下架,2026-07-01 11:49:46,555.0,0.0,0,0,,,0,swd,0,0,0,0,婚纱 BRIDE,False,65,True,61-90天,F,,F
2026-08-01--2026-08-31,,SWD12397,BRIDE,2024-09-11 15:58:36,上架,,189.0,0.0,0,0,,,0,swd,0,0,0,0,婚纱 BRIDE,True,718,False,,F,,F
2026-08-01--2026-08-31,,SWD12396,BRIDE,2024-09-02 17:39:08,上架,,179.0,0.0,0,7,2026-06-23 22:18:19,,0,swd,0,0,0,0,婚纱 BRIDE,True,727,False,,F,,F
2026-08-01--2026-08-31,,SWD12395,BRIDE,2024-09-11 15:59:14,下架,2026-07-10 11:18:09,199.0,0.0,0,0,,,0,swd,0,0,0,0,婚纱 BRIDE,False,718,False,,F,,F
2026-08-01--2026-08-31,,SWD12394,BRIDE,2024-09-11 15:59:44,下架,2025-08-13 14:45:20,199.0,0.0,0,0,,,0,swd,0,0,0,0,婚纱 BRIDE,False,718,False,,F,,F
2026-08-01--2026-08-31,,SWD13406,BRIDE,2026-06-29 10:05:17,下架,2026-07-01 17:06:02,285.0,0.0,0,0,,,0,swd,0,0,0,0,婚纱 BRIDE,False,62,True,61-90天,F,,F
2026-08-01--2026-08-31,,SWD12393,BRIDE,2024-09-11 15:40:31,下架,2026-07-10 11:18:09,189.0,0.0,0,0,,,0,swd,0,0,0,0,婚纱 BRIDE,False,718,False,,F,,F
2026-08-01--2026-08-31,,SWD12392,BRIDE,2024-09-11 15:39:52,下架,2025-08-13 14:45:21,179.0,0.0,0,0,,,0,swd,0,0,0,0,婚纱 BRIDE,False,718,False,,F,,F
2026-08-01--2026-08-31,,SWD12391,BRIDE,2024-09-11 15:09:22,下架,2026-07-10 11:21:24,189.0,0.0,0,0,,,0,swd,0,0,0,0,婚纱 BRIDE,False,718,False,,F,,F
2026-08-01--2026-08-31,,SWD12390,BRIDE,2024-11-12 11:28:36,上架,,219.0,0.0,0,10,2026-07-21 11:13:58,,0,swd,0,0,0,0,婚纱 BRIDE,True,656,False,,F,,F
2026-08-01--2026-08-31,,SWD12389,BRIDE,2024-09-11 15:08:25,下架,2025-08-13 14:45:21,199.0,0.0,0,0,,,0,swd,0,0,0,0,婚纱 BRIDE,False,718,False,,F,,F
2026-08-01--2026-08-31,,SWD12388,BRIDE,2024-09-11 15:08:44,下架,2026-06-04 17:14:01,169.0,0.0,0,0,,,0,swd,0,0,0,0,婚纱 BRIDE,False,718,False,,F,,F
2026-08-01--2026-08-31,,SWD13407,BRIDE,2026-06-29 15:55:25,上架,,595.0,0.0,0,0,,,0,swd,0,0,0,0,婚纱 BRIDE,True,62,True,61-90天,F,,F
2026-08-01--2026-08-31,,SWD13408,BRIDE,2026-06-30 11:20:30,下架,2026-08-06 17:41:27,289.0,0.0,0,9,2026-07-10 16:00:00,,0,swd,0,0,0,0,婚纱 BRIDE,False,61,True,61-90天,F,,F
2026-08-01--2026-08-31,,SWD12387,BRIDE,2024-09-11 15:08:54,下架,2025-08-13 14:45:21,149.0,0.0,0,0,,,0,swd,0,0,0,0,婚纱 BRIDE,False,718,False,,F,,F
2026-08-01--2026-08-31,,SWD12399,BRIDE,2024-09-02 17:38:42,下架,,199.0,0.0,0,8,2024-12-26 00:00:00,2024-12-26,1,swd,0,0,0,0,婚纱 BRIDE,False,727,False,,F,,F
2026-08-01--2026-08-31,,SWD12979,BRIDE,2026-01-06 10:55:38,下架,2026-08-13 11:45:48,139.0,0.0,0,0,,,0,swd,0,0,0,0,婚纱 BRIDE,False,236,False,,F,,F
2026-08-01--2026-08-31,,SWD12334,BRIDE,2024-09-11 11:12:40,下架,2025-08-13 14:45:22,179.0,0.0,0,0,,,0,swd,0,0,0,0,婚纱 BRIDE,False,718,False,,F,,F
2026-08-01--2026-08-31,,SWD12333,BRIDE,2024-04-11 17:17:22,下架,2024-04-24 09:24:42,149.0,0.0,0,0,,,0,swd,0,0,0,0,婚纱 BRIDE,False,871,False,,F,,F
2026-08-01--2026-08-31,,SWD12332,BRIDE,2024-09-11 11:13:21,下架,2026-06-04 17:14:02,179.0,0.0,0,0,,,0,swd,0,0,0,0,婚纱 BRIDE,False,718,False,,F,,F
2026-08-01--2026-08-31,,SWD12980,BRIDE,2026-01-06 10:56:07,下架,2026-08-13 11:45:48,219.0,0.0,0,1,2026-01-16 16:00:00,,0,swd,0,0,0,0,婚纱 BRIDE,False,236,False,,F,,F
2026-08-01--2026-08-31,,SWD12331,BRIDE,2024-04-11 17:13:14,下架,2024-04-23 16:16:33,179.0,0.0,0,0,,,0,swd,0,0,0,0,婚纱 BRIDE,False,871,False,,F,,F
2026-08-01--2026-08-31,,SWD12981,BRIDE,2026-01-06 10:56:38,上架,,189.0,0.0,0,0,,,0,swd,0,0,0,0,婚纱 BRIDE,True,236,False,,F,,F
2026-08-01--2026-08-31,,SWD13426,BRIDE,2026-07-08 10:15:04,下架,2026-08-26 18:49:17,325.0,0.0,0,0,,,0,swd,0,0,0,0,婚纱 BRIDE,False,53,True,31-60天,F,,F
2026-08-01--2026-08-31,,SWD13427,Evening Dresses,2026-07-08 14:51:35,下架,2026-07-08 16:59:24,325.0,0.0,0,0,,,0,swd,0,0,0,0,婚纱 BRIDE,False,53,True,31-60天,F,,F
2026-08-01--2026-08-31,,SWD12982,BRIDE,2026-01-06 10:56:22,下架,2026-08-13 11:45:48,129.0,0.0,0,0,,,0,swd,0,0,0,0,婚纱 BRIDE,False,236,False,,F,,F
2026-08-01--2026-08-31,,SWD13429,BRIDE,2026-07-09 10:26:47,下架,2026-07-10 10:01:31,294.0,0.0,0,0,,,0,swd,0,0,0,0,婚纱 BRIDE,False,52,True,31-60天,F,,F
2026-08-01--2026-08-31,,SWD12328,BRIDE,2024-09-11 11:05:00,下架,2026-08-26 12:07:52,169.0,0.0,0,0,,,0,swd,0,0,0,0,婚纱 BRIDE,False,718,False,,F,,F
2026-08-01--2026-08-31,,SWD12327,BRIDE,2024-08-28 15:56:33,下架,2026-07-10 11:18:09,159.0,0.0,0,7,2024-12-29 09:20:43,,0,swd,0,0,0,0,婚纱 BRIDE,False,732,False,,F,,F
2026-08-01--2026-08-31,,SWD12326,BRIDE,2024-08-26 17:03:23,下架,2026-06-04 17:14:02,159.0,0.0,0,8,2024-12-18 09:15:01,,0,swd,0,0,0,0,婚纱 BRIDE,False,734,False,,F,,F
2026-08-01--2026-08-31,,SWD12325,BRIDE,2024-09-11 11:02:14,下架,2025-08-13 14:45:22,199.0,0.0,0,0,,,0,swd,0,0,0,0,婚纱 BRIDE,False,718,False,,F,,F
2026-08-01--2026-08-31,,SWD12359,BRIDE,2024-09-11 11:56:04,下架,2026-07-10 11:18:09,169.0,0.0,0,0,,,0,swd,0,0,0,0,婚纱 BRIDE,False,718,False,,F,,F
2026-08-01--2026-08-31,,SWD13430,BRIDE,2026-07-09 17:59:34,下架,2026-08-05 16:49:06,300.0,0.0,0,0,,,0,swd,0,0,0,0,婚纱 BRIDE,False,52,True,31-60天,F,,F
2026-08-01--2026-08-31,,SWD13107,BRIDE,2026-03-12 14:00:35,上架,,169.0,0.0,0,0,,,0,swd,0,0,0,0,婚纱 BRIDE,True,171,False,,F,,F
2026-08-01--2026-08-31,,SWD12322,BRIDE,2024-09-11 11:00:42,下架,2025-08-13 14:45:22,169.0,0.0,0,0,,,0,swd,0,0,0,0,婚纱 BRIDE,False,718,False,,F,,F
2026-08-01--2026-08-31,,SWD13435,BRIDE,2026-07-14 14:05:04,上架,,350.0,0.0,0,0,,,0,swd,0,0,0,0,婚纱 BRIDE,True,47,True,31-60天,F,,F
2026-08-01--2026-08-31,,SWD12321,BRIDE,2024-09-11 10:43:01,下架,2025-08-13 14:45:22,179.0,0.0,0,0,,,0,swd,0,0,0,0,婚纱 BRIDE,False,718,False,,F,,F
2026-08-01--2026-08-31,,SWD13438,BRIDE,2026-07-14 17:10:19,下架,2026-08-26 18:31:46,288.0,0.0,0,0,,,0,swd,0,0,0,0,婚纱 BRIDE,False,47,True,31-60天,F,,F
2026-08-01--2026-08-31,,SWD13439,BRIDE,2026-07-14 18:17:49,上架,,360.0,0.0,0,0,,,0,swd,0,0,0,0,婚纱 BRIDE,True,47,True,31-60天,F,,F
2026-08-01--2026-08-31,,SWD13440,BRIDE,2026-07-14 19:20:08,上架,,599.0,0.0,0,0,,,0,swd,0,0,0,0,婚纱 BRIDE,True,47,True,31-60天,F,,F
2026-08-01--2026-08-31,,SWD12985,BRIDE,2026-01-06 10:57:07,下架,2026-08-13 11:45:48,339.0,0.0,0,0,,,0,swd,0,0,0,0,婚纱 BRIDE,False,236,False,,F,,F
2026-08-01--2026-08-31,,SWD12317,BRIDE,2024-09-11 09:44:20,下架,2025-08-13 14:45:22,179.0,0.0,0,0,,,0,swd,0,0,0,0,婚纱 BRIDE,False,718,False,,F,,F
2026-08-01--2026-08-31,,SWD12316,BRIDE,2024-09-02 17:12:49,上架,,189.0,0.0,0,0,,,0,swd,0,0,0,0,婚纱 BRIDE,True,727,False,,F,,F
2026-08-01--2026-08-31,,SWD12315,BRIDE,2024-09-11 09:43:52,下架,,179.0,0.0,0,0,,,0,swd,0,0,0,0,婚纱 BRIDE,False,718,False,,F,,F
2026-08-01--2026-08-31,,SWD12314,BRIDE,2024-08-26 17:03:31,上架,,149.0,0.0,0,5,2024-07-25 10:33:54,,0,swd,0,0,0,0,婚纱 BRIDE,True,734,False,,F,,F
2026-08-01--2026-08-31,,SWD13441,BRIDE,2026-07-14 19:54:12,上架,,301.0,0.0,0,7,2026-07-22 00:00:00,,0,swd,0,0,0,0,婚纱 BRIDE,True,47,True,31-60天,F,,F
2026-08-01--2026-08-31,,SWD12312,BRIDE,2024-09-11 09:43:27,上架,,189.0,0.0,0,8,2026-07-23 00:00:00,,0,swd,0,0,0,0,婚纱 BRIDE,True,718,False,,F,,F
2026-08-01--2026-08-31,,SWD12324,BRIDE,2024-09-11 11:02:26,下架,2026-07-10 11:18:09,199.0,0.0,0,0,,,0,swd,0,0,0,0,婚纱 BRIDE,False,718,False,,F,,F
2026-08-01--2026-08-31,,SWD12358,BRIDE,2024-09-11 11:53:31,下架,2026-08-26 12:07:52,179.0,0.0,0,0,,,0,swd,0,0,0,0,婚纱 BRIDE,False,718,False,,F,,F
2026-08-01--2026-08-31,,SWD13415,BRIDE,2026-07-02 14:25:05,下架,2026-07-24 11:02:08,417.0,0.0,0,0,,,0,swd,0,0,0,0,婚纱 BRIDE,False,59,True,31-60天,F,,F
2026-08-01--2026-08-31,,SWD12965,BRIDE,2025-12-31 11:34:38,下架,2026-01-04 11:19:29,277.0,0.0,0,0,,,0,swd,0,0,0,0,婚纱 BRIDE,False,242,False,,F,,F
2026-08-01--2026-08-31,,SWD13416,BRIDE,2026-07-02 14:39:14,下架,2026-08-26 18:57:43,454.0,0.0,0,0,,,0,swd,0,0,0,0,婚纱 BRIDE,False,59,True,31-60天,F,,F
2026-08-01--2026-08-31,,SWD12357,BRIDE,2024-09-11 11:53:41,下架,2025-08-13 14:45:21,179.0,0.0,0,0,,,0,swd,0,0,0,0,婚纱 BRIDE,False,718,False,,F,,F
2026-08-01--2026-08-31,,SWD12356,BRIDE,2024-09-11 11:53:01,下架,2025-08-13 14:45:21,179.0,0.0,0,0,,,0,swd,0,0,0,0,婚纱 BRIDE,False,718,False,,F,,F
2026-08-01--2026-08-31,,SWD13417,BRIDE,2026-07-02 14:55:25,下架,2026-08-06 17:41:27,275.0,0.0,0,0,,,0,swd,0,0,0,0,婚纱 BRIDE,False,59,True,31-60天,F,,F
2026-08-01--2026-08-31,,SWD13418,BRIDE,2026-07-02 18:44:39,上架,,400.0,0.0,0,1,2026-06-21 00:00:00,,0,swd,0,0,0,0,婚纱 BRIDE,True,59,True,31-60天,F,,F
2026-08-01--2026-08-31,,SWD12967,BRIDE,2026-01-04 11:19:02,下架,2026-04-16 14:13:24,332.0,0.0,0,0,,,0,swd,0,0,0,0,婚纱 BRIDE,False,238,False,,F,,F
2026-08-01--2026-08-31,,SWD12353,BRIDE,2024-10-28 15:40:46,下架,2025-08-13 14:45:22,179.0,0.0,0,0,,,0,swd,0,0,0,0,婚纱 BRIDE,False,671,False,,F,,F
2026-08-01--2026-08-31,,SWD12352,BRIDE,2024-09-11 11:54:16,下架,2026-07-10 11:18:09,179.0,0.0,0,0,,,0,swd,0,0,0,0,婚纱 BRIDE,False,718,False,,F,,F
2026-08-01--2026-08-31,,SWD12351,BRIDE,2024-09-11 11:44:20,下架,2025-08-13 14:45:22,149.0,0.0,0,0,,,0,swd,0,0,0,0,婚纱 BRIDE,False,718,False,,F,,F
2026-08-01--2026-08-31,,SWD12969,BRIDE,2026-01-04 11:19:17,下架,2026-04-16 14:13:24,417.0,0.0,0,0,,,0,swd,0,0,0,0,婚纱 BRIDE,False,238,False,,F,,F
2026-08-01--2026-08-31,,SWD12971,BRIDE,2026-01-06 10:53:37,下架,2026-08-13 11:45:49,229.0,0.0,0,0,,,0,swd,0,0,0,0,婚纱 BRIDE,False,236,False,,F,,F
2026-08-01--2026-08-31,,SWD12972,BRIDE,2026-01-06 10:54:07,下架,2026-08-13 11:45:49,219.0,0.0,0,0,,,0,swd,0,0,0,0,婚纱 BRIDE,False,236,False,,F,,F
2026-08-01--2026-08-31,,SWD12335,BRIDE,2024-09-11 11:13:50,下架,2026-07-10 11:18:09,169.0,0.0,0,0,,,0,swd,0,0,0,0,婚纱 BRIDE,False,718,False,,F,,F
2026-08-01--2026-08-31,,SWD12347,BRIDE,2024-11-06 18:13:07,上架,,149.0,0.0,0,0,,,0,swd,0,0,0,0,婚纱 BRIDE,True,662,False,,F,,F
2026-08-01--2026-08-31,,SWD12973,BRIDE,2026-01-06 10:53:52,上架,,159.0,0.0,0,7,2026-06-30 00:00:00,,0,swd,0,0,0,0,婚纱 BRIDE,True,236,False,,F,,F
2026-08-01--2026-08-31,,SWD12345,BRIDE,2024-09-11 11:26:31,上架,,179.0,0.0,0,0,,,0,swd,0,0,0,0,婚纱 BRIDE,True,718,False,,F,,F
2026-08-01--2026-08-31,,SWD12344,BRIDE,2024-09-11 11:26:50,下架,2026-06-04 17:14:02,189.0,0.0,0,0,,,0,swd,0,0,0,0,婚纱 BRIDE,False,718,False,,F,,F
2026-08-01--2026-08-31,,SWD12343,BRIDE,2024-09-11 11:26:59,下架,2026-08-26 12:07:52,169.0,0.0,0,0,,,0,swd,0,0,0,0,婚纱 BRIDE,False,718,False,,F,,F
2026-08-01--2026-08-31,,SWD12975,BRIDE,2026-01-06 10:54:38,下架,2026-08-13 11:45:48,449.0,0.0,0,0,,,0,swd,0,0,0,0,婚纱 BRIDE,False,236,False,,F,,F
2026-08-01--2026-08-31,,SWD12341,PROM DRESSES,2024-04-11 17:33:39,下架,2024-05-20 11:18:55,149.0,0.0,0,0,,,0,swd,0,0,0,0,婚纱 BRIDE,False,871,False,,F,,F
2026-08-01--2026-08-31,,SWD12340,BRIDE,2024-09-11 11:14:01,下架,2025-08-13 14:45:22,229.0,0.0,0,0,,,0,swd,0,0,0,0,婚纱 BRIDE,False,718,False,,F,,F
2026-08-01--2026-08-31,,SWD12976,BRIDE,2026-01-06 10:54:53,下架,2026-08-13 11:45:48,359.0,0.0,0,4,2026-04-08 00:00:00,,0,swd,0,0,0,0,婚纱 BRIDE,False,236,False,,F,,F
2026-08-01--2026-08-31,,SWD13108,BRIDE,2026-02-11 17:53:00,下架,2026-04-16 14:13:19,185.0,0.0,0,0,,,0,swd,0,0,0,0,婚纱 BRIDE,False,200,False,,F,,F
2026-08-01--2026-08-31,,SWD12977,BRIDE,2026-01-06 10:55:22,上架,,199.0,0.0,0,0,,,0,swd,0,0,0,0,婚纱 BRIDE,True,236,False,,F,,F
2026-08-01--2026-08-31,,SWD13424,BRIDE,2026-07-07 14:13:14,下架,2026-07-13 09:45:17,570.0,0.0,0,0,,,0,swd,0,0,0,0,婚纱 BRIDE,False,54,True,31-60天,F,,F
2026-08-01--2026-08-31,,SWD12978,BRIDE,2026-01-06 10:55:08,下架,2026-08-13 11:45:48,249.0,0.0,0,0,,,0,swd,0,0,0,0,婚纱 BRIDE,False,236,False,,F,,F
2026-08-01--2026-08-31,,SWD12337,BRIDE,2024-10-09 18:12:05,下架,2026-07-10 11:18:09,169.0,0.0,0,0,,,0,swd,0,0,0,0,婚纱 BRIDE,False,690,False,,F,,F
2026-08-01--2026-08-31,,SWD12336,BRIDE,2024-09-11 11:13:40,下架,2026-08-26 12:07:52,179.0,0.0,0,0,,,0,swd,0,0,0,0,婚纱 BRIDE,False,718,False,,F,,F
2026-08-01--2026-08-31,,SWD13110,BRIDE,2026-03-12 12:04:59,上架,,149.0,0.0,0,7,2026-08-06 00:00:00,,0,swd,0,0,0,0,婚纱 BRIDE,True,171,False,,F,,F
2026-08-01--2026-08-31,,SWD10026,BRIDE,2022-11-24 10:27:38,下架,2024-01-26 16:10:38,219.0,0.0,0,3,2022-11-15 00:00:00,,0,swd,0,0,0,0,婚纱 BRIDE,False,1375,False,,F,,F
2026-08-01--2026-08-31,,SWD12113,BRIDE,2024-08-26 16:10:43,下架,2025-08-13 14:45:27,289.0,0.0,0,0,,,0,swd,0,0,0,0,婚纱 BRIDE,False,734,False,,F,,F
2026-08-01--2026-08-31,,SWD13053,BRIDE,2026-02-04 14:53:44,上架,,193.0,0.0,0,24,2026-07-04 00:00:00,2026-06-26,14,swd,0,0,0,0,婚纱 BRIDE,True,207,False,,F,,F
2026-08-01--2026-08-31,,SWD12112,BRIDE,2024-09-02 12:34:04,下架,2025-08-13 14:45:27,189.0,0.0,0,0,,,0,swd,0,0,0,0,婚纱 BRIDE,False,727,False,,F,,F
2026-08-01--2026-08-31,,SWD12111,BRIDE,2024-09-06 15:29:26,下架,2025-08-13 14:45:27,209.0,0.0,0,0,,,0,swd,0,0,0,0,婚纱 BRIDE,False,723,False,,F,,F
2026-08-01--2026-08-31,,SWD12110,BRIDE,2024-09-02 12:34:56,上架,,189.0,0.0,0,0,,,0,swd,0,0,0,0,婚纱 BRIDE,True,727,False,,F,,F
2026-08-01--2026-08-31,,SWD12109,BRIDE,2024-09-02 12:34:45,下架,2025-08-13 14:45:27,200.0,0.0,0,0,,,0,swd,0,0,0,0,婚纱 BRIDE,False,727,False,,F,,F
2026-08-01--2026-08-31,,SWD12108,BRIDE,2024-09-06 15:30:33,下架,2026-08-26 12:07:53,159.0,0.0,0,0,,,0,swd,0,0,0,0,婚纱 BRIDE,False,723,False,,F,,F
2026-08-01--2026-08-31,,SWD12107,BRIDE,2024-09-02 12:33:54,上架,,149.0,0.0,0,11,2026-07-17 00:00:00,,0,swd,0,0,0,0,婚纱 BRIDE,True,727,False,,F,,F
2026-08-01--2026-08-31,,SWD10027,BRIDE,2024-08-23 16:32:58,下架,2025-08-13 14:45:49,189.0,0.0,0,5,2022-10-19 00:00:00,,0,swd,0,0,0,0,婚纱 BRIDE,False,737,False,,F,,F
2026-08-01--2026-08-31,,SWD12105,BRIDE,2024-09-02 12:30:40,下架,2026-06-04 17:14:04,149.0,0.0,0,0,,,0,swd,0,0,0,0,婚纱 BRIDE,False,727,False,,F,,F
2026-08-01--2026-08-31,,SWD10028,BRIDE,2022-11-24 10:40:42,下架,2024-01-26 16:10:19,189.0,0.0,0,0,,,0,swd,0,0,0,0,婚纱 BRIDE,False,1375,False,,F,,F
2026-08-01--2026-08-31,,SWD10029,BRIDE,2024-08-19 23:28:00,下架,2026-06-04 17:14:27,149.0,0.0,0,6,2022-08-10 00:00:00,,0,swd,0,0,0,0,婚纱 BRIDE,False,741,False,,F,,F
2026-08-01--2026-08-31,,SWD12102,BRIDE,2024-09-02 14:30:16,下架,2025-08-13 14:45:27,179.0,0.0,0,0,,,0,swd,0,0,0,0,婚纱 BRIDE,False,727,False,,F,,F
2026-08-01--2026-08-31,,SWD12411,BRIDE,2024-09-11 16:05:22,下架,2026-06-04 17:14:01,179.0,0.0,0,5,2026-03-04 00:00:00,,0,swd,0,0,0,0,婚纱 BRIDE,False,718,False,,F,,F
2026-08-01--2026-08-31,,SWD12100,BRIDE,2024-09-02 14:30:25,下架,2025-08-13 14:45:27,189.0,0.0,0,0,,,0,swd,0,0,0,0,婚纱 BRIDE,False,727,False,,F,,F
2026-08-01--2026-08-31,,SWD12099,BRIDE,2023-12-23 17:45:45,下架,,169.0,0.0,0,0,,,0,swd,0,0,0,0,婚纱 BRIDE,False,981,False,,F,,F
2026-08-01--2026-08-31,,SWD12098,BRIDE,2024-09-02 14:30:00,下架,2026-07-10 11:21:24,199.0,0.0,0,0,,,0,swd,0,0,0,0,婚纱 BRIDE,False,727,False,,F,,F
2026-08-01--2026-08-31,,SWD12097,BRIDE,2023-12-23 17:35:46,下架,2024-01-18 14:18:40,179.0,0.0,0,0,,,0,swd,0,0,0,0,婚纱 BRIDE,False,981,False,,F,,F
2026-08-01--2026-08-31,,SWD12095,BRIDE,2024-08-23 12:30:18,上架,,169.0,0.0,0,16,2026-07-08 00:00:00,,0,swd,0,0,0,0,婚纱 BRIDE,True,737,False,,F,,F
2026-08-01--2026-08-31,,SWD12094,BRIDE,2024-08-27 16:26:49,下架,2025-08-13 14:45:27,179.0,0.0,0,0,,,0,swd,0,0,0,0,婚纱 BRIDE,False,733,False,,F,,F
2026-08-01--2026-08-31,,SWD12093,BRIDE,2023-12-18 11:42:47,下架,,189.0,0.0,0,0,,,0,swd,0,0,0,0,婚纱 BRIDE,False,986,False,,F,,F
2026-08-01--2026-08-31,,SWD10030,BRIDE,2022-11-24 10:50:59,下架,2022-12-08 16:01:00,179.0,0.0,0,0,,,0,swd,0,0,0,0,婚纱 BRIDE,False,1375,False,,F,,F
2026-08-01--2026-08-31,,SWD10031,BRIDE,2024-08-19 23:24:33,下架,2026-07-10 11:21:27,229.0,0.0,0,4,2023-01-04 00:00:00,,0,swd,0,0,0,0,婚纱 BRIDE,False,741,False,,F,,F
2026-08-01--2026-08-31,,SWD12092,BRIDE,2024-08-27 15:49:33,下架,2026-06-04 17:14:05,249.0,0.0,0,0,,,0,swd,0,0,0,0,婚纱 BRIDE,False,733,False,,F,,F
2026-08-01--2026-08-31,,SWD12090,BRIDE,2023-12-15 14:23:42,下架,,159.0,0.0,0,0,,,0,swd,0,0,0,0,婚纱 BRIDE,False,989,False,,F,,F
2026-08-01--2026-08-31,,SWD12089,BRIDE,2023-12-15 14:20:57,下架,,179.0,0.0,0,0,,,0,swd,0,0,0,0,婚纱 BRIDE,False,989,False,,F,,F
2026-08-01--2026-08-31,,SWD12088,BRIDE,2024-08-30 17:10:00,下架,2026-07-10 11:21:24,169.0,0.0,0,0,,,0,swd,0,0,0,0,婚纱 BRIDE,False,730,False,,F,,F
2026-08-01--2026-08-31,,SWD12087,BRIDE,2024-08-30 17:10:10,下架,2025-08-13 14:45:28,179.0,0.0,0,0,,,0,swd,0,0,0,0,婚纱 BRIDE,False,730,False,,F,,F
2026-08-01--2026-08-31,,SWD12086,BRIDE,2023-12-15 12:29:08,下架,,179.0,0.0,0,0,,,0,swd,0,0,0,0,婚纱 BRIDE,False,989,False,,F,,F
2026-08-01--2026-08-31,,SWD13055,BRIDE,2026-02-05 15:00:38,下架,2026-08-13 11:45:48,320.0,0.0,0,0,,,0,swd,0,0,0,0,婚纱 BRIDE,False,206,False,,F,,F
2026-08-01--2026-08-31,,SWD12137,BRIDE,2024-01-18 17:42:47,下架,2024-01-27 10:54:46,149.0,0.0,0,0,,,0,swd,0,0,0,0,婚纱 BRIDE,False,955,False,,F,,F
2026-08-01--2026-08-31,,SWD13083,BRIDE,2026-02-25 18:06:08,下架,2026-08-13 11:45:47,149.0,0.0,0,0,,,0,swd,0,0,0,0,婚纱 BRIDE,False,186,False,,F,,F
2026-08-01--2026-08-31,,SWD13547,BRIDE,2026-08-27 17:14:19,上架,,430.0,0.0,0,0,,,0,swd,0,0,0,0,婚纱 BRIDE,True,3,True,≤30天,F,,F
2026-08-01--2026-08-31,,SWD12136,BRIDE,2024-12-02 11:17:18,下架,2026-07-10 11:18:10,180.0,0.0,0,0,,,0,swd,0,0,0,0,婚纱 BRIDE,False,636,False,,F,,F
2026-08-01--2026-08-31,,SWD12135,BRIDE,2024-01-09 17:18:36,下架,2026-06-04 17:14:04,149.0,0.0,0,0,,,0,swd,0,0,0,0,婚纱 BRIDE,False,964,False,,F,,F
2026-08-01--2026-08-31,,SWD13082,BRIDE,2026-02-25 17:08:49,上架,,179.0,0.0,0,5,2026-07-07 16:00:00,,0,swd,0,0,0,0,婚纱 BRIDE,True,186,False,,F,,F
2026-08-01--2026-08-31,,SWD13549,BRIDE,2026-08-28 16:50:24,上架,,350.0,0.0,0,0,,,0,swd,0,0,0,0,婚纱 BRIDE,True,2,True,≤30天,F,,F
2026-08-01--2026-08-31,,SWD13081,BRIDE,2026-02-25 17:09:30,上架,,259.0,0.0,0,7,2026-06-25 00:00:00,,0,swd,0,0,0,0,婚纱 BRIDE,True,186,False,,F,,F
2026-08-01--2026-08-31,,SWD12133,BRIDE,2024-08-23 12:49:46,下架,2026-07-10 11:18:10,149.0,0.0,0,0,,,0,swd,0,0,0,0,婚纱 BRIDE,False,737,False,,F,,F
2026-08-01--2026-08-31,,SWD13080,BRIDE,2026-02-10 09:31:54,下架,2026-08-13 11:45:47,159.0,0.0,0,0,,,0,swd,0,0,0,0,婚纱 BRIDE,False,201,False,,F,,F
2026-08-01--2026-08-31,,SWD10025,BRIDE,2024-08-16 21:41:05,下架,2026-06-04 17:14:27,159.0,0.0,0,7,2023-07-09 04:05:34,2023-07-09,3,swd,0,0,0,0,婚纱 BRIDE,False,744,False,,F,,F
2026-08-01--2026-08-31,,SWD10018,BRIDE,2024-08-21 19:37:22,下架,2025-08-13 14:45:49,239.0,0.0,0,4,2022-10-19 00:00:00,,0,swd,0,0,0,0,婚纱 BRIDE,False,739,False,,F,,F
2026-08-01--2026-08-31,,SWD12132,BRIDE,2024-09-06 16:08:43,下架,2025-08-13 14:45:26,149.0,0.0,0,0,,,0,swd,0,0,0,0,婚纱 BRIDE,False,723,False,,F,,F
2026-08-01--2026-08-31,,SWD13045,BRIDE,2026-01-28 14:17:54,上架,,1164.0,0.0,0,0,,,0,swd,0,0,0,0,婚纱 BRIDE,True,214,False,,F,,F
2026-08-01--2026-08-31,,SWD12114,BRIDE,2024-09-06 15:31:01,下架,2025-08-13 14:45:27,149.0,0.0,0,0,,,0,swd,0,0,0,0,婚纱 BRIDE,False,723,False,,F,,F
2026-08-01--2026-08-31,,SWD13046,BRIDE,2026-01-29 11:32:26,下架,2026-02-28 18:28:18,486.0,0.0,0,1,2026-02-11 00:00:00,,0,swd,0,0,0,0,婚纱 BRIDE,False,213,False,,F,,F
2026-08-01--2026-08-31,,SWD12128,BRIDE,2024-09-06 16:05:16,下架,2026-06-04 17:14:04,139.0,0.0,0,0,,,0,swd,0,0,0,0,婚纱 BRIDE,False,723,False,,F,,F
2026-08-01--2026-08-31,,SWD10019,BRIDE,2022-11-24 09:46:53,下架,2023-04-25 15:17:20,189.0,0.0,0,3,2022-10-19 00:00:00,,0,swd,0,0,0,0,婚纱 BRIDE,False,1375,False,,F,,F
2026-08-01--2026-08-31,,SWD12126,BRIDE,2024-09-02 14:51:24,下架,2026-07-10 11:21:24,189.0,0.0,0,0,,,0,swd,0,0,0,0,婚纱 BRIDE,False,727,False,,F,,F
2026-08-01--2026-08-31,,SWD10020,BRIDE,2024-08-16 20:00:33,下架,2026-08-26 12:07:54,239.0,0.0,0,4,2022-11-15 00:00:00,,0,swd,0,0,0,0,婚纱 BRIDE,False,744,False,,F,,F
2026-08-01--2026-08-31,,SWD12124,BRIDE,2024-08-27 12:28:26,下架,2026-07-10 11:18:10,159.0,0.0,0,0,,,0,swd,0,0,0,0,婚纱 BRIDE,False,733,False,,F,,F
2026-08-01--2026-08-31,,SWD10021,BRIDE,2024-08-19 19:45:22,上架,,179.0,0.0,0,9,2026-07-23 00:00:00,,0,swd,0,0,0,0,婚纱 BRIDE,True,741,False,,F,,F
2026-08-01--2026-08-31,,SWD12122,BRIDE,2024-09-06 16:05:06,下架,2025-08-13 14:45:27,169.0,0.0,0,0,,,0,swd,0,0,0,0,婚纱 BRIDE,False,723,False,,F,,F
2026-08-01--2026-08-31,,SWD12121,BRIDE,2024-09-06 16:08:33,下架,2026-07-10 11:18:10,159.0,0.0,0,0,,,0,swd,0,0,0,0,婚纱 BRIDE,False,723,False,,F,,F
2026-08-01--2026-08-31,,SWD12119,BRIDE,2024-09-02 14:51:50,下架,2026-06-04 17:14:04,218.0,0.0,0,7,2024-08-14 03:56:53,,0,swd,0,0,0,0,婚纱 BRIDE,False,727,False,,F,,F
2026-08-01--2026-08-31,,SWD13079,BRIDE,2026-02-09 19:01:59,上架,,129.0,0.0,0,0,,,0,swd,0,0,0,0,婚纱 BRIDE,True,202,False,,F,,F
2026-08-01--2026-08-31,,SWD10023,BRIDE,2022-11-24 10:12:49,下架,2024-01-26 16:10:56,169.0,0.0,0,4,2022-10-02 00:00:00,,0,swd,0,0,0,0,婚纱 BRIDE,False,1375,False,,F,,F
2026-08-01--2026-08-31,,SWD13051,BRIDE,2026-02-03 16:27:21,下架,2026-02-25 11:14:33,640.0,0.0,0,0,,,0,swd,0,0,0,0,婚纱 BRIDE,False,208,False,,F,,F
2026-08-01--2026-08-31,,SWD10024,BRIDE,2024-08-29 18:37:41,下架,2025-08-13 14:45:49,179.0,0.0,0,3,2022-09-09 00:00:00,,0,swd,0,0,0,0,婚纱 BRIDE,False,731,False,,F,,F
2026-08-01--2026-08-31,,SWD13052,BRIDE,2026-02-04 14:29:08,下架,2026-04-16 14:13:20,437.0,0.0,0,0,,,0,swd,0,0,0,0,婚纱 BRIDE,False,207,False,,F,,F
2026-08-01--2026-08-31,,SWD12130,BRIDE,2024-09-06 16:08:51,下架,2025-08-13 14:45:27,159.0,0.0,0,0,,,0,swd,0,0,0,0,婚纱 BRIDE,False,723,False,,F,,F
2026-08-01--2026-08-31,,SWD12056,BRIDE,2024-08-30 16:46:38,下架,2025-08-13 14:45:28,249.0,0.0,0,0,,,0,swd,0,0,0,0,婚纱 BRIDE,False,730,False,,F,,F
2026-08-01--2026-08-31,,SWD12055,BRIDE,2023-11-30 12:04:33,下架,,169.0,0.0,0,0,,,0,swd,0,0,0,0,婚纱 BRIDE,False,1004,False,,F,,F
2026-08-01--2026-08-31,,SWD12054,BRIDE,2024-08-30 16:46:04,上架,,159.0,0.0,0,0,,,0,swd,0,0,0,0,婚纱 BRIDE,True,730,False,,F,,F
2026-08-01--2026-08-31,,SWD12053,BRIDE,2023-11-29 14:57:24,下架,,149.0,0.0,0,0,,,0,swd,0,0,0,0,婚纱 BRIDE,False,1005,False,,F,,F
2026-08-01--2026-08-31,,SWD10042,BRIDE,2024-08-21 11:40:03,下架,2026-07-10 11:21:27,189.0,0.0,0,3,2023-03-02 00:00:00,,0,swd,0,0,0,0,婚纱 BRIDE,False,739,False,,F,,F
2026-08-01--2026-08-31,,SWD12052,BRIDE,2023-11-29 14:56:16,下架,,169.0,0.0,0,0,,,0,swd,0,0,0,0,婚纱 BRIDE,False,1005,False,,F,,F
2026-08-01--2026-08-31,,SWD12051,BRIDE,2023-11-29 14:55:10,下架,,149.0,0.0,0,0,,,0,swd,0,0,0,0,婚纱 BRIDE,False,1005,False,,F,,F
2026-08-01--2026-08-31,,SWD10043,BRIDE,2024-08-16 16:06:38,上架,,159.0,0.0,0,14,2026-06-11 16:00:00,2023-04-19,8,swd,0,0,0,0,婚纱 BRIDE,True,744,False,,F,,F
2026-08-01--2026-08-31,,SWD12050,BRIDE,2024-08-26 14:15:00,上架,,169.0,0.0,0,0,,,0,swd,0,0,0,0,婚纱 BRIDE,True,734,False,,F,,F
2026-08-01--2026-08-31,,SWD12049,BRIDE,2024-08-30 16:44:29,下架,2025-08-13 14:45:28,179.0,0.0,0,0,,,0,swd,0,0,0,0,婚纱 BRIDE,False,730,False,,F,,F
2026-08-01--2026-08-31,,SWD12048,BRIDE,2024-08-30 16:43:16,下架,2026-07-10 11:18:10,169.0,0.0,0,0,,,0,swd,0,0,0,0,婚纱 BRIDE,False,730,False,,F,,F
2026-08-01--2026-08-31,,SWD12047,BRIDE,2024-08-27 14:14:46,下架,2025-08-13 14:45:28,149.0,0.0,0,0,,,0,swd,0,0,0,0,婚纱 BRIDE,False,733,False,,F,,F
2026-08-01--2026-08-31,,SWD12046,BRIDE,2023-11-25 16:07:08,下架,,269.0,0.0,0,0,,,0,swd,0,0,0,0,婚纱 BRIDE,False,1009,False,,F,,F
2026-08-01--2026-08-31,,SWD10044,BRIDE,2022-11-24 15:08:19,下架,2024-01-26 16:09:23,169.0,0.0,0,5,2022-11-15 00:00:00,,0,swd,0,0,0,0,婚纱 BRIDE,False,1375,False,,F,,F
2026-08-01--2026-08-31,,SWD12085,BRIDE,2024-08-26 15:46:04,下架,2026-06-04 17:14:05,129.0,0.0,0,0,,,0,swd,0,0,0,0,婚纱 BRIDE,False,734,False,,F,,F
2026-08-01--2026-08-31,,SWD12044,BRIDE,2023-11-25 16:04:36,下架,,169.0,0.0,0,0,,,0,swd,0,0,0,0,婚纱 BRIDE,False,1009,False,,F,,F
2026-08-01--2026-08-31,,SWD12043,BRIDE,2023-11-25 16:02:39,下架,,149.0,0.0,0,0,,,0,swd,0,0,0,0,婚纱 BRIDE,False,1009,False,,F,,F
2026-08-01--2026-08-31,,SWD12042,BRIDE,2023-11-25 16:01:22,下架,,149.0,0.0,0,0,,,0,swd,0,0,0,0,婚纱 BRIDE,False,1009,False,,F,,F
2026-08-01--2026-08-31,,SWD12041,BRIDE,2024-08-27 14:15:57,下架,2025-08-13 14:45:28,149.0,0.0,0,0,,,0,swd,0,0,0,0,婚纱 BRIDE,False,733,False,,F,,F
2026-08-01--2026-08-31,,SWD12040,BRIDE,2024-08-26 16:29:46,下架,2026-07-10 11:21:24,229.0,0.0,0,0,,,0,swd,0,0,0,0,婚纱 BRIDE,False,734,False,,F,,F
2026-08-01--2026-08-31,,SWD12039,BRIDE,2023-11-25 15:53:05,下架,,229.0,0.0,0,0,,,0,swd,0,0,0,0,婚纱 BRIDE,False,1009,False,,F,,F
2026-08-01--2026-08-31,,SWD13063,BRIDE,2026-02-05 18:39:59,下架,2026-04-16 14:13:20,350.0,0.0,0,0,,,0,swd,0,0,0,0,婚纱 BRIDE,False,206,False,,F,,F
2026-08-01--2026-08-31,,SWD12038,BRIDE,2024-08-30 16:42:01,下架,2025-08-13 14:45:28,189.0,0.0,0,0,,,0,swd,0,0,0,0,婚纱 BRIDE,False,730,False,,F,,F
2026-08-01--2026-08-31,,SWD12037,BRIDE,2023-11-23 18:24:47,下架,,239.0,0.0,0,0,,,0,swd,0,0,0,0,婚纱 BRIDE,False,1011,False,,F,,F
2026-08-01--2026-08-31,,SWD12036,BRIDE,2023-11-23 18:22:30,下架,,229.0,0.0,0,0,,,0,swd,0,0,0,0,婚纱 BRIDE,False,1011,False,,F,,F
2026-08-01--2026-08-31,,SWD13064,BRIDE,2026-02-09 15:18:43,下架,2026-08-13 11:45:47,179.0,0.0,0,5,2026-04-15 00:00:00,,0,swd,0,0,0,0,婚纱 BRIDE,False,202,False,,F,,F
2026-08-01--2026-08-31,,SWD12035,BRIDE,2023-11-23 18:20:21,下架,,229.0,0.0,0,0,,,0,swd,0,0,0,0,婚纱 BRIDE,False,1011,False,,F,,F
2026-08-01--2026-08-31,,SWD12034,BRIDE,2024-08-30 16:41:53,下架,2025-08-13 14:45:28,229.0,0.0,0,0,,,0,swd,0,0,0,0,婚纱 BRIDE,False,730,False,,F,,F
2026-08-01--2026-08-31,,SWD12033,BRIDE,2023-11-23 18:16:51,下架,,149.0,0.0,0,0,,,0,swd,0,0,0,0,婚纱 BRIDE,False,1011,False,,F,,F
2026-08-01--2026-08-31,,SWD12032,BRIDE,2024-08-27 14:15:31,下架,2026-08-26 12:07:53,169.0,0.0,0,5,2026-06-08 00:00:00,,0,swd,0,0,0,0,婚纱 BRIDE,False,733,False,,F,,F
2026-08-01--2026-08-31,,SWD12045,BRIDE,2023-11-25 16:05:44,下架,,169.0,0.0,0,0,,,0,swd,0,0,0,0,婚纱 BRIDE,False,1009,False,,F,,F
2026-08-01--2026-08-31,,SWD10033,BRIDE,2022-11-24 11:09:00,下架,2023-02-28 17:43:01,189.0,0.0,0,0,,,0,swd,0,0,0,0,婚纱 BRIDE,False,1375,False,,F,,F
2026-08-01--2026-08-31,,SWD12083,BRIDE,2024-08-30 17:09:41,下架,2026-06-04 17:14:05,179.0,0.0,0,0,,,0,swd,0,0,0,0,婚纱 BRIDE,False,730,False,,F,,F
2026-08-01--2026-08-31,,SWD12082,BRIDE,2024-08-26 16:12:00,下架,2026-07-10 11:21:24,249.0,0.0,0,0,,,0,swd,0,0,0,0,婚纱 BRIDE,False,734,False,,F,,F
2026-08-01--2026-08-31,,SWD12081,BRIDE,2023-12-13 14:32:18,下架,,149.0,0.0,0,0,,,0,swd,0,0,0,0,婚纱 BRIDE,False,991,False,,F,,F
2026-08-01--2026-08-31,,SWD10034,BRIDE,2024-08-16 22:05:44,下架,2026-06-04 17:14:27,249.0,0.0,0,11,2024-01-30 00:00:00,2023-04-02,6,swd,0,0,0,0,婚纱 BRIDE,False,744,False,,F,,F
2026-08-01--2026-08-31,,SWD12080,BRIDE,2023-12-13 14:29:40,下架,,180.0,0.0,0,0,,,0,swd,0,0,0,0,婚纱 BRIDE,False,991,False,,F,,F
2026-08-01--2026-08-31,,SWD12079,BRIDE,2023-12-13 14:26:52,下架,,189.0,0.0,0,0,,,0,swd,0,0,0,0,婚纱 BRIDE,False,991,False,,F,,F
2026-08-01--2026-08-31,,SWD12078,BRIDE,2024-08-30 17:06:29,下架,2025-08-13 14:45:28,180.0,0.0,0,0,,,0,swd,0,0,0,0,婚纱 BRIDE,False,730,False,,F,,F
2026-08-01--2026-08-31,,SWD12077,BRIDE,2023-12-13 14:24:00,下架,,179.0,0.0,0,0,,,0,swd,0,0,0,0,婚纱 BRIDE,False,991,False,,F,,F
2026-08-01--2026-08-31,,SWD10035,BRIDE,2024-08-23 16:26:24,下架,2026-07-10 11:21:27,159.0,0.0,0,6,2026-04-03 16:00:00,,0,swd,0,0,0,0,婚纱 BRIDE,False,737,False,,F,,F
2026-08-01--2026-08-31,,SWD12075,BRIDE,2024-08-19 23:55:33,上架,,139.0,0.0,0,9,2026-07-15 00:00:00,,0,swd,0,0,0,0,婚纱 BRIDE,True,741,False,,F,,F
2026-08-01--2026-08-31,,SWD12074,BRIDE,2024-08-30 17:04:10,下架,2026-07-10 11:18:10,249.0,0.0,0,0,,,0,swd,0,0,0,0,婚纱 BRIDE,False,730,False,,F,,F
2026-08-01--2026-08-31,,SWD12073,BRIDE,2023-12-08 16:53:28,下架,,169.0,0.0,0,0,,,0,swd,0,0,0,0,婚纱 BRIDE,False,996,False,,F,,F
2026-08-01--2026-08-31,,SWD10037,BRIDE,2024-08-22 17:49:24,下架,2026-07-10 11:18:20,149.0,0.0,0,0,,,0,swd,0,0,0,0,婚纱 BRIDE,False,738,False,,F,,F
2026-08-01--2026-08-31,,SWD13073,BRIDE,2026-02-09 19:01:46,下架,2026-08-13 11:45:47,179.0,0.0,0,0,,,0,swd,0,0,0,0,婚纱 BRIDE,False,202,False,,F,,F
2026-08-01--2026-08-31,,SWD12057,BRIDE,2024-08-30 16:46:22,上架,,199.0,0.0,0,0,,,0,swd,0,0,0,0,婚纱 BRIDE,True,730,False,,F,,F
2026-08-01--2026-08-31,,SWD10038,BRIDE,2022-11-24 11:30:59,下架,2024-01-26 16:09:42,189.0,0.0,0,0,,,0,swd,0,0,0,0,婚纱 BRIDE,False,1375,False,,F,,F
2026-08-01--2026-08-31,,SWD12068,BRIDE,2023-12-08 16:47:06,下架,,189.0,0.0,0,0,,,0,swd,0,0,0,0,婚纱 BRIDE,False,996,False,,F,,F
2026-08-01--2026-08-31,,SWD12067,BRIDE,2024-08-23 12:21:50,下架,2026-07-10 11:18:10,209.0,0.0,0,0,,,0,swd,0,0,0,0,婚纱 BRIDE,False,737,False,,F,,F
2026-08-01--2026-08-31,,SWD13069,BRIDE,2026-02-09 19:01:21,上架,,199.0,0.0,0,5,2026-04-16 00:00:00,,0,swd,0,0,0,0,婚纱 BRIDE,True,202,False,,F,,F
2026-08-01--2026-08-31,,SWD13068,BRIDE,2026-02-09 16:01:28,上架,,169.0,0.0,0,0,,,0,swd,0,0,0,0,婚纱 BRIDE,True,202,False,,F,,F
2026-08-01--2026-08-31,,SWD13060,BRIDE,2026-02-06 10:46:45,上架,,139.0,0.0,0,9,2026-07-23 00:00:00,,0,swd,0,0,0,0,婚纱 BRIDE,True,205,False,,F,,F
2026-08-01--2026-08-31,,SWD13061,BRIDE,2026-02-09 15:19:27,上架,,159.0,0.0,0,5,2026-04-18 00:00:00,,0,swd,0,0,0,0,婚纱 BRIDE,True,202,False,,F,,F
2026-08-01--2026-08-31,,SWD12064,BRIDE,2024-08-27 15:38:24,下架,2026-07-10 11:18:10,169.0,0.0,0,0,,,0,swd,0,0,0,0,婚纱 BRIDE,False,733,False,,F,,F
2026-08-01--2026-08-31,,SWD10039,BRIDE,2024-08-27 09:59:10,下架,2026-07-10 11:18:20,249.0,0.0,0,0,,,0,swd,0,0,0,0,婚纱 BRIDE,False,733,False,,F,,F
2026-08-01--2026-08-31,,SWD12063,BRIDE,2023-12-08 16:40:58,下架,2023-12-27 16:56:21,120.0,0.0,0,0,,,0,swd,0,0,0,0,婚纱 BRIDE,False,996,False,,F,,F
2026-08-01--2026-08-31,,SWD10040,BRIDE,2024-08-16 12:59:00,下架,2026-06-04 17:14:27,139.0,0.0,0,16,2023-03-07 00:00:00,2023-03-07,16,swd,0,0,0,0,婚纱 BRIDE,False,744,False,,F,,F
2026-08-01--2026-08-31,,SWD12061,BRIDE,2024-08-27 15:38:16,下架,2026-06-04 17:14:05,169.0,0.0,0,1,2026-03-12 00:00:00,2026-03-12,4,swd,0,0,0,0,婚纱 BRIDE,False,733,False,,F,,F
2026-08-01--2026-08-31,,SWD12060,BRIDE,2024-09-06 12:18:20,下架,2025-08-13 14:45:28,179.0,0.0,0,0,,,0,swd,0,0,0,0,婚纱 BRIDE,False,723,False,,F,,F
2026-08-01--2026-08-31,,SWD12059,BRIDE,2024-09-02 09:37:54,下架,2026-07-10 11:18:10,189.0,0.0,0,0,,,0,swd,0,0,0,0,婚纱 BRIDE,False,727,False,,F,,F
2026-08-01--2026-08-31,,SWD13066,BRIDE,2026-02-10 09:32:19,下架,2026-08-13 11:45:47,159.0,0.0,0,0,,,0,swd,0,0,0,0,婚纱 BRIDE,False,201,False,,F,,F
2026-08-01--2026-08-31,,SWD12069,BRIDE,2023-12-08 16:48:07,下架,,120.0,0.0,0,0,,,0,swd,0,0,0,0,婚纱 BRIDE,False,996,False,,F,,F
2026-08-01--2026-08-31,,SWD13469,BRIDE,2026-08-18 17:37:44,上架,,339.0,0.0,0,0,,,0,swd,0,0,0,0,婚纱 BRIDE,True,12,True,≤30天,F,,F
2026-08-01--2026-08-31,,SWD13016,BRIDE,2026-01-19 15:17:07,下架,2026-08-13 11:45:48,165.0,0.0,0,0,,,0,swd,0,0,0,0,婚纱 BRIDE,False,223,False,,F,,F
2026-08-01--2026-08-31,,SWD13518,BRIDE,2026-08-18 16:50:56,上架,,820.0,0.0,0,0,,,0,swd,0,0,0,0,婚纱 BRIDE,True,12,True,≤30天,F,,F
2026-08-01--2026-08-31,,SWD12206,BRIDE,2024-09-02 16:52:59,下架,2025-08-13 14:45:25,149.0,0.0,0,0,,,0,swd,0,0,0,0,婚纱 BRIDE,False,727,False,,F,,F
2026-08-01--2026-08-31,,SWD12205,BRIDE,2024-09-02 16:51:27,下架,2025-08-13 14:45:25,139.0,0.0,0,0,,,0,swd,0,0,0,0,婚纱 BRIDE,False,727,False,,F,,F
2026-08-01--2026-08-31,,SWD12204,BRIDE,2024-09-09 18:47:33,下架,2026-06-04 17:14:03,159.0,0.0,0,0,,,0,swd,0,0,0,0,婚纱 BRIDE,False,720,False,,F,,F
2026-08-01--2026-08-31,,SWD13463,BRIDE,2026-08-19 16:43:38,上架,,219.0,0.0,0,0,,,0,swd,0,0,0,0,婚纱 BRIDE,True,11,True,≤30天,F,,F
2026-08-01--2026-08-31,,SWD13017,BRIDE,2026-01-19 15:16:52,下架,2026-08-13 11:45:48,239.0,0.0,0,0,,,0,swd,0,0,0,0,婚纱 BRIDE,False,223,False,,F,,F
2026-08-01--2026-08-31,,SWD13018,BRIDE,2026-01-23 14:21:29,下架,2026-08-13 11:45:48,179.0,0.0,0,0,,,0,swd,0,0,0,0,婚纱 BRIDE,False,219,False,,F,,F
2026-08-01--2026-08-31,,SWD12203,BRIDE,2024-09-09 18:46:44,下架,2025-08-13 14:45:25,149.0,0.0,0,0,,,0,swd,0,0,0,0,婚纱 BRIDE,False,720,False,,F,,F
2026-08-01--2026-08-31,,SWD13019,BRIDE,2026-01-23 14:21:14,下架,2026-08-13 11:45:48,185.0,0.0,0,0,,,0,swd,0,0,0,0,婚纱 BRIDE,False,219,False,,F,,F
2026-08-01--2026-08-31,,SWD13470,BRIDE,2026-08-19 15:07:59,上架,,139.0,0.0,0,0,,,0,swd,0,0,0,0,婚纱 BRIDE,True,11,True,≤30天,F,,F
2026-08-01--2026-08-31,,SWD13020,BRIDE,2026-01-23 14:21:44,下架,2026-08-13 11:45:48,179.0,0.0,0,0,,,0,swd,0,0,0,0,婚纱 BRIDE,False,219,False,,F,,F
2026-08-01--2026-08-31,,SWD12201,BRIDE,2024-08-21 17:54:49,上架,,239.0,0.0,0,14,2026-06-05 19:14:02,2026-06-06,4,swd,0,0,0,0,婚纱 BRIDE,True,739,False,,F,,F
2026-08-01--2026-08-31,,SWD13544,BRIDE,2026-08-26 11:37:08,上架,,265.0,0.0,0,0,,,0,swd,0,0,0,0,婚纱 BRIDE,True,4,True,≤30天,F,,F
2026-08-01--2026-08-31,,SWD12199,BRIDE,2024-08-27 17:12:18,下架,2026-06-04 17:14:03,189.0,0.0,0,7,2024-08-13 02:15:52,,0,swd,0,0,0,0,婚纱 BRIDE,False,733,False,,F,,F
2026-08-01--2026-08-31,,SWD12198,BRIDE,2024-09-09 18:47:56,下架,2025-08-13 14:45:25,149.0,0.0,0,0,,,0,swd,0,0,0,0,婚纱 BRIDE,False,720,False,,F,,F
2026-08-01--2026-08-31,,SWD13090,BRIDE,2026-03-12 12:03:55,上架,,119.0,0.0,0,0,,,0,swd,0,0,0,0,婚纱 BRIDE,True,171,False,,F,,F
2026-08-01--2026-08-31,,SWD12197,BRIDE,2024-09-09 18:46:53,下架,2026-07-10 11:21:24,189.0,0.0,0,0,,,0,swd,0,0,0,0,婚纱 BRIDE,False,720,False,,F,,F
2026-08-01--2026-08-31,,SWD12196,BRIDE,2024-09-09 18:47:01,下架,2026-08-26 12:07:52,189.0,0.0,0,7,2026-07-04 16:00:00,,0,swd,0,0,0,0,婚纱 BRIDE,False,720,False,,F,,F
2026-08-01--2026-08-31,,SWD13021,BRIDE,2026-01-20 11:53:33,下架,2026-01-23 10:25:30,482.0,0.0,0,0,,,0,swd,0,0,0,0,婚纱 BRIDE,False,222,False,,F,,F
2026-08-01--2026-08-31,,SWD12194,BRIDE,2024-09-02 16:52:34,下架,2026-07-10 11:18:10,179.0,0.0,0,0,,,0,swd,0,0,0,0,婚纱 BRIDE,False,727,False,,F,,F
2026-08-01--2026-08-31,,SWD13495,BRIDE,2026-08-19 18:01:26,上架,,119.0,0.0,0,0,,,0,swd,0,0,0,0,婚纱 BRIDE,True,11,True,≤30天,F,,F
2026-08-01--2026-08-31,,SWD12193,BRIDE,2024-09-09 18:45:12,上架,,139.0,0.0,0,0,,,0,swd,0,0,0,0,婚纱 BRIDE,True,720,False,,F,,F
2026-08-01--2026-08-31,,SWD13089,BRIDE,2026-03-12 12:03:42,上架,,119.0,0.0,0,4,2026-04-25 00:00:00,,0,swd,0,0,0,0,婚纱 BRIDE,True,171,False,,F,,F
2026-08-01--2026-08-31,,SWD13499,BRIDE,2026-08-19 18:03:24,上架,,119.0,0.0,0,0,,,0,swd,0,0,0,0,婚纱 BRIDE,True,11,True,≤30天,F,,F
2026-08-01--2026-08-31,,SWD12190,BRIDE,2024-08-21 17:54:58,下架,2025-08-13 14:45:25,159.0,0.0,0,0,,,0,swd,0,0,0,0,婚纱 BRIDE,False,739,False,,F,,F
2026-08-01--2026-08-31,,SWD13505,BRIDE,2026-08-19 11:10:40,上架,,199.0,0.0,0,0,,,0,swd,0,0,0,0,婚纱 BRIDE,True,11,True,≤30天,F,,F
2026-08-01--2026-08-31,,SWD12188,BRIDE,2024-09-02 16:51:18,下架,2026-08-05 12:06:02,199.0,0.0,0,0,,,0,swd,0,0,0,0,婚纱 BRIDE,False,727,False,,F,,F
2026-08-01--2026-08-31,,SWD12187,BRIDE,2024-09-02 16:51:59,下架,2026-08-26 12:07:52,149.0,0.0,0,0,,,0,swd,0,0,0,0,婚纱 BRIDE,False,727,False,,F,,F
2026-08-01--2026-08-31,,SWD12200,BRIDE,2024-10-21 17:08:05,下架,2025-08-13 14:45:25,149.0,0.0,0,0,,,0,swd,0,0,0,0,婚纱 BRIDE,False,678,False,,F,,F
2026-08-01--2026-08-31,,SWD12231,BRIDE,2024-08-27 17:21:30,上架,,239.0,0.0,0,0,,,0,swd,0,0,0,0,婚纱 BRIDE,True,733,False,,F,,F
2026-08-01--2026-08-31,,SWD12230,BRIDE,2024-09-10 10:29:23,下架,2025-08-13 14:45:24,189.0,0.0,0,0,,,0,swd,0,0,0,0,婚纱 BRIDE,False,719,False,,F,,F
2026-08-01--2026-08-31,,SWD12229,BRIDE,2024-08-26 17:00:07,下架,2025-08-13 14:45:24,170.0,0.0,0,0,,,0,swd,0,0,0,0,婚纱 BRIDE,False,734,False,,F,,F
2026-08-01--2026-08-31,,SWD12228,BRIDE,2024-09-10 10:28:40,下架,2026-07-10 11:18:09,159.0,0.0,0,0,,,0,swd,0,0,0,0,婚纱 BRIDE,False,719,False,,F,,F
2026-08-01--2026-08-31,,SWD13007,BRIDE,2026-01-16 16:34:41,下架,2026-08-13 11:45:48,189.0,0.0,0,0,,,0,swd,0,0,0,0,婚纱 BRIDE,False,226,False,,F,,F
2026-08-01--2026-08-31,,SWD13008,BRIDE,2026-01-16 16:33:37,上架,,215.0,0.0,0,6,2026-06-30 00:00:00,,0,swd,0,0,0,0,婚纱 BRIDE,True,226,False,,F,,F
2026-08-01--2026-08-31,,SWD12226,BRIDE,2024-09-10 10:28:59,下架,2025-08-13 14:45:24,170.0,0.0,0,0,,,0,swd,0,0,0,0,婚纱 BRIDE,False,719,False,,F,,F
2026-08-01--2026-08-31,,SWD13009,BRIDE,2026-01-16 16:34:25,上架,,195.0,0.0,0,0,,,0,swd,0,0,0,0,婚纱 BRIDE,True,226,False,,F,,F
2026-08-01--2026-08-31,,SWD12225,BRIDE,2024-09-10 10:29:15,下架,2026-07-10 11:21:24,190.0,0.0,0,0,,,0,swd,0,0,0,0,婚纱 BRIDE,False,719,False,,F,,F
2026-08-01--2026-08-31,,SWD13010,BRIDE,2026-01-15 15:03:07,下架,2026-04-16 14:13:23,244.0,0.0,0,0,,,0,swd,0,0,0,0,婚纱 BRIDE,False,227,False,,F,,F
2026-08-01--2026-08-31,,SWD12224,BRIDE,2024-10-31 20:17:52,下架,2025-08-13 14:45:24,180.0,0.0,0,0,,,0,swd,0,0,0,0,婚纱 BRIDE,False,668,False,,F,,F
2026-08-01--2026-08-31,,SWD12223,BRIDE,2024-08-26 16:52:17,下架,2026-08-26 12:07:52,190.0,0.0,0,0,,,0,swd,0,0,0,0,婚纱 BRIDE,False,734,False,,F,,F
2026-08-01--2026-08-31,,SWD12222,BRIDE,2024-08-22 13:09:59,下架,2026-07-10 11:18:09,220.0,0.0,0,8,2024-09-06 09:29:01,,0,swd,0,0,0,0,婚纱 BRIDE,False,738,False,,F,,F
2026-08-01--2026-08-31,,SWD13094,BRIDE,2026-03-12 14:00:21,下架,2026-08-13 11:45:47,169.0,0.0,0,0,,,0,swd,0,0,0,0,婚纱 BRIDE,False,171,False,,F,,F
2026-08-01--2026-08-31,,SWD13517,BRIDE,2026-08-17 09:35:30,上架,,410.0,0.0,0,0,,,0,swd,0,0,0,0,婚纱 BRIDE,True,13,True,≤30天,F,,F
2026-08-01--2026-08-31,,SWD12219,BRIDE,2024-09-19 11:55:56,上架,,349.0,0.0,0,32,2026-04-24 00:00:00,,0,swd,0,0,0,0,婚纱 BRIDE,True,710,False,,F,,F
2026-08-01--2026-08-31,,SWD12218,BRIDE,2024-09-02 16:53:58,下架,2025-08-13 14:45:24,190.0,0.0,0,0,,,0,swd,0,0,0,0,婚纱 BRIDE,False,727,False,,F,,F
2026-08-01--2026-08-31,,SWD13012,BRIDE,2026-01-16 15:18:29,下架,2026-04-16 14:13:23,238.0,0.0,0,0,,,0,swd,0,0,0,0,婚纱 BRIDE,False,226,False,,F,,F
2026-08-01--2026-08-31,,SWD13093,BRIDE,2026-03-12 12:04:08,下架,2026-08-13 11:45:47,259.0,0.0,0,0,,,0,swd,0,0,0,0,婚纱 BRIDE,False,171,False,,F,,F
2026-08-01--2026-08-31,,SWD13092,BRIDE,2026-03-12 13:00:10,上架,,189.0,0.0,0,0,,,0,swd,0,0,0,0,婚纱 BRIDE,True,171,False,,F,,F
2026-08-01--2026-08-31,,SWD12216,BRIDE,2024-09-09 18:51:17,下架,2025-08-13 14:45:24,279.0,0.0,0,0,,,0,swd,0,0,0,0,婚纱 BRIDE,False,720,False,,F,,F
2026-08-01--2026-08-31,,SWD12215,BRIDE,2024-09-10 10:46:10,下架,2025-08-13 14:45:24,179.0,0.0,0,0,,,0,swd,0,0,0,0,婚纱 BRIDE,False,719,False,,F,,F
2026-08-01--2026-08-31,,SWD12214,BRIDE,2024-09-10 10:46:02,下架,2025-08-13 14:45:24,249.0,0.0,0,0,,,0,swd,0,0,0,0,婚纱 BRIDE,False,719,False,,F,,F
2026-08-01--2026-08-31,,SWD13481,BRIDE,2026-08-04 14:57:04,下架,2026-08-26 18:51:09,312.0,0.0,0,0,,,0,swd,0,0,0,0,婚纱 BRIDE,False,26,True,≤30天,F,,F
2026-08-01--2026-08-31,,SWD12212,BRIDE,2024-09-09 18:47:09,下架,2026-07-10 11:21:24,149.0,0.0,0,0,,,0,swd,0,0,0,0,婚纱 BRIDE,False,720,False,,F,,F
2026-08-01--2026-08-31,,SWD12211,BRIDE,2024-09-09 18:47:18,下架,2025-08-13 14:45:24,179.0,0.0,0,0,,,0,swd,0,0,0,0,婚纱 BRIDE,False,720,False,,F,,F
2026-08-01--2026-08-31,,SWD13015,BRIDE,2026-01-19 15:17:36,下架,2026-08-13 11:45:48,165.0,0.0,0,0,,,0,swd,0,0,0,0,婚纱 BRIDE,False,223,False,,F,,F
2026-08-01--2026-08-31,,SWD12209,BRIDE,2024-09-09 18:47:40,下架,2025-08-13 14:45:25,179.0,0.0,0,0,,,0,swd,0,0,0,0,婚纱 BRIDE,False,720,False,,F,,F
2026-08-01--2026-08-31,,SWD12208,BRIDE,2024-09-10 10:46:18,下架,2026-08-05 12:06:02,249.0,0.0,0,0,,,0,swd,0,0,0,0,婚纱 BRIDE,False,719,False,,F,,F
2026-08-01--2026-08-31,,SWD12207,BRIDE,2024-09-09 18:47:48,下架,2025-08-13 14:45:25,219.0,0.0,0,0,,,0,swd,0,0,0,0,婚纱 BRIDE,False,720,False,,F,,F
2026-08-01--2026-08-31,,SWD13011,BRIDE,2026-01-16 16:34:09,上架,,225.0,0.0,0,6,2026-04-04 16:00:00,,0,swd,0,0,0,0,婚纱 BRIDE,True,226,False,,F,,F
2026-08-01--2026-08-31,,SWD12160,BRIDE,2024-08-27 17:04:20,下架,2026-07-10 11:18:10,219.0,0.0,0,0,,,0,swd,0,0,0,0,婚纱 BRIDE,False,733,False,,F,,F
2026-08-01--2026-08-31,,SWD12159,BRIDE,2024-09-09 17:30:26,下架,2025-08-13 14:45:26,179.0,0.0,0,0,,,0,swd,0,0,0,0,婚纱 BRIDE,False,720,False,,F,,F
2026-08-01--2026-08-31,,SWD13531,BRIDE,2026-08-21 14:22:25,上架,,400.0,0.0,0,0,,,0,swd,0,0,0,0,婚纱 BRIDE,True,9,True,≤30天,F,,F
2026-08-01--2026-08-31,,SWD12157,BRIDE,2024-08-26 16:42:22,下架,2026-06-04 17:14:04,209.0,0.0,0,0,,,0,swd,0,0,0,0,婚纱 BRIDE,False,734,False,,F,,F
2026-08-01--2026-08-31,,SWD12156,BRIDE,2024-09-02 16:05:54,下架,2026-08-26 12:07:52,179.0,0.0,0,0,,,0,swd,0,0,0,0,婚纱 BRIDE,False,727,False,,F,,F
2026-08-01--2026-08-31,,SWD13532,BRIDE,2026-08-21 18:18:03,上架,,300.0,0.0,0,0,,,0,swd,0,0,0,0,婚纱 BRIDE,True,9,True,≤30天,F,,F
2026-08-01--2026-08-31,,SWD13035,BRIDE,2026-01-23 14:23:31,上架,,219.0,0.0,0,8,2026-07-24 16:00:00,,0,swd,0,0,0,0,婚纱 BRIDE,True,219,False,,F,,F
2026-08-01--2026-08-31,,SWD12154,BRIDE,2024-09-09 17:30:08,下架,2025-08-13 14:45:26,149.0,0.0,0,0,,,0,swd,0,0,0,0,婚纱 BRIDE,False,720,False,,F,,F
2026-08-01--2026-08-31,,SWD13533,BRIDE,2026-08-21 19:09:53,上架,,311.0,0.0,0,0,,,0,swd,0,0,0,0,婚纱 BRIDE,True,9,True,≤30天,F,,F
2026-08-01--2026-08-31,,SWD13480,BRIDE,2026-08-24 14:00:39,上架,,109.0,0.0,0,0,,,0,swd,0,0,0,0,婚纱 BRIDE,True,6,True,≤30天,F,,F
2026-08-01--2026-08-31,,SWD13497,BRIDE,2026-08-24 11:09:05,上架,,189.0,0.0,0,0,,,0,swd,0,0,0,0,婚纱 BRIDE,True,6,True,≤30天,F,,F
2026-08-01--2026-08-31,,SWD13515,BRIDE,2026-08-24 11:19:27,上架,,159.0,0.0,0,0,,,0,swd,0,0,0,0,婚纱 BRIDE,True,6,True,≤30天,F,,F
2026-08-01--2026-08-31,,SWD13036,BRIDE,2026-01-22 18:01:38,下架,2026-08-13 11:45:48,810.0,0.0,0,0,,,0,swd,0,0,0,0,婚纱 BRIDE,False,220,False,,F,,F
2026-08-01--2026-08-31,,SWD12151,BRIDE,2024-09-02 16:05:02,下架,2025-08-13 14:45:26,159.0,0.0,0,0,,,0,swd,0,0,0,0,婚纱 BRIDE,False,727,False,,F,,F
2026-08-01--2026-08-31,,SWD12186,BRIDE,2024-08-27 17:16:10,上架,,139.0,0.0,0,0,,,0,swd,0,0,0,0,婚纱 BRIDE,True,733,False,,F,,F
2026-08-01--2026-08-31,,SWD13038,BRIDE,2026-01-23 11:44:01,上架,,185.0,0.0,0,13,2026-07-28 00:00:00,,0,swd,0,0,0,0,婚纱 BRIDE,True,219,False,,F,,F
2026-08-01--2026-08-31,,SWD13039,BRIDE,2026-01-23 12:12:34,下架,2026-04-16 14:13:22,206.0,0.0,0,0,,,0,swd,0,0,0,0,婚纱 BRIDE,False,219,False,,F,,F
2026-08-01--2026-08-31,,SWD12147,BRIDE,2024-08-21 10:45:25,上架,,139.0,0.0,0,0,,,0,swd,0,0,0,0,婚纱 BRIDE,True,739,False,,F,,F
2026-08-01--2026-08-31,,SWD12146,BRIDE,2024-09-09 14:43:39,下架,2025-08-13 14:45:26,169.0,0.0,0,0,,,0,swd,0,0,0,0,婚纱 BRIDE,False,720,False,,F,,F
2026-08-01--2026-08-31,,SWD12145,BRIDE,2024-09-09 14:43:57,下架,2025-08-13 14:45:26,149.0,0.0,0,0,,,0,swd,0,0,0,0,婚纱 BRIDE,False,720,False,,F,,F
2026-08-01--2026-08-31,,SWD12144,BRIDE,2024-09-02 16:03:10,下架,2025-08-13 14:45:26,139.0,0.0,0,0,,,0,swd,0,0,0,0,婚纱 BRIDE,False,727,False,,F,,F
2026-08-01--2026-08-31,,SWD12143,BRIDE,2024-09-02 16:04:26,下架,2026-07-10 11:18:10,179.0,0.0,0,0,,,0,swd,0,0,0,0,婚纱 BRIDE,False,727,False,,F,,F
2026-08-01--2026-08-31,,SWD12142,BRIDE,2024-08-27 17:04:28,下架,2026-08-26 12:07:52,199.0,0.0,0,0,,,0,swd,0,0,0,0,婚纱 BRIDE,False,733,False,,F,,F
2026-08-01--2026-08-31,,SWD12141,BRIDE,2024-08-26 16:42:14,下架,2025-08-13 14:45:26,219.0,0.0,0,6,2024-06-19 03:39:44,,0,swd,0,0,0,0,婚纱 BRIDE,False,734,False,,F,,F
2026-08-01--2026-08-31,,SWD13085,BRIDE,2026-02-25 18:00:20,上架,,179.0,0.0,0,0,,,0,swd,0,0,0,0,婚纱 BRIDE,True,186,False,,F,,F
2026-08-01--2026-08-31,,SWD12140,BRIDE,2024-08-27 17:12:09,下架,2026-07-10 11:18:10,149.0,0.0,0,10,2024-01-24 04:24:08,2023-11-09,2,swd,0,0,0,0,婚纱 BRIDE,False,733,False,,F,,F
2026-08-01--2026-08-31,,SWD13040,BRIDE,2026-01-26 17:11:43,下架,2026-04-16 14:13:22,155.0,0.0,0,0,,,0,swd,0,0,0,0,婚纱 BRIDE,False,216,False,,F,,F
2026-08-01--2026-08-31,,SWD13041,BRIDE,2026-01-27 16:36:20,下架,2026-04-16 14:13:21,280.0,0.0,0,0,,,0,swd,0,0,0,0,婚纱 BRIDE,False,215,False,,F,,F
2026-08-01--2026-08-31,,SWD13543,BRIDE,2026-08-26 10:46:53,上架,,450.0,0.0,0,0,,,0,swd,0,0,0,0,婚纱 BRIDE,True,4,True,≤30天,F,,F
2026-08-01--2026-08-31,,SWD13042,BRIDE,2026-01-27 18:31:10,下架,2026-01-29 18:59:55,390.0,0.0,0,0,,,0,swd,0,0,0,0,婚纱 BRIDE,False,215,False,,F,,F
2026-08-01--2026-08-31,,SWD12150,BRIDE,2024-09-09 14:45:18,下架,2026-06-04 17:14:04,169.0,0.0,0,0,,,0,swd,0,0,0,0,婚纱 BRIDE,False,720,False,,F,,F
2026-08-01--2026-08-31,,SWD12185,BRIDE,2024-09-02 16:52:26,下架,2026-07-10 11:21:24,180.0,0.0,0,0,,,0,swd,0,0,0,0,婚纱 BRIDE,False,727,False,,F,,F
2026-08-01--2026-08-31,,SWD13023,BRIDE,2026-01-23 14:22:30,下架,2026-08-13 11:45:48,165.0,0.0,0,0,,,0,swd,0,0,0,0,婚纱 BRIDE,False,219,False,,F,,F
2026-08-01--2026-08-31,,SWD13321,BRIDE,2026-08-20 10:07:26,上架,,189.0,0.0,0,0,,,0,swd,0,0,0,0,婚纱 BRIDE,True,10,True,≤30天,F,,F
2026-08-01--2026-08-31,,SWD13377,BRIDE,2026-08-20 11:46:18,上架,,279.0,0.0,0,0,,,0,swd,0,0,0,0,婚纱 BRIDE,True,10,True,≤30天,F,,F
2026-08-01--2026-08-31,,SWD12183,BRIDE,2024-09-09 18:44:00,下架,2026-06-04 17:14:04,159.0,0.0,0,8,2024-08-31 06:19:55,,0,swd,0,0,0,0,婚纱 BRIDE,False,720,False,,F,,F
2026-08-01--2026-08-31,,SWD13088,BRIDE,2026-02-25 18:05:41,上架,,179.0,0.0,0,0,,,0,swd,0,0,0,0,婚纱 BRIDE,True,186,False,,F,,F
2026-08-01--2026-08-31,,SWD12180,BRIDE,2024-09-09 18:23:01,下架,2026-07-10 11:18:10,169.0,0.0,0,0,,,0,swd,0,0,0,0,婚纱 BRIDE,False,720,False,,F,,F
2026-08-01--2026-08-31,,SWD12179,BRIDE,2024-09-09 18:06:11,下架,2026-07-10 11:18:10,149.0,0.0,0,0,,,0,swd,0,0,0,0,婚纱 BRIDE,False,720,False,,F,,F
2026-08-01--2026-08-31,,SWD13027,BRIDE,2026-01-21 16:10:28,下架,2026-08-13 11:45:48,193.0,0.0,0,6,2026-04-30 00:00:00,,0,swd,0,0,0,0,婚纱 BRIDE,False,221,False,,F,,F
2026-08-01--2026-08-31,,SWD12178,BRIDE,2024-09-09 18:06:20,下架,2025-08-13 14:45:25,249.0,0.0,0,0,,,0,swd,0,0,0,0,婚纱 BRIDE,False,720,False,,F,,F
2026-08-01--2026-08-31,,SWD13028,BRIDE,2026-01-23 14:23:46,上架,,189.0,0.0,0,0,,,0,swd,0,0,0,0,婚纱 BRIDE,True,219,False,,F,,F
2026-08-01--2026-08-31,,SWD12177,BRIDE,2024-09-09 18:06:28,下架,2025-08-13 14:45:25,169.0,0.0,0,0,,,0,swd,0,0,0,0,婚纱 BRIDE,False,720,False,,F,,F
2026-08-01--2026-08-31,,SWD13087,BRIDE,2026-02-25 17:10:04,上架,,119.0,0.0,0,6,2026-04-12 00:00:00,,0,swd,0,0,0,0,婚纱 BRIDE,True,186,False,,F,,F
2026-08-01--2026-08-31,,SWD13380,BRIDE,2026-08-20 11:53:25,上架,,319.0,0.0,0,0,,,0,swd,0,0,0,0,婚纱 BRIDE,True,10,True,≤30天,F,,F
2026-08-01--2026-08-31,,SWD12174,BRIDE,2024-09-02 16:06:58,下架,2025-08-13 14:45:25,159.0,0.0,0,0,,,0,swd,0,0,0,0,婚纱 BRIDE,False,727,False,,F,,F
2026-08-01--2026-08-31,,SWD12161,BRIDE,2024-09-09 17:33:12,下架,2025-08-13 14:45:26,209.0,0.0,0,0,,,0,swd,0,0,0,0,婚纱 BRIDE,False,720,False,,F,,F
2026-08-01--2026-08-31,,SWD13086,BRIDE,2026-02-10 10:28:55,上架,,149.0,0.0,0,4,2026-04-15 00:00:00,,0,swd,0,0,0,0,婚纱 BRIDE,True,201,False,,F,,F
2026-08-01--2026-08-31,,SWD12171,BRIDE,2024-09-09 17:33:24,下架,2026-07-10 11:21:24,149.0,0.0,0,0,,,0,swd,0,0,0,0,婚纱 BRIDE,False,720,False,,F,,F
2026-08-01--2026-08-31,,SWD13031,BRIDE,2026-01-23 14:22:45,下架,2026-08-13 11:45:48,199.0,0.0,0,6,2026-04-14 16:00:00,,0,swd,0,0,0,0,婚纱 BRIDE,False,219,False,,F,,F
2026-08-01--2026-08-31,,SWD13465,BRIDE,2026-08-20 11:39:42,上架,,139.0,0.0,0,0,,,0,swd,0,0,0,0,婚纱 BRIDE,True,10,True,≤30天,F,,F
2026-08-01--2026-08-31,,SWD12170,BRIDE,2024-09-09 17:34:10,下架,2026-08-05 12:06:02,169.0,0.0,0,3,2024-12-29 08:08:58,,0,swd,0,0,0,0,婚纱 BRIDE,False,720,False,,F,,F
2026-08-01--2026-08-31,,SWD12169,BRIDE,2024-09-02 16:05:31,下架,2026-06-04 17:14:04,165.0,0.0,0,0,,,0,swd,0,0,0,0,婚纱 BRIDE,False,727,False,,F,,F
2026-08-01--2026-08-31,,SWD12168,BRIDE,2024-09-02 16:05:43,下架,2026-08-26 12:07:52,199.0,0.0,0,0,,,0,swd,0,0,0,0,婚纱 BRIDE,False,727,False,,F,,F
2026-08-01--2026-08-31,,SWD13032,BRIDE,2026-01-22 12:11:07,下架,2026-04-16 14:13:22,482.0,0.0,0,0,,,0,swd,0,0,0,0,婚纱 BRIDE,False,220,False,,F,,F
2026-08-01--2026-08-31,,SWD12167,BRIDE,2024-09-09 17:32:09,上架,,139.0,0.0,0,0,,,0,swd,0,0,0,0,婚纱 BRIDE,True,720,False,,F,,F
2026-08-01--2026-08-31,,SWD12166,BRIDE,2024-09-09 17:32:18,下架,2026-07-10 11:21:24,209.0,0.0,0,0,,,0,swd,0,0,0,0,婚纱 BRIDE,False,720,False,,F,,F
2026-08-01--2026-08-31,,SWD12165,BRIDE,2024-09-09 17:33:32,下架,2026-07-10 11:18:10,189.0,0.0,0,0,,,0,swd,0,0,0,0,婚纱 BRIDE,False,720,False,,F,,F
2026-08-01--2026-08-31,,SWD13528,BRIDE,2026-08-20 09:55:04,上架,,350.0,0.0,0,0,,,0,swd,0,0,0,0,婚纱 BRIDE,True,10,True,≤30天,F,,F
2026-08-01--2026-08-31,,SWD12164,BRIDE,2024-09-02 16:06:45,下架,2026-08-05 12:06:02,189.0,0.0,0,0,,,0,swd,0,0,0,0,婚纱 BRIDE,False,727,False,,F,,F
2026-08-01--2026-08-31,,SWD12163,BRIDE,2024-09-09 17:33:43,下架,2025-08-13 14:45:26,179.0,0.0,0,0,,,0,swd,0,0,0,0,婚纱 BRIDE,False,720,False,,F,,F
2026-08-01--2026-08-31,,SWD13033,BRIDE,2026-01-23 14:24:01,上架,,289.0,0.0,0,6,2026-04-21 16:00:00,,0,swd,0,0,0,0,婚纱 BRIDE,True,219,False,,F,,F
2026-08-01--2026-08-31,,SWD12173,BRIDE,2024-09-09 17:33:54,下架,2025-08-13 14:45:26,149.0,0.0,0,0,,,0,swd,0,0,0,0,婚纱 BRIDE,False,720,False,,F,,F
2026-08-01--2026-08-31,,SWD13169,BRIDE,2026-03-12 13:03:53,上架,,152.0,0.0,0,4,2026-04-22 00:00:00,,0,swd,0,0,0,0,婚纱 BRIDE,True,171,False,,F,,F
2026-08-01--2026-08-31,,SWD13168,BRIDE,2026-03-12 13:03:04,上架,,209.0,0.0,0,0,,,0,swd,0,0,0,0,婚纱 BRIDE,True,171,False,,F,,F
2026-08-01--2026-08-31,,SWD13259,BRIDE,2026-04-22 11:01:38,下架,2026-04-23 12:05:31,260.0,0.0,0,0,,,0,swd,0,0,0,0,婚纱 BRIDE,False,130,False,,F,,F
2026-08-01--2026-08-31,,SWD12690,BRIDE,2025-03-11 14:38:06,下架,2026-07-10 11:18:07,239.0,0.0,0,0,,,0,swd,0,0,0,0,婚纱 BRIDE,False,537,False,,F,,F
2026-08-01--2026-08-31,,SWD12689,BRIDE,2025-03-11 14:37:41,下架,2026-06-04 17:13:55,179.0,0.0,0,0,,,0,swd,0,0,0,0,婚纱 BRIDE,False,537,False,,F,,F
2026-08-01--2026-08-31,,SWD12688,BRIDE,2025-02-19 12:35:42,上架,,299.0,0.0,0,9,2026-07-14 00:00:00,,0,swd,0,0,0,0,婚纱 BRIDE,True,557,False,,F,,F
2026-08-01--2026-08-31,,SWD12687,BRIDE,2025-02-17 09:34:59,下架,2026-07-10 11:21:23,329.0,0.0,0,0,,,0,swd,0,0,0,0,婚纱 BRIDE,False,559,False,,F,,F
2026-08-01--2026-08-31,,SWD12685,BRIDE,2025-01-03 18:42:39,下架,2026-08-26 12:07:51,189.0,0.0,0,9,2025-08-26 23:00:03,2025-08-27,3,swd,0,0,0,0,婚纱 BRIDE,False,604,False,,F,,F
2026-08-01--2026-08-31,,SWD12684,BRIDE,2025-01-03 18:42:28,下架,2026-07-10 11:21:23,299.0,0.0,0,0,,,0,swd,0,0,0,0,婚纱 BRIDE,False,604,False,,F,,F
2026-08-01--2026-08-31,,SWD12683,BRIDE,2025-01-03 18:42:16,下架,2026-07-10 11:21:23,199.0,0.0,0,0,,,0,swd,0,0,0,0,婚纱 BRIDE,False,604,False,,F,,F
2026-08-01--2026-08-31,,SWD12682,BRIDE,2025-01-03 18:42:04,下架,2026-07-10 11:21:23,179.0,0.0,0,0,,,0,swd,0,0,0,0,婚纱 BRIDE,False,604,False,,F,,F
2026-08-01--2026-08-31,,SWD12681,BRIDE,2025-01-03 18:41:49,下架,2026-07-10 11:18:07,179.0,0.0,0,0,,,0,swd,0,0,0,0,婚纱 BRIDE,False,604,False,,F,,F
2026-08-01--2026-08-31,,SWD12680,BRIDE,2025-01-03 18:41:32,下架,2026-08-26 12:07:51,189.0,0.0,0,7,2026-05-04 00:00:00,,0,swd,0,0,0,0,婚纱 BRIDE,False,604,False,,F,,F
2026-08-01--2026-08-31,,SWD13260,BRIDE,2026-04-22 15:15:41,下架,2026-05-06 09:43:20,170.0,0.0,0,7,2026-04-29 00:00:00,,0,swd,0,0,0,0,婚纱 BRIDE,False,130,False,,F,,F
2026-08-01--2026-08-31,,SWD12942,BRIDE,2025-12-18 09:45:46,上架,,249.0,0.0,0,0,,,0,swd,0,0,0,0,婚纱 BRIDE,True,255,False,,F,,F
2026-08-01--2026-08-31,,SWD12872,BRIDE,2025-11-13 12:01:05,下架,2026-04-16 14:13:26,306.0,0.0,0,0,,,0,swd,0,0,0,0,婚纱 BRIDE,False,290,False,,F,,F
2026-08-01--2026-08-31,,SWD12676,BRIDE,2025-01-03 17:36:45,下架,2026-07-10 11:18:07,359.0,0.0,0,0,,,0,swd,0,0,0,0,婚纱 BRIDE,False,604,False,,F,,F
2026-08-01--2026-08-31,,SWD12675,BRIDE,2025-01-03 17:36:29,下架,2026-07-10 11:21:23,189.0,0.0,0,0,,,0,swd,0,0,0,0,婚纱 BRIDE,False,604,False,,F,,F
2026-08-01--2026-08-31,,SWD13261,BRIDE,2026-04-22 16:56:48,下架,2026-07-08 12:15:00,225.0,0.0,0,10,2026-05-04 00:00:00,,0,swd,0,0,0,0,婚纱 BRIDE,False,130,False,,F,,F
2026-08-01--2026-08-31,,SWD12674,BRIDE,2025-01-03 11:55:22,下架,2026-07-10 11:21:23,229.0,0.0,0,1,2025-07-18 19:32:32,2025-07-19,1,swd,0,0,0,0,婚纱 BRIDE,False,604,False,,F,,F
2026-08-01--2026-08-31,,SWD13262,BRIDE,2026-04-24 14:20:58,上架,,420.0,0.0,0,5,2026-05-14 00:00:00,,0,swd,0,0,0,0,婚纱 BRIDE,True,128,False,,F,,F
2026-08-01--2026-08-31,,SWD12673,BRIDE,2024-12-30 14:42:26,下架,2026-08-26 12:07:51,179.0,0.0,0,0,,,0,swd,0,0,0,0,婚纱 BRIDE,False,608,False,,F,,F
2026-08-01--2026-08-31,,SWD12672,BRIDE,2024-12-30 14:42:14,下架,2024-12-30 14:42:19,389.0,0.0,0,0,,,0,swd,0,0,0,0,婚纱 BRIDE,False,608,False,,F,,F
2026-08-01--2026-08-31,,SWD12873,BRIDE,2025-11-13 14:38:39,下架,2026-04-16 14:13:26,289.0,0.0,0,0,,,0,swd,0,0,0,0,婚纱 BRIDE,False,290,False,,F,,F
2026-08-01--2026-08-31,,SWD13266,BRIDE,2026-04-25 10:46:34,下架,2026-06-18 11:17:31,580.0,0.0,0,0,,,0,swd,0,0,0,0,婚纱 BRIDE,False,127,False,,F,,F
2026-08-01--2026-08-31,,SWD12668,BRIDE,2024-12-30 14:41:28,下架,2026-07-10 11:21:23,169.0,0.0,0,0,,,0,swd,0,0,0,0,婚纱 BRIDE,False,608,False,,F,,F
2026-08-01--2026-08-31,,SWD13267,BRIDE,2026-04-27 10:20:28,下架,2026-06-18 11:53:03,265.0,0.0,0,6,2026-06-28 16:00:00,,0,swd,0,0,0,0,婚纱 BRIDE,False,125,False,,F,,F
2026-08-01--2026-08-31,,SWD12667,BRIDE,2024-12-30 14:41:17,下架,2026-06-04 17:13:55,179.0,0.0,0,0,,,0,swd,0,0,0,0,婚纱 BRIDE,False,608,False,,F,,F
2026-08-01--2026-08-31,,SWD12874,BRIDE,2025-11-13 16:06:32,上架,,179.0,0.0,0,4,2026-04-24 00:00:00,,0,swd,0,0,0,0,婚纱 BRIDE,True,290,False,,F,,F
2026-08-01--2026-08-31,,SWD12666,BRIDE,2024-12-20 18:51:13,下架,2026-08-05 12:06:02,189.0,0.0,0,10,2025-11-24 00:00:00,,0,swd,0,0,0,0,婚纱 BRIDE,False,618,False,,F,,F
2026-08-01--2026-08-31,,SWD12871,BRIDE,2025-11-13 11:27:13,下架,2026-06-04 17:13:53,319.0,0.0,0,0,,,0,swd,0,0,0,0,婚纱 BRIDE,False,290,False,,F,,F
2026-08-01--2026-08-31,,SWD12717,BRIDE,2025-08-06 11:43:20,下架,2026-08-26 18:04:48,278.0,0.0,0,18,2026-07-02 00:00:00,2026-06-21,9,swd,0,0,0,0,婚纱 BRIDE,False,389,False,,F,,F
2026-08-01--2026-08-31,,SWD12857,BRIDE,2025-11-17 14:50:39,下架,2026-07-10 11:21:23,189.0,0.0,0,0,,,0,swd,0,0,0,0,婚纱 BRIDE,False,286,False,,F,,F
2026-08-01--2026-08-31,,SWD13243,BRIDE,2026-04-15 17:26:37,下架,2026-04-20 18:23:41,285.0,0.0,0,0,,,0,swd,0,0,0,0,婚纱 BRIDE,False,137,False,,F,,F
2026-08-01--2026-08-31,,SWD12715,BRIDE,2025-08-04 16:06:59,下架,2026-04-16 14:13:32,218.0,0.0,0,0,,,0,swd,0,0,0,0,婚纱 BRIDE,False,391,False,,F,,F
2026-08-01--2026-08-31,,SWD13244,BRIDE,2026-04-15 17:58:18,下架,2026-04-25 16:06:33,225.0,0.0,0,4,2026-04-28 00:00:00,,0,swd,0,0,0,0,婚纱 BRIDE,False,137,False,,F,,F
2026-08-01--2026-08-31,,SWD13245,BRIDE,2026-04-15 19:21:29,下架,2026-05-14 14:41:26,228.0,0.0,0,5,2026-05-14 00:00:00,,0,swd,0,0,0,0,婚纱 BRIDE,False,137,False,,F,,F
2026-08-01--2026-08-31,,SWD12712,BRIDE,2025-08-01 16:12:30,下架,2026-05-27 18:25:45,149.0,0.0,0,10,2025-11-03 04:17:19,2025-11-03,12,swd,0,0,0,0,婚纱 BRIDE,False,394,False,,F,,F
2026-08-01--2026-08-31,,SWD13246,BRIDE,2026-04-16 11:26:37,下架,2026-06-18 11:17:31,367.0,0.0,0,0,,,0,swd,0,0,0,0,婚纱 BRIDE,False,136,False,,F,,F
2026-08-01--2026-08-31,,SWD13247,BRIDE,2026-04-16 17:36:02,上架,,399.0,0.0,0,0,,,0,swd,0,0,0,0,婚纱 BRIDE,True,136,False,,F,,F
2026-08-01--2026-08-31,,SWD13248,BRIDE,2026-04-16 19:17:44,上架,,230.0,0.0,0,6,2026-07-12 19:59:57,,0,swd,0,0,0,0,婚纱 BRIDE,True,136,False,,F,,F
2026-08-01--2026-08-31,,SWD13249,BRIDE,2026-04-16 19:39:35,下架,2026-04-20 10:33:33,240.0,0.0,0,0,,,0,swd,0,0,0,0,婚纱 BRIDE,False,136,False,,F,,F
2026-08-01--2026-08-31,,SWD13173,BRIDE,2026-03-09 16:24:43,上架,,219.0,0.0,0,6,2026-04-27 16:00:00,,0,swd,0,0,0,0,婚纱 BRIDE,True,174,False,,F,,F
2026-08-01--2026-08-31,,SWD13172,BRIDE,2026-03-12 13:03:28,上架,,159.0,0.0,0,0,,,0,swd,0,0,0,0,婚纱 BRIDE,True,171,False,,F,,F
2026-08-01--2026-08-31,,SWD12859,BRIDE,2025-11-13 16:12:56,下架,2026-08-26 12:07:51,139.0,0.0,0,0,,,0,swd,0,0,0,0,婚纱 BRIDE,False,290,False,,F,,F
2026-08-01--2026-08-31,,SWD12694,BRIDE,2025-05-16 10:18:08,下架,2026-06-04 17:13:55,189.0,0.0,0,0,,,0,swd,0,0,0,0,婚纱 BRIDE,False,471,False,,F,,F
2026-08-01--2026-08-31,,SWD12704,BRIDE,2025-07-09 10:29:23,上架,,369.0,0.0,0,7,2026-04-21 00:00:00,2025-09-20,2,swd,0,0,0,0,婚纱 BRIDE,True,417,False,,F,,F
2026-08-01--2026-08-31,,SWD12703,BRIDE,2025-07-08 17:01:41,上架,,209.0,0.0,0,16,2026-06-12 00:00:00,2026-06-12,4,swd,0,0,0,0,婚纱 BRIDE,True,418,False,,F,,F
2026-08-01--2026-08-31,,SWD13252,BRIDE,2026-04-17 19:54:33,下架,2026-06-18 11:17:31,319.0,0.0,0,0,,,0,swd,0,0,0,0,婚纱 BRIDE,False,135,False,,F,,F
2026-08-01--2026-08-31,,SWD12861,BRIDE,2025-11-17 14:51:56,上架,,249.0,0.0,0,16,2026-08-08 20:24:23,2026-08-07,9,swd,0,0,0,0,婚纱 BRIDE,True,286,False,,F,,F
2026-08-01--2026-08-31,,SWD12863,BRIDE,2025-11-17 14:48:34,下架,2026-06-04 17:13:53,159.0,0.0,0,0,,,0,swd,0,0,0,0,婚纱 BRIDE,False,286,False,,F,,F
2026-08-01--2026-08-31,,SWD12702,BRIDE,2025-06-30 18:26:52,下架,2026-07-10 11:18:07,409.0,0.0,0,0,,,0,swd,0,0,0,0,婚纱 BRIDE,False,426,False,,F,,F
2026-08-01--2026-08-31,,SWD13253,BRIDE,2026-04-21 14:53:05,下架,2026-04-25 09:48:47,290.0,0.0,0,0,,,0,swd,0,0,0,0,婚纱 BRIDE,False,131,False,,F,,F
2026-08-01--2026-08-31,,SWD13254,BRIDE,2026-04-21 16:39:10,下架,2026-06-18 11:30:26,213.0,0.0,0,0,,,0,swd,0,0,0,0,婚纱 BRIDE,False,131,False,,F,,F
2026-08-01--2026-08-31,,SWD13255,BRIDE,2026-04-21 17:00:09,下架,2026-06-18 11:17:31,601.0,0.0,0,0,,,0,swd,0,0,0,0,婚纱 BRIDE,False,131,False,,F,,F
2026-08-01--2026-08-31,,SWD12700,BRIDE,2025-06-18 09:42:46,下架,2026-06-04 17:13:55,159.0,0.0,0,0,,,0,swd,0,0,0,0,婚纱 BRIDE,False,438,False,,F,,F
2026-08-01--2026-08-31,,SWD12864,BRIDE,2025-11-17 14:53:12,上架,,129.0,0.0,0,7,2026-05-06 00:00:00,,0,swd,0,0,0,0,婚纱 BRIDE,True,286,False,,F,,F
2026-08-01--2026-08-31,,SWD12865,BRIDE,2025-11-17 14:50:24,下架,2026-08-26 12:07:51,199.0,0.0,0,0,,,0,swd,0,0,0,0,婚纱 BRIDE,False,286,False,,F,,F
2026-08-01--2026-08-31,,SWD12866,BRIDE,2025-11-13 16:13:26,上架,,219.0,0.0,0,0,,,0,swd,0,0,0,0,婚纱 BRIDE,True,290,False,,F,,F
2026-08-01--2026-08-31,,SWD12696,BRIDE,2025-05-15 16:30:36,下架,2026-06-04 17:13:55,309.0,0.0,0,6,2026-04-19 00:00:00,,0,swd,0,0,0,0,婚纱 BRIDE,False,472,False,,F,,F
2026-08-01--2026-08-31,,SWD12695,BRIDE,2025-05-16 10:18:21,上架,,189.0,0.0,0,10,2026-05-21 00:00:00,,0,swd,0,0,0,0,婚纱 BRIDE,True,471,False,,F,,F
2026-08-01--2026-08-31,,SWD13250,BRIDE,2026-04-17 11:38:54,下架,2026-04-20 09:32:12,1285.0,0.0,0,5,2026-04-21 00:00:00,,0,swd,0,0,0,0,婚纱 BRIDE,False,135,False,,F,,F
2026-08-01--2026-08-31,,SWD12639,BRIDE,2024-12-05 15:27:48,下架,2026-08-26 12:07:51,179.0,0.0,0,0,,,0,swd,0,0,0,0,婚纱 BRIDE,False,633,False,,F,,F
2026-08-01--2026-08-31,,SWD12638,BRIDE,2024-12-05 15:27:36,下架,2026-06-04 17:13:56,169.0,0.0,0,0,,,0,swd,0,0,0,0,婚纱 BRIDE,False,633,False,,F,,F
2026-08-01--2026-08-31,,SWD12637,BRIDE,2024-12-05 15:27:24,下架,2026-07-10 11:21:23,179.0,0.0,0,0,,,0,swd,0,0,0,0,婚纱 BRIDE,False,633,False,,F,,F
2026-08-01--2026-08-31,,SWD12636,BRIDE,2024-12-05 15:27:11,下架,2026-06-04 17:13:56,179.0,0.0,0,0,,,0,swd,0,0,0,0,婚纱 BRIDE,False,633,False,,F,,F
2026-08-01--2026-08-31,,SWD12634,BRIDE,2024-12-05 15:26:47,下架,2026-07-10 11:18:07,189.0,0.0,0,0,,,0,swd,0,0,0,0,婚纱 BRIDE,False,633,False,,F,,F
2026-08-01--2026-08-31,,SWD12633,BRIDE,2024-12-05 15:26:35,下架,2026-06-04 17:13:56,179.0,0.0,0,0,,,0,swd,0,0,0,0,婚纱 BRIDE,False,633,False,,F,,F
2026-08-01--2026-08-31,,SWD12632,BRIDE,2024-12-05 15:26:22,下架,2026-08-26 12:07:51,169.0,0.0,0,0,,,0,swd,0,0,0,0,婚纱 BRIDE,False,633,False,,F,,F
2026-08-01--2026-08-31,,SWD13165,BRIDE,2026-03-12 12:07:59,上架,,139.0,0.0,0,8,2026-04-27 00:00:00,,0,swd,0,0,0,0,婚纱 BRIDE,True,171,False,,F,,F
2026-08-01--2026-08-31,,SWD12631,BRIDE,2024-12-05 15:26:10,上架,,419.0,0.0,0,11,2026-08-08 00:00:00,2026-08-08,4,swd,0,0,0,0,婚纱 BRIDE,True,633,False,,F,,F
2026-08-01--2026-08-31,,SWD13282,BRIDE,2026-05-08 10:21:15,上架,,199.0,0.0,0,0,,,0,swd,0,0,0,0,婚纱 BRIDE,True,114,False,,F,,F
2026-08-01--2026-08-31,,SWD12629,BRIDE,2024-12-05 15:25:45,上架,,169.0,0.0,0,0,,,0,swd,0,0,0,0,婚纱 BRIDE,True,633,False,,F,,F
2026-08-01--2026-08-31,,SWD12628,BRIDE,2024-12-05 15:25:32,下架,2026-07-10 11:18:07,179.0,0.0,0,0,,,0,swd,0,0,0,0,婚纱 BRIDE,False,633,False,,F,,F
2026-08-01--2026-08-31,,SWD12627,BRIDE,2024-12-05 15:25:20,下架,2026-06-04 17:13:56,189.0,0.0,0,0,,,0,swd,0,0,0,0,婚纱 BRIDE,False,633,False,,F,,F
2026-08-01--2026-08-31,,SWD12885,BRIDE,2025-11-15 09:32:21,上架,,249.0,0.0,0,4,2026-07-11 12:30:27,,0,swd,0,0,0,0,婚纱 BRIDE,True,288,False,,F,,F
2026-08-01--2026-08-31,,SWD12665,BRIDE,2024-12-20 18:51:02,上架,,189.0,0.0,0,4,2026-02-05 00:00:00,,0,swd,0,0,0,0,婚纱 BRIDE,True,618,False,,F,,F
2026-08-01--2026-08-31,,SWD12886,BRIDE,2025-11-17 14:49:52,下架,2026-06-04 17:13:52,209.0,0.0,0,0,,,0,swd,0,0,0,0,婚纱 BRIDE,False,286,False,,F,,F
2026-08-01--2026-08-31,,SWD13284,BRIDE,2026-04-30 14:37:06,下架,2026-06-18 11:56:23,440.0,0.0,0,8,2026-05-08 00:00:00,,0,swd,0,0,0,0,婚纱 BRIDE,False,122,False,,F,,F
2026-08-01--2026-08-31,,SWD12624,BRIDE,2024-12-05 15:24:43,下架,2026-08-26 12:07:51,169.0,0.0,0,5,2026-04-29 00:00:00,,0,swd,0,0,0,0,婚纱 BRIDE,False,633,False,,F,,F
2026-08-01--2026-08-31,,SWD12622,BRIDE,2024-12-05 15:24:10,下架,2026-07-10 11:21:23,179.0,0.0,0,0,,,0,swd,0,0,0,0,婚纱 BRIDE,False,633,False,,F,,F
2026-08-01--2026-08-31,,SWD13285,BRIDE,2026-05-06 10:30:38,下架,2026-07-15 17:47:13,528.0,0.0,0,0,,,0,swd,0,0,0,0,婚纱 BRIDE,False,116,False,,F,,F
2026-08-01--2026-08-31,,SWD12619,BRIDE,2024-12-05 15:23:32,下架,2026-07-10 11:21:23,179.0,0.0,0,0,,,0,swd,0,0,0,0,婚纱 BRIDE,False,633,False,,F,,F
2026-08-01--2026-08-31,,SWD12618,BRIDE,2024-12-05 15:23:19,下架,2026-08-26 12:07:51,179.0,0.0,0,0,,,0,swd,0,0,0,0,婚纱 BRIDE,False,633,False,,F,,F
2026-08-01--2026-08-31,,SWD13286,BRIDE,2026-05-06 10:54:59,下架,2026-05-09 10:40:02,354.0,0.0,0,0,,,0,swd,0,0,0,0,婚纱 BRIDE,False,116,False,,F,,F
2026-08-01--2026-08-31,,SWD13163,BRIDE,2026-03-12 13:02:41,上架,,129.0,0.0,0,0,,,0,swd,0,0,0,0,婚纱 BRIDE,True,171,False,,F,,F
2026-08-01--2026-08-31,,SWD13288,BRIDE,2026-05-06 16:36:13,下架,2026-05-09 10:50:19,373.0,0.0,0,0,,,0,swd,0,0,0,0,婚纱 BRIDE,False,116,False,,F,,F
2026-08-01--2026-08-31,,SWD13162,BRIDE,2026-03-06 14:11:34,上架,,617.0,0.0,0,0,,,0,swd,0,0,0,0,婚纱 BRIDE,True,177,False,,F,,F
2026-08-01--2026-08-31,,SWD13161,BRIDE,2026-03-06 11:38:37,下架,2026-03-11 18:50:57,386.0,0.0,0,0,,,0,swd,0,0,0,0,婚纱 BRIDE,False,177,False,,F,,F
2026-08-01--2026-08-31,,SWD12616,BRIDE,2024-12-05 15:22:54,下架,2026-07-10 11:18:07,169.0,0.0,0,0,,,0,swd,0,0,0,0,婚纱 BRIDE,False,633,False,,F,,F
2026-08-01--2026-08-31,,SWD12615,BRIDE,2024-12-05 15:22:42,下架,2026-06-04 17:13:56,169.0,0.0,0,0,,,0,swd,0,0,0,0,婚纱 BRIDE,False,633,False,,F,,F
2026-08-01--2026-08-31,,SWD13159,BRIDE,2026-03-12 13:02:18,上架,,129.0,0.0,0,0,,,0,swd,0,0,0,0,婚纱 BRIDE,True,171,False,,F,,F
2026-08-01--2026-08-31,,SWD12625,BRIDE,2024-12-05 15:24:56,下架,2026-06-04 17:13:56,179.0,0.0,0,0,,,0,swd,0,0,0,0,婚纱 BRIDE,False,633,False,,F,,F
2026-08-01--2026-08-31,,SWD12664,BRIDE,2024-12-20 18:50:50,下架,2026-07-10 11:18:07,189.0,0.0,0,4,2026-02-14 00:00:00,,0,swd,0,0,0,0,婚纱 BRIDE,False,618,False,,F,,F
2026-08-01--2026-08-31,,SWD12663,BRIDE,2024-12-20 18:50:39,下架,2026-06-04 17:13:55,179.0,0.0,0,0,,,0,swd,0,0,0,0,婚纱 BRIDE,False,618,False,,F,,F
2026-08-01--2026-08-31,,SWD12662,BRIDE,2024-12-20 18:50:27,上架,,159.0,0.0,0,0,,,0,swd,0,0,0,0,婚纱 BRIDE,True,618,False,,F,,F
2026-08-01--2026-08-31,,SWD12661,BRIDE,2024-12-20 18:47:51,下架,2026-06-04 17:13:55,189.0,0.0,0,0,,,0,swd,0,0,0,0,婚纱 BRIDE,False,618,False,,F,,F
2026-08-01--2026-08-31,,SWD13268,BRIDE,2026-04-27 18:23:15,下架,2026-05-06 14:29:46,225.0,0.0,0,8,2026-07-03 16:00:00,,0,swd,0,0,0,0,婚纱 BRIDE,False,125,False,,F,,F
2026-08-01--2026-08-31,,SWD12660,BRIDE,2024-12-20 18:47:28,上架,,189.0,0.0,0,8,2026-05-15 20:42:54,,0,swd,0,0,0,0,婚纱 BRIDE,True,618,False,,F,,F
2026-08-01--2026-08-31,,SWD12659,BRIDE,2024-12-20 18:47:16,下架,2026-08-26 12:07:51,449.0,0.0,0,6,2026-04-21 00:00:00,,0,swd,0,0,0,0,婚纱 BRIDE,False,618,False,,F,,F
2026-08-01--2026-08-31,,SWD12875,BRIDE,2025-11-17 14:49:20,下架,2026-08-26 12:07:51,249.0,0.0,0,0,,,0,swd,0,0,0,0,婚纱 BRIDE,False,286,False,,F,,F
2026-08-01--2026-08-31,,SWD13166,BRIDE,2026-03-12 14:01:32,下架,2026-04-16 18:37:28,149.0,0.0,0,0,,,0,swd,0,0,0,0,婚纱 BRIDE,False,171,False,,F,,F
2026-08-01--2026-08-31,,SWD12658,BRIDE,2024-12-20 18:47:05,下架,2026-06-04 17:13:56,439.0,0.0,0,0,,,0,swd,0,0,0,0,婚纱 BRIDE,False,618,False,,F,,F
2026-08-01--2026-08-31,,SWD12657,BRIDE,2024-12-16 09:26:47,下架,2026-07-10 11:18:07,179.0,0.0,0,0,,,0,swd,0,0,0,0,婚纱 BRIDE,False,622,False,,F,,F
2026-08-01--2026-08-31,,SWD13269,BRIDE,2026-04-28 14:58:08,上架,,230.0,0.0,0,5,2026-05-15 00:00:00,,0,swd,0,0,0,0,婚纱 BRIDE,True,124,False,,F,,F
2026-08-01--2026-08-31,,SWD12876,BRIDE,2025-11-17 14:41:25,下架,2026-06-04 17:13:53,189.0,0.0,0,0,,,0,swd,0,0,0,0,婚纱 BRIDE,False,286,False,,F,,F
2026-08-01--2026-08-31,,SWD12877,BRIDE,2025-11-17 14:41:57,下架,2026-06-04 17:13:52,249.0,0.0,0,0,,,0,swd,0,0,0,0,婚纱 BRIDE,False,286,False,,F,,F
2026-08-01--2026-08-31,,SWD13271,BRIDE,2026-04-30 16:20:11,上架,,279.0,0.0,0,0,,,0,swd,0,0,0,0,婚纱 BRIDE,True,122,False,,F,,F
2026-08-01--2026-08-31,,SWD12640,BRIDE,2024-12-05 15:28:00,下架,2026-08-26 12:07:51,169.0,0.0,0,0,,,0,swd,0,0,0,0,婚纱 BRIDE,False,633,False,,F,,F
2026-08-01--2026-08-31,,SWD12878,BRIDE,2025-11-17 14:50:54,下架,2026-08-26 12:07:51,159.0,0.0,0,0,,,0,swd,0,0,0,0,婚纱 BRIDE,False,286,False,,F,,F
2026-08-01--2026-08-31,,SWD13274,BRIDE,2026-05-08 10:20:50,上架,,209.0,0.0,0,6,2026-07-23 00:00:00,,0,swd,0,0,0,0,婚纱 BRIDE,True,114,False,,F,,F
2026-08-01--2026-08-31,,SWD13276,BRIDE,2026-05-08 10:35:09,上架,,179.0,0.0,0,0,,,0,swd,0,0,0,0,婚纱 BRIDE,True,114,False,,F,,F
2026-08-01--2026-08-31,,SWD12879,BRIDE,2025-11-14 15:54:49,下架,2026-06-04 17:13:52,159.0,0.0,0,0,,,0,swd,0,0,0,0,婚纱 BRIDE,False,289,False,,F,,F
2026-08-01--2026-08-31,,SWD12652,BRIDE,2024-12-16 09:25:49,下架,2026-07-10 11:21:23,179.0,0.0,0,1,2026-03-12 14:37:52,,0,swd,0,0,0,0,婚纱 BRIDE,False,622,False,,F,,F
2026-08-01--2026-08-31,,SWD12651,BRIDE,2024-12-16 09:25:38,下架,2026-08-26 12:07:51,359.0,0.0,0,16,2026-05-26 00:00:00,2026-05-26,2,swd,0,0,0,0,婚纱 BRIDE,False,622,False,,F,,F
2026-08-01--2026-08-31,,SWD12881,BRIDE,2025-11-17 14:54:30,上架,,164.0,0.0,0,0,,,0,swd,0,0,0,0,婚纱 BRIDE,True,286,False,,F,,F
2026-08-01--2026-08-31,,SWD12649,BRIDE,2024-12-16 09:25:15,下架,2026-06-04 17:13:56,199.0,0.0,0,0,,,0,swd,0,0,0,0,婚纱 BRIDE,False,622,False,,F,,F
2026-08-01--2026-08-31,,SWD12647,BRIDE,2024-12-16 09:24:52,下架,2026-07-10 11:21:23,399.0,0.0,0,0,,,0,swd,0,0,0,0,婚纱 BRIDE,False,622,False,,F,,F
2026-08-01--2026-08-31,,SWD13279,BRIDE,2026-04-30 16:15:22,上架,,399.0,0.0,0,0,,,0,swd,0,0,0,0,婚纱 BRIDE,True,122,False,,F,,F
2026-08-01--2026-08-31,,SWD12645,BRIDE,2024-12-16 09:56:03,下架,2026-07-10 11:21:23,259.0,0.0,0,0,,,0,swd,0,0,0,0,婚纱 BRIDE,False,622,False,,F,,F
2026-08-01--2026-08-31,,SWD12644,BRIDE,2024-12-05 15:28:49,下架,2026-07-10 11:18:07,179.0,0.0,0,1,2025-06-08 11:36:57,2025-06-08,1,swd,0,0,0,0,婚纱 BRIDE,False,633,False,,F,,F
2026-08-01--2026-08-31,,SWD13280,BRIDE,2026-04-30 16:20:25,上架,,199.0,0.0,0,8,2026-04-17 00:00:00,,0,swd,0,0,0,0,婚纱 BRIDE,True,122,False,,F,,F
2026-08-01--2026-08-31,,SWD12643,BRIDE,2024-12-05 15:28:37,下架,2026-06-04 17:13:56,169.0,0.0,0,5,2026-04-27 16:00:00,,0,swd,0,0,0,0,婚纱 BRIDE,False,633,False,,F,,F
2026-08-01--2026-08-31,,SWD12641,BRIDE,2024-12-05 15:28:12,上架,,179.0,0.0,0,1,2026-05-25 08:39:52,,0,swd,0,0,0,0,婚纱 BRIDE,True,633,False,,F,,F
2026-08-01--2026-08-31,,SWD13272,BRIDE,2026-04-29 15:06:23,下架,2026-05-06 09:37:30,405.0,0.0,0,8,2026-05-03 00:00:00,,0,swd,0,0,0,0,婚纱 BRIDE,False,123,False,,F,,F
2026-08-01--2026-08-31,,SWD12797,BRIDE,2025-10-31 10:51:48,下架,2026-04-16 11:30:49,643.0,0.0,0,0,,,0,swd,0,0,0,0,婚纱 BRIDE,False,303,False,,F,,F
2026-08-01--2026-08-31,,SWD12796,BRIDE,2025-10-29 16:18:50,下架,2026-04-16 14:13:27,159.0,0.0,0,0,,,0,swd,0,0,0,0,婚纱 BRIDE,False,305,False,,F,,F
2026-08-01--2026-08-31,,SWD13205,BRIDE,2026-04-07 14:06:10,上架,,119.0,0.0,0,0,,,0,swd,0,0,0,0,婚纱 BRIDE,True,145,False,,F,,F
2026-08-01--2026-08-31,,SWD13206,BRIDE,2026-04-07 14:06:46,上架,,219.0,0.0,0,0,,,0,swd,0,0,0,0,婚纱 BRIDE,True,145,False,,F,,F
2026-08-01--2026-08-31,,SWD12794,BRIDE,2025-10-28 10:15:49,上架,,165.0,0.0,0,0,,,0,swd,0,0,0,0,婚纱 BRIDE,True,306,False,,F,,F
2026-08-01--2026-08-31,,SWD12793,BRIDE,2025-11-17 15:08:25,上架,,169.0,0.0,0,0,,,0,swd,0,0,0,0,婚纱 BRIDE,True,286,False,,F,,F
2026-08-01--2026-08-31,,SWD13207,BRIDE,2026-03-19 12:06:37,上架,,219.0,0.0,0,4,2026-04-18 00:00:00,,0,swd,0,0,0,0,婚纱 BRIDE,True,164,False,,F,,F
2026-08-01--2026-08-31,,SWD12841,BRIDE,2025-11-13 16:18:25,下架,2026-06-04 17:13:53,149.0,0.0,0,0,,,0,swd,0,0,0,0,婚纱 BRIDE,False,290,False,,F,,F
2026-08-01--2026-08-31,,SWD12842,BRIDE,2025-11-13 16:19:07,下架,2026-06-04 17:13:53,149.0,0.0,0,0,,,0,swd,0,0,0,0,婚纱 BRIDE,False,290,False,,F,,F
2026-08-01--2026-08-31,,SWD13209,BRIDE,2026-04-07 14:04:31,上架,,179.0,0.0,0,8,2026-06-14 16:00:00,,0,swd,0,0,0,0,婚纱 BRIDE,True,145,False,,F,,F
2026-08-01--2026-08-31,,SWD12791,BRIDE,2025-10-23 18:52:52,下架,2026-06-04 17:13:54,149.0,0.0,0,0,,,0,swd,0,0,0,0,婚纱 BRIDE,False,311,False,,F,,F
2026-08-01--2026-08-31,,SWD12790,BRIDE,2025-10-22 18:14:09,上架,,179.0,0.0,0,9,2026-07-16 00:00:00,,0,swd,0,0,0,0,婚纱 BRIDE,True,312,False,,F,,F
2026-08-01--2026-08-31,,SWD13181,BRIDE,2026-03-13 09:51:23,上架,,399.0,0.0,0,0,,,0,swd,0,0,0,0,婚纱 BRIDE,True,170,False,,F,,F
2026-08-01--2026-08-31,,SWD12789,BRIDE,2025-10-21 11:58:57,下架,2026-03-23 09:32:27,643.0,0.0,0,0,,,0,swd,0,0,0,0,婚纱 BRIDE,False,313,False,,F,,F
2026-08-01--2026-08-31,,SWD12718,BRIDE,2025-08-06 16:27:13,下架,2026-04-16 14:13:31,168.0,0.0,0,0,,,0,swd,0,0,0,0,婚纱 BRIDE,False,389,False,,F,,F
2026-08-01--2026-08-31,,SWD12787,BRIDE,2025-10-20 10:48:13,下架,2026-04-16 14:13:27,213.0,0.0,0,0,,,0,swd,0,0,0,0,婚纱 BRIDE,False,314,False,,F,,F
2026-08-01--2026-08-31,,SWD12786,BRIDE,2025-10-17 16:02:03,下架,2026-04-16 14:13:28,418.0,0.0,0,0,,,0,swd,0,0,0,0,婚纱 BRIDE,False,317,False,,F,,F
2026-08-01--2026-08-31,,SWD12785,BRIDE,2025-10-16 09:44:51,下架,2026-04-16 11:30:49,1850.0,0.0,0,0,,,0,swd,0,0,0,0,婚纱 BRIDE,False,318,False,,F,,F
2026-08-01--2026-08-31,,SWD12844,BRIDE,2025-11-13 16:18:53,下架,2026-08-26 12:07:51,139.0,0.0,0,0,,,0,swd,0,0,0,0,婚纱 BRIDE,False,290,False,,F,,F
2026-08-01--2026-08-31,,SWD12783,BRIDE,2025-10-14 15:25:54,下架,2026-04-16 14:13:28,218.0,0.0,0,0,,,0,swd,0,0,0,0,婚纱 BRIDE,False,320,False,,F,,F
2026-08-01--2026-08-31,,SWD12782,BRIDE,2025-10-14 15:56:43,下架,2026-06-17 11:40:22,1396.0,0.0,0,0,,,0,swd,0,0,0,0,婚纱 BRIDE,False,320,False,,F,,F
2026-08-01--2026-08-31,,SWD12781,BRIDE,2025-10-09 17:06:03,下架,2026-08-26 12:07:51,225.0,0.0,0,1,2026-01-26 16:00:00,,0,swd,0,0,0,0,婚纱 BRIDE,False,325,False,,F,,F
2026-08-01--2026-08-31,,SWD12780,BRIDE,2025-10-08 14:30:57,下架,2025-10-30 16:25:55,710.0,0.0,0,0,,,0,swd,0,0,0,0,婚纱 BRIDE,False,326,False,,F,,F
2026-08-01--2026-08-31,,SWD13212,BRIDE,2026-03-24 09:33:21,下架,2026-03-26 09:51:16,548.0,0.0,0,0,,,0,swd,0,0,0,0,婚纱 BRIDE,False,159,False,,F,,F
2026-08-01--2026-08-31,,SWD12778,BRIDE,2025-10-08 10:56:01,下架,2026-04-16 14:13:28,341.0,0.0,0,0,,,0,swd,0,0,0,0,婚纱 BRIDE,False,326,False,,F,,F
2026-08-01--2026-08-31,,SWD12777,BRIDE,2025-09-30 12:01:54,下架,2026-04-16 14:13:28,1095.0,0.0,0,0,,,0,swd,0,0,0,0,婚纱 BRIDE,False,334,False,,F,,F
2026-08-01--2026-08-31,,SWD12776,BRIDE,2025-09-29 12:21:52,下架,2025-11-04 14:59:04,258.0,0.0,0,0,,,0,swd,0,0,0,0,婚纱 BRIDE,False,335,False,,F,,F
2026-08-01--2026-08-31,,SWD12775,BRIDE,2025-09-27 11:26:43,下架,2025-11-08 16:58:02,323.0,0.0,0,0,,,0,swd,0,0,0,0,婚纱 BRIDE,False,337,False,,F,,F
2026-08-01--2026-08-31,,SWD13213,BRIDE,2026-04-07 14:04:46,上架,,199.0,0.0,0,0,,,0,swd,0,0,0,0,婚纱 BRIDE,True,145,False,,F,,F
2026-08-01--2026-08-31,,SWD13180,BRIDE,2026-04-07 14:02:46,上架,,259.0,0.0,0,0,,,0,swd,0,0,0,0,婚纱 BRIDE,True,145,False,,F,,F
2026-08-01--2026-08-31,,SWD12788,BRIDE,2025-10-21 10:44:18,下架,2026-04-16 11:30:49,505.0,0.0,0,0,,,0,swd,0,0,0,0,婚纱 BRIDE,False,313,False,,F,,F
2026-08-01--2026-08-31,,SWD12829,BRIDE,2025-11-13 16:15:51,下架,2026-06-04 17:13:53,139.0,0.0,0,0,,,0,swd,0,0,0,0,婚纱 BRIDE,False,290,False,,F,,F
2026-08-01--2026-08-31,,SWD12827,BRIDE,2025-11-13 16:16:19,上架,,189.0,0.0,0,0,,,0,swd,0,0,0,0,婚纱 BRIDE,True,290,False,,F,,F
2026-08-01--2026-08-31,,SWD12826,BRIDE,2025-11-13 16:15:23,下架,2026-06-04 17:13:53,99.0,0.0,0,0,,,0,swd,0,0,0,0,婚纱 BRIDE,False,290,False,,F,,F
2026-08-01--2026-08-31,,SWD13189,BRIDE,2026-04-07 14:05:34,上架,,129.0,0.0,0,8,2026-07-07 00:00:00,,0,swd,0,0,0,0,婚纱 BRIDE,True,145,False,,F,,F
2026-08-01--2026-08-31,,SWD12821,BRIDE,2025-11-04 11:16:31,下架,2026-04-16 14:13:27,299.0,0.0,0,9,2025-12-14 00:00:00,,0,swd,0,0,0,0,婚纱 BRIDE,False,299,False,,F,,F
2026-08-01--2026-08-31,,SWD12831,BRIDE,2025-11-13 16:17:29,上架,,189.0,0.0,0,0,,,0,swd,0,0,0,0,婚纱 BRIDE,True,290,False,,F,,F
2026-08-01--2026-08-31,,SWD13185,BRIDE,2026-04-07 14:15:09,上架,,152.0,0.0,0,7,2026-04-30 00:00:00,,0,swd,0,0,0,0,婚纱 BRIDE,True,145,False,,F,,F
2026-08-01--2026-08-31,,SWD12817,BRIDE,2025-11-04 16:03:58,上架,,499.0,0.0,0,8,2025-11-19 10:21:59,,0,swd,0,0,0,0,婚纱 BRIDE,True,299,False,,F,,F
2026-08-01--2026-08-31,,SWD12816,BRIDE,2025-11-04 16:03:15,上架,,269.0,0.0,0,3,2026-04-24 00:00:00,,0,swd,0,0,0,0,婚纱 BRIDE,True,299,False,,F,,F
2026-08-01--2026-08-31,,SWD13192,BRIDE,2026-03-16 14:36:20,下架,2026-04-08 18:32:13,129.0,0.0,0,0,,,0,swd,0,0,0,0,婚纱 BRIDE,False,167,False,,F,,F
2026-08-01--2026-08-31,,SWD12833,BRIDE,2025-11-13 16:16:33,上架,,189.0,0.0,0,1,2026-06-16 00:00:00,2026-06-16,4,swd,0,0,0,0,婚纱 BRIDE,True,290,False,,F,,F
2026-08-01--2026-08-31,,SWD12814,BRIDE,2025-11-04 16:03:00,上架,,219.0,0.0,0,0,,,0,swd,0,0,0,0,婚纱 BRIDE,True,299,False,,F,,F
2026-08-01--2026-08-31,,SWD12813,BRIDE,2025-11-04 16:03:29,上架,,315.0,0.0,0,0,,,0,swd,0,0,0,0,婚纱 BRIDE,True,299,False,,F,,F
2026-08-01--2026-08-31,,SWD12834,BRIDE,2025-11-13 16:18:11,下架,2026-07-10 11:21:23,159.0,0.0,0,4,2026-06-18 16:00:00,,0,swd,0,0,0,0,婚纱 BRIDE,False,290,False,,F,,F
2026-08-01--2026-08-31,,SWD12810,BRIDE,2025-11-04 16:03:44,下架,2026-07-10 11:18:06,219.0,0.0,0,2,2026-01-19 09:55:25,,0,swd,0,0,0,0,婚纱 BRIDE,False,299,False,,F,,F
2026-08-01--2026-08-31,,SWD13204,BRIDE,2026-04-07 14:04:16,上架,,129.0,0.0,0,6,2026-05-13 00:00:00,,0,swd,0,0,0,0,婚纱 BRIDE,True,145,False,,F,,F
2026-08-01--2026-08-31,,SWD12808,BRIDE,2025-11-04 16:01:32,上架,,129.0,0.0,0,0,,,0,swd,0,0,0,0,婚纱 BRIDE,True,299,False,,F,,F
2026-08-01--2026-08-31,,SWD13195,BRIDE,2026-03-17 14:25:57,下架,2026-04-14 09:59:21,280.0,0.0,0,0,,,0,swd,0,0,0,0,婚纱 BRIDE,False,166,False,,F,,F
2026-08-01--2026-08-31,,SWD13196,BRIDE,2026-03-18 09:52:45,下架,2026-04-16 18:33:31,302.0,0.0,0,0,,,0,swd,0,0,0,0,婚纱 BRIDE,False,165,False,,F,,F
2026-08-01--2026-08-31,,SWD12807,BRIDE,2025-11-04 16:02:02,上架,,139.0,0.0,0,0,,,0,swd,0,0,0,0,婚纱 BRIDE,True,299,False,,F,,F
2026-08-01--2026-08-31,,SWD12806,BRIDE,2025-11-04 16:02:31,上架,,149.0,0.0,0,0,,,0,swd,0,0,0,0,婚纱 BRIDE,True,299,False,,F,,F
2026-08-01--2026-08-31,,SWD12836,BRIDE,2025-11-13 16:18:39,上架,,239.0,0.0,0,4,2026-03-02 00:00:00,,0,swd,0,0,0,0,婚纱 BRIDE,True,290,False,,F,,F
2026-08-01--2026-08-31,,SWD13182,BRIDE,2026-04-07 14:02:59,上架,,249.0,0.0,0,6,2026-05-15 00:00:00,,0,swd,0,0,0,0,婚纱 BRIDE,True,145,False,,F,,F
2026-08-01--2026-08-31,,SWD13201,BRIDE,2026-04-07 14:06:22,上架,,169.0,0.0,0,0,,,0,swd,0,0,0,0,婚纱 BRIDE,True,145,False,,F,,F
2026-08-01--2026-08-31,,SWD12804,BRIDE,2025-11-04 16:01:03,下架,2026-08-26 12:07:51,129.0,0.0,0,1,2026-02-12 00:00:00,,0,swd,0,0,0,0,婚纱 BRIDE,False,299,False,,F,,F
2026-08-01--2026-08-31,,SWD12803,BRIDE,2025-11-01 12:13:59,下架,2025-11-03 11:33:12,209.0,0.0,0,0,,,0,swd,0,0,0,0,婚纱 BRIDE,False,302,False,,F,,F
2026-08-01--2026-08-31,,SWD13202,BRIDE,2026-03-18 15:30:09,上架,,303.0,0.0,0,0,,,0,swd,0,0,0,0,婚纱 BRIDE,True,165,False,,F,,F
2026-08-01--2026-08-31,,SWD12800,BRIDE,2025-11-04 16:00:33,下架,2026-07-10 11:18:06,209.0,0.0,0,0,,,0,swd,0,0,0,0,婚纱 BRIDE,False,299,False,,F,,F
2026-08-01--2026-08-31,,SWD12839,BRIDE,2025-11-13 16:19:50,下架,2026-06-04 17:13:53,149.0,0.0,0,0,,,0,swd,0,0,0,0,婚纱 BRIDE,False,290,False,,F,,F
2026-08-01--2026-08-31,,SWD12798,BRIDE,2025-10-31 11:44:12,下架,2026-06-04 17:13:54,161.0,0.0,0,0,,,0,swd,0,0,0,0,婚纱 BRIDE,False,303,False,,F,,F
2026-08-01--2026-08-31,,SWD12840,BRIDE,2025-11-08 10:47:14,下架,2026-04-16 14:13:27,190.0,0.0,0,0,,,0,swd,0,0,0,0,婚纱 BRIDE,False,295,False,,F,,F
2026-08-01--2026-08-31,,SWD13194,BRIDE,2026-03-17 11:48:00,上架,,203.0,0.0,0,6,2026-08-01 00:00:00,,0,swd,0,0,0,0,婚纱 BRIDE,True,166,False,,F,,F
2026-08-01--2026-08-31,,SWD12741,BRIDE,2025-09-03 18:04:25,下架,2026-07-10 11:18:06,315.0,0.0,0,0,,,0,swd,0,0,0,0,婚纱 BRIDE,False,361,False,,F,,F
2026-08-01--2026-08-31,,SWD13223,BRIDE,2026-03-30 12:19:57,上架,,259.0,0.0,0,6,2026-04-23 00:00:00,,0,swd,0,0,0,0,婚纱 BRIDE,True,153,False,,F,,F
2026-08-01--2026-08-31,,SWD12851,BRIDE,2025-11-13 16:19:36,下架,2026-07-10 11:18:06,159.0,0.0,0,0,,,0,swd,0,0,0,0,婚纱 BRIDE,False,290,False,,F,,F
2026-08-01--2026-08-31,,SWD12739,BRIDE,2025-09-02 14:45:58,下架,2025-12-24 21:25:57,189.0,0.0,0,6,2025-12-19 00:00:00,,0,swd,0,0,0,0,婚纱 BRIDE,False,362,False,,F,,F
2026-08-01--2026-08-31,,SWD12738,BRIDE,2025-08-29 17:54:33,下架,2026-04-16 11:30:50,303.0,0.0,0,0,,,0,swd,0,0,0,0,婚纱 BRIDE,False,366,False,,F,,F
2026-08-01--2026-08-31,,SWD13224,BRIDE,2026-03-30 16:13:29,上架,,229.0,0.0,0,3,2026-04-20 00:00:00,,0,swd,0,0,0,0,婚纱 BRIDE,True,153,False,,F,,F
2026-08-01--2026-08-31,,SWD12737,BRIDE,2025-08-29 17:06:00,上架,,165.0,0.0,0,5,2026-07-17 16:00:00,,0,swd,0,0,0,0,婚纱 BRIDE,True,366,False,,F,,F
2026-08-01--2026-08-31,,SWD12736,BRIDE,2025-08-25 16:37:34,下架,2026-06-03 19:55:02,238.0,0.0,0,0,,,0,swd,0,0,0,0,婚纱 BRIDE,False,370,False,,F,,F
2026-08-01--2026-08-31,,SWD12735,BRIDE,2025-08-25 14:48:14,下架,2026-04-16 12:04:39,251.0,0.0,0,0,,,0,swd,0,0,0,0,婚纱 BRIDE,False,370,False,,F,,F
2026-08-01--2026-08-31,,SWD12733,BRIDE,2025-08-25 10:45:44,下架,2026-08-26 12:07:51,399.0,0.0,0,9,2026-04-23 00:00:00,,0,swd,0,0,0,0,婚纱 BRIDE,False,370,False,,F,,F
2026-08-01--2026-08-31,,SWD12732,BRIDE,2025-08-25 10:19:06,下架,2025-08-25 12:24:48,198.0,0.0,0,0,,,0,swd,0,0,0,0,婚纱 BRIDE,False,370,False,,F,,F
2026-08-01--2026-08-31,,SWD13225,BRIDE,2026-03-31 10:54:46,下架,2026-04-23 11:24:24,483.0,0.0,0,0,,,0,swd,0,0,0,0,婚纱 BRIDE,False,152,False,,F,,F
2026-08-01--2026-08-31,,SWD12731,BRIDE,2025-08-21 16:53:58,下架,2026-07-10 11:21:23,589.0,0.0,0,0,,,0,swd,0,0,0,0,婚纱 BRIDE,False,374,False,,F,,F
2026-08-01--2026-08-31,,SWD12730,BRIDE,2025-08-20 16:42:30,下架,2026-04-16 12:04:39,283.0,0.0,0,0,,,0,swd,0,0,0,0,婚纱 BRIDE,False,375,False,,F,,F
2026-08-01--2026-08-31,,SWD13179,BRIDE,2026-03-12 18:43:56,下架,2026-03-30 12:17:19,400.0,0.0,0,0,,,0,swd,0,0,0,0,婚纱 BRIDE,False,171,False,,F,,F
2026-08-01--2026-08-31,,SWD13227,BRIDE,2026-04-01 10:39:02,上架,,437.0,0.0,0,0,,,0,swd,0,0,0,0,婚纱 BRIDE,True,151,False,,F,,F
2026-08-01--2026-08-31,,SWD13228,BRIDE,2026-04-02 11:11:38,下架,2026-05-27 18:39:45,189.0,0.0,0,8,2026-05-01 00:00:00,,0,swd,0,0,0,0,婚纱 BRIDE,False,150,False,,F,,F
2026-08-01--2026-08-31,,SWD13231,BRIDE,2026-04-08 14:47:12,下架,2026-05-06 11:37:38,1040.0,0.0,0,0,,,0,swd,0,0,0,0,婚纱 BRIDE,False,144,False,,F,,F
2026-08-01--2026-08-31,,SWD13233,BRIDE,2026-04-09 10:22:56,下架,2026-07-13 18:06:04,225.0,0.0,0,6,2026-04-17 00:00:00,,0,swd,0,0,0,0,婚纱 BRIDE,False,143,False,,F,,F
2026-08-01--2026-08-31,,SWD12725,BRIDE,2025-08-18 11:40:44,上架,,169.0,0.0,0,0,,,0,swd,0,0,0,0,婚纱 BRIDE,True,377,False,,F,,F
2026-08-01--2026-08-31,,SWD12724,BRIDE,2025-08-14 15:37:46,下架,2026-04-16 14:13:31,290.0,0.0,0,0,,,0,swd,0,0,0,0,婚纱 BRIDE,False,381,False,,F,,F
2026-08-01--2026-08-31,,SWD13234,BRIDE,2026-04-09 11:02:59,下架,2026-04-16 09:59:32,370.0,0.0,0,0,,,0,swd,0,0,0,0,婚纱 BRIDE,False,143,False,,F,,F
2026-08-01--2026-08-31,,SWD12723,BRIDE,2025-08-13 09:43:41,下架,2025-09-18 11:59:25,193.0,0.0,0,0,,,0,swd,0,0,0,0,婚纱 BRIDE,False,382,False,,F,,F
2026-08-01--2026-08-31,,SWD13235,BRIDE,2026-04-09 14:47:54,上架,,193.0,0.0,0,0,,,0,swd,0,0,0,0,婚纱 BRIDE,True,143,False,,F,,F
2026-08-01--2026-08-31,,SWD12855,BRIDE,2025-11-17 14:52:11,下架,2026-06-04 17:13:53,149.0,0.0,0,0,,,0,swd,0,0,0,0,婚纱 BRIDE,False,286,False,,F,,F
2026-08-01--2026-08-31,,SWD13240,BRIDE,2026-04-13 12:03:37,下架,2026-08-26 18:07:40,340.0,0.0,0,6,2026-07-11 16:00:00,,0,swd,0,0,0,0,婚纱 BRIDE,False,139,False,,F,,F
2026-08-01--2026-08-31,,SWD12722,BRIDE,2025-08-12 15:43:27,下架,2026-06-04 17:13:54,189.0,0.0,0,0,,,0,swd,0,0,0,0,婚纱 BRIDE,False,383,False,,F,,F
2026-08-01--2026-08-31,,SWD13241,BRIDE,2026-04-14 14:23:16,下架,2026-06-30 17:30:58,258.0,0.0,0,0,,,0,swd,0,0,0,0,婚纱 BRIDE,False,138,False,,F,,F
2026-08-01--2026-08-31,,SWD13242,BRIDE,2026-04-15 11:29:43,下架,2026-05-27 18:20:46,264.0,0.0,0,4,2026-05-01 00:00:00,,0,swd,0,0,0,0,婚纱 BRIDE,False,137,False,,F,,F
2026-08-01--2026-08-31,,SWD12719,BRIDE,2025-08-07 17:00:32,下架,2026-06-04 17:13:54,399.0,0.0,0,0,,,0,swd,0,0,0,0,婚纱 BRIDE,False,388,False,,F,,F
2026-08-01--2026-08-31,,SWD13226,BRIDE,2026-03-31 12:17:41,下架,2026-04-16 15:14:28,490.0,0.0,0,7,2026-04-07 16:00:00,,0,swd,0,0,0,0,婚纱 BRIDE,False,152,False,,F,,F
2026-08-01--2026-08-31,,SWD13178,BRIDE,2026-04-07 14:02:33,上架,,329.0,0.0,0,0,,,0,swd,0,0,0,0,婚纱 BRIDE,True,145,False,,F,,F
2026-08-01--2026-08-31,,SWD13219,BRIDE,2026-03-30 12:14:24,上架,,249.0,0.0,0,8,2026-07-14 00:00:00,,0,swd,0,0,0,0,婚纱 BRIDE,True,153,False,,F,,F
2026-08-01--2026-08-31,,SWD13220,BRIDE,2026-03-30 12:10:58,上架,,289.0,0.0,0,0,,,0,swd,0,0,0,0,婚纱 BRIDE,True,153,False,,F,,F
2026-08-01--2026-08-31,,SWD12770,BRIDE,2025-09-23 11:45:42,下架,2026-04-16 14:13:29,309.0,0.0,0,0,,,0,swd,0,0,0,0,婚纱 BRIDE,False,341,False,,F,,F
2026-08-01--2026-08-31,,SWD12769,BRIDE,2025-09-19 11:24:37,上架,,231.0,0.0,0,27,2026-08-04 00:00:00,2026-01-18,7,swd,0,0,0,0,婚纱 BRIDE,True,345,False,,F,,F
2026-08-01--2026-08-31,,SWD12768,BRIDE,2025-09-19 11:06:50,下架,2026-04-16 14:13:29,309.0,0.0,0,0,,,0,swd,0,0,0,0,婚纱 BRIDE,False,345,False,,F,,F
2026-08-01--2026-08-31,,SWD12849,BRIDE,2025-11-13 16:12:12,上架,,199.0,0.0,0,0,,,0,swd,0,0,0,0,婚纱 BRIDE,True,290,False,,F,,F
2026-08-01--2026-08-31,,SWD12765,BRIDE,2025-09-18 16:18:37,下架,2026-06-17 11:40:27,1186.0,0.0,0,0,,,0,swd,0,0,0,0,婚纱 BRIDE,False,346,False,,F,,F
2026-08-01--2026-08-31,,SWD12764,BRIDE,2025-09-18 16:14:14,下架,2026-06-17 11:40:28,1342.0,0.0,0,0,,,0,swd,0,0,0,0,婚纱 BRIDE,False,346,False,,F,,F
2026-08-01--2026-08-31,,SWD12763,BRIDE,2025-09-18 16:18:21,下架,2026-06-04 17:13:54,1225.0,0.0,0,0,,,0,swd,0,0,0,0,婚纱 BRIDE,False,346,False,,F,,F
2026-08-01--2026-08-31,,SWD12762,BRIDE,2025-09-18 16:18:05,下架,2026-06-17 11:40:28,1099.0,0.0,0,0,,,0,swd,0,0,0,0,婚纱 BRIDE,False,346,False,,F,,F
2026-08-01--2026-08-31,,SWD12761,BRIDE,2025-09-18 16:15:44,下架,2026-06-17 11:40:28,1375.0,0.0,0,0,,,0,swd,0,0,0,0,婚纱 BRIDE,False,346,False,,F,,F
2026-08-01--2026-08-31,,SWD12760,BRIDE,2025-09-18 16:17:49,下架,2026-06-04 17:13:54,1342.0,0.0,0,0,,,0,swd,0,0,0,0,婚纱 BRIDE,False,346,False,,F,,F
2026-08-01--2026-08-31,,SWD12759,BRIDE,2025-09-18 16:17:18,下架,2026-06-17 11:40:28,1385.0,0.0,0,0,,,0,swd,0,0,0,0,婚纱 BRIDE,False,346,False,,F,,F
2026-08-01--2026-08-31,,SWD12758,BRIDE,2025-09-18 16:16:15,下架,2026-06-17 11:40:28,1085.0,0.0,0,0,,,0,swd,0,0,0,0,婚纱 BRIDE,False,346,False,,F,,F
2026-08-01--2026-08-31,,SWD12742,BRIDE,2025-09-04 11:03:47,下架,2026-04-16 11:30:50,187.0,0.0,0,0,,,0,swd,0,0,0,0,婚纱 BRIDE,False,360,False,,F,,F
2026-08-01--2026-08-31,,SWD12756,BRIDE,2025-09-18 16:16:00,下架,2026-06-17 11:40:29,1499.0,0.0,0,0,,,0,swd,0,0,0,0,婚纱 BRIDE,False,346,False,,F,,F
2026-08-01--2026-08-31,,SWD12755,BRIDE,2025-09-16 14:53:58,下架,2026-04-16 14:13:29,244.0,0.0,0,0,,,0,swd,0,0,0,0,婚纱 BRIDE,False,348,False,,F,,F
2026-08-01--2026-08-31,,SWD12754,BRIDE,2025-09-18 16:15:07,下架,2026-06-17 11:40:29,1439.0,0.0,0,0,,,0,swd,0,0,0,0,婚纱 BRIDE,False,346,False,,F,,F
2026-08-01--2026-08-31,,SWD13176,BRIDE,2026-03-11 10:22:26,下架,2026-03-16 09:40:16,215.0,0.0,0,0,,,0,swd,0,0,0,0,婚纱 BRIDE,False,172,False,,F,,F
2026-08-01--2026-08-31,,SWD12752,BRIDE,2025-09-18 16:14:30,下架,2026-06-04 17:13:54,1055.0,0.0,0,0,,,0,swd,0,0,0,0,婚纱 BRIDE,False,346,False,,F,,F
2026-08-01--2026-08-31,,SWD13221,BRIDE,2026-03-28 14:39:29,上架,,439.0,0.0,0,4,2026-04-21 00:00:00,,0,swd,0,0,0,0,婚纱 BRIDE,True,155,False,,F,,F
2026-08-01--2026-08-31,,SWD12750,BRIDE,2025-09-10 16:37:44,上架,,168.0,0.0,0,6,2026-07-30 16:00:00,,0,swd,0,0,0,0,婚纱 BRIDE,True,354,False,,F,,F
2026-08-01--2026-08-31,,SWD12749,BRIDE,2025-09-10 10:12:38,下架,2026-06-04 17:13:54,659.0,0.0,0,3,2026-04-24 00:00:00,,0,swd,0,0,0,0,婚纱 BRIDE,False,354,False,,F,,F
2026-08-01--2026-08-31,,SWD12748,BRIDE,2025-09-08 15:25:34,下架,2026-04-16 14:13:30,318.0,0.0,0,0,,,0,swd,0,0,0,0,婚纱 BRIDE,False,356,False,,F,,F
2026-08-01--2026-08-31,,SWD12747,BRIDE,2025-09-08 15:05:16,下架,2026-04-16 11:30:50,675.0,0.0,0,0,,,0,swd,0,0,0,0,婚纱 BRIDE,False,356,False,,F,,F
2026-08-01--2026-08-31,,SWD12746,BRIDE,2025-09-08 14:30:08,下架,2026-04-16 14:13:30,289.0,0.0,0,0,,,0,swd,0,0,0,0,婚纱 BRIDE,False,356,False,,F,,F
2026-08-01--2026-08-31,,SWD12745,BRIDE,2025-09-08 11:52:09,上架,,251.0,0.0,0,8,2026-07-26 16:00:00,,0,swd,0,0,0,0,婚纱 BRIDE,True,356,False,,F,,F
2026-08-01--2026-08-31,,SWD12744,BRIDE,2025-09-08 11:13:12,上架,,245.0,0.0,0,7,2026-06-28 16:00:00,,0,swd,0,0,0,0,婚纱 BRIDE,True,356,False,,F,,F
2026-08-01--2026-08-31,,SWD13222,BRIDE,2026-03-28 17:11:01,上架,,300.0,0.0,0,0,,,0,swd,0,0,0,0,婚纱 BRIDE,True,155,False,,F,,F
2026-08-01--2026-08-31,,SWD12743,BRIDE,2025-09-04 11:24:52,下架,2026-04-16 14:13:30,804.0,0.0,0,0,,,0,swd,0,0,0,0,婚纱 BRIDE,False,360,False,,F,,F
2026-08-01--2026-08-31,,SWD12757,BRIDE,2025-09-16 17:08:47,上架,,219.0,0.0,0,7,2026-04-24 00:00:00,,0,swd,0,0,0,0,婚纱 BRIDE,True,348,False,,F,,F
2026-08-01--2026-08-31,,SWD12486,BRIDE,2024-09-12 10:39:32,下架,2026-06-04 17:13:59,169.0,0.0,0,0,,,0,swd,0,0,0,0,婚纱 BRIDE,False,717,False,,F,,F
2026-08-01--2026-08-31,,SWD12923,BRIDE,2025-12-04 14:13:03,下架,2026-07-10 11:21:23,149.0,0.0,0,0,,,0,swd,0,0,0,0,婚纱 BRIDE,False,269,False,,F,,F
2026-08-01--2026-08-31,,SWD12484,BRIDE,2024-09-12 10:19:41,下架,2026-07-10 11:18:08,179.0,0.0,0,0,,,0,swd,0,0,0,0,婚纱 BRIDE,False,717,False,,F,,F
2026-08-01--2026-08-31,,SWD12925,BRIDE,2025-12-04 15:28:09,下架,2026-07-10 11:18:06,239.0,0.0,0,0,,,0,swd,0,0,0,0,婚纱 BRIDE,False,269,False,,F,,F
2026-08-01--2026-08-31,,SWD12482,BRIDE,2024-09-12 10:18:34,上架,,179.0,0.0,0,7,2026-07-24 21:01:59,,0,swd,0,0,0,0,婚纱 BRIDE,True,717,False,,F,,F
2026-08-01--2026-08-31,,SWD12481,BRIDE,2024-09-12 10:20:03,下架,2026-06-04 17:13:59,179.0,0.0,0,0,,,0,swd,0,0,0,0,婚纱 BRIDE,False,717,False,,F,,F
2026-08-01--2026-08-31,,SWD12480,BRIDE,2024-09-12 10:18:45,下架,2026-06-04 17:13:59,179.0,0.0,0,0,,,0,swd,0,0,0,0,婚纱 BRIDE,False,717,False,,F,,F
2026-08-01--2026-08-31,,SWD12479,BRIDE,2024-11-26 18:29:25,下架,2026-06-04 17:13:59,219.0,0.0,0,1,2025-10-02 00:00:00,2025-10-02,1,swd,0,0,0,0,婚纱 BRIDE,False,642,False,,F,,F
2026-08-01--2026-08-31,,SWD12478,BRIDE,2024-09-12 10:19:32,下架,2026-08-26 12:07:52,219.0,0.0,0,1,2025-04-27 00:00:00,2025-04-27,2,swd,0,0,0,0,婚纱 BRIDE,False,717,False,,F,,F
2026-08-01--2026-08-31,,SWD12477,BRIDE,2024-09-12 10:18:56,上架,,179.0,0.0,0,7,2026-07-29 16:00:00,,0,swd,0,0,0,0,婚纱 BRIDE,True,717,False,,F,,F
2026-08-01--2026-08-31,,SWD13351,BRIDE,2026-06-04 18:17:01,上架,,139.0,0.0,0,0,,,0,swd,0,0,0,0,婚纱 BRIDE,True,87,True,61-90天,F,,F
2026-08-01--2026-08-31,,SWD12475,BRIDE,2024-07-10 17:42:30,下架,2024-07-10 17:42:32,179.0,0.0,0,0,,,0,swd,0,0,0,0,婚纱 BRIDE,False,781,False,,F,,F
2026-08-01--2026-08-31,,SWD12474,BRIDE,2024-09-11 17:44:50,下架,2026-08-05 12:06:02,179.0,0.0,0,0,,,0,swd,0,0,0,0,婚纱 BRIDE,False,718,False,,F,,F
2026-08-01--2026-08-31,,SWD12926,BRIDE,2025-12-04 15:00:35,下架,2026-06-04 17:13:52,169.0,0.0,0,0,,,0,swd,0,0,0,0,婚纱 BRIDE,False,269,False,,F,,F
2026-08-01--2026-08-31,,SWD12613,BRIDE,2024-12-05 15:22:17,下架,2026-07-10 11:18:07,169.0,0.0,0,0,,,0,swd,0,0,0,0,婚纱 BRIDE,False,633,False,,F,,F
2026-08-01--2026-08-31,,SWD13133,BRIDE,2026-03-02 10:15:12,上架,,155.0,0.0,0,0,,,0,swd,0,0,0,0,婚纱 BRIDE,True,181,False,,F,,F
2026-08-01--2026-08-31,,SWD12472,BRIDE,2024-09-11 17:46:08,上架,,179.0,0.0,0,1,2025-02-25 00:00:00,2025-02-25,2,swd,0,0,0,0,婚纱 BRIDE,True,718,False,,F,,F
2026-08-01--2026-08-31,,SWD12471,BRIDE,2024-09-11 17:46:19,下架,2026-08-26 12:07:52,179.0,0.0,0,0,,,0,swd,0,0,0,0,婚纱 BRIDE,False,718,False,,F,,F
2026-08-01--2026-08-31,,SWD12470,BRIDE,2024-09-24 19:12:23,下架,2026-07-10 11:21:24,179.0,0.0,0,0,,,0,swd,0,0,0,0,婚纱 BRIDE,False,705,False,,F,,F
2026-08-01--2026-08-31,,SWD12469,BRIDE,2024-09-11 17:45:14,下架,2026-08-05 12:06:02,179.0,0.0,0,0,,,0,swd,0,0,0,0,婚纱 BRIDE,False,718,False,,F,,F
2026-08-01--2026-08-31,,SWD12467,BRIDE,2024-09-11 17:45:35,下架,2026-07-10 11:21:24,179.0,0.0,0,0,,,0,swd,0,0,0,0,婚纱 BRIDE,False,718,False,,F,,F
2026-08-01--2026-08-31,,SWD12466,BRIDE,2024-09-11 17:46:39,下架,2026-07-10 11:21:24,179.0,0.0,0,0,,,0,swd,0,0,0,0,婚纱 BRIDE,False,718,False,,F,,F
2026-08-01--2026-08-31,,SWD12465,BRIDE,2024-09-24 19:13:47,下架,2026-06-04 17:14:00,189.0,0.0,0,0,,,0,swd,0,0,0,0,婚纱 BRIDE,False,705,False,,F,,F
2026-08-01--2026-08-31,,SWD12464,BRIDE,2024-09-24 19:12:51,下架,2026-07-10 11:21:24,179.0,0.0,0,0,,,0,swd,0,0,0,0,婚纱 BRIDE,False,705,False,,F,,F
2026-08-01--2026-08-31,,SWD12463,BRIDE,2024-10-14 10:08:36,上架,,179.0,0.0,0,9,2026-07-12 16:00:00,,0,swd,0,0,0,0,婚纱 BRIDE,True,685,False,,F,,F
2026-08-01--2026-08-31,,SWD12462,BRIDE,2024-09-11 18:09:17,下架,2026-06-04 17:14:00,239.0,0.0,0,2,2025-12-30 21:09:12,,0,swd,0,0,0,0,婚纱 BRIDE,False,718,False,,F,,F
2026-08-01--2026-08-31,,SWD12461,BRIDE,2024-09-11 18:09:26,下架,2026-07-10 11:18:08,189.0,0.0,0,0,,,0,swd,0,0,0,0,婚纱 BRIDE,False,718,False,,F,,F
2026-08-01--2026-08-31,,SWD12928,BRIDE,2025-12-04 15:00:03,下架,2026-07-10 11:21:23,399.0,0.0,0,0,,,0,swd,0,0,0,0,婚纱 BRIDE,False,269,False,,F,,F
2026-08-01--2026-08-31,,SWD12460,BRIDE,2024-09-11 18:09:35,下架,2026-07-10 11:18:08,219.0,0.0,0,0,,,0,swd,0,0,0,0,婚纱 BRIDE,False,718,False,,F,,F
2026-08-01--2026-08-31,,SWD12929,BRIDE,2025-12-04 15:32:35,下架,2025-12-04 15:56:42,643.0,0.0,0,0,,,0,swd,0,0,0,0,婚纱 BRIDE,False,269,False,,F,,F
2026-08-01--2026-08-31,,SWD12927,BRIDE,2025-12-04 14:53:09,上架,,209.0,0.0,0,0,,,0,swd,0,0,0,0,婚纱 BRIDE,True,269,False,,F,,F
2026-08-01--2026-08-31,,SWD12512,BRIDE,2024-09-12 10:34:39,下架,2026-07-10 11:18:08,219.0,0.0,0,0,,,0,swd,0,0,0,0,婚纱 BRIDE,False,717,False,,F,,F
2026-08-01--2026-08-31,,SWD12511,BRIDE,2024-09-12 10:36:19,下架,2026-07-10 11:21:24,219.0,0.0,0,0,,,0,swd,0,0,0,0,婚纱 BRIDE,False,717,False,,F,,F
2026-08-01--2026-08-31,,SWD12510,BRIDE,2024-10-14 10:08:16,下架,2026-07-10 11:18:08,169.0,0.0,0,0,,,0,swd,0,0,0,0,婚纱 BRIDE,False,685,False,,F,,F
2026-08-01--2026-08-31,,SWD13332,BRIDE,2026-05-27 10:20:12,下架,2026-07-21 11:28:34,450.0,0.0,0,0,,,0,swd,0,0,0,0,婚纱 BRIDE,False,95,False,,F,,F
2026-08-01--2026-08-31,,SWD12921,BRIDE,2025-12-04 14:59:48,下架,2026-06-04 17:13:52,189.0,0.0,0,0,,,0,swd,0,0,0,0,婚纱 BRIDE,False,269,False,,F,,F
2026-08-01--2026-08-31,,SWD13333,BRIDE,2026-05-27 11:37:07,下架,2026-06-01 11:22:24,415.0,0.0,0,0,,,0,swd,0,0,0,0,婚纱 BRIDE,False,95,False,,F,,F
2026-08-01--2026-08-31,,SWD12508,BRIDE,2024-09-12 10:37:10,下架,2026-06-04 17:13:59,199.0,0.0,0,0,,,0,swd,0,0,0,0,婚纱 BRIDE,False,717,False,,F,,F
2026-08-01--2026-08-31,,SWD12507,BRIDE,2024-09-12 10:36:32,上架,,229.0,0.0,0,8,2026-07-14 00:00:00,,0,swd,0,0,0,0,婚纱 BRIDE,True,717,False,,F,,F
2026-08-01--2026-08-31,,SWD12506,BRIDE,2024-09-12 10:36:42,下架,2026-07-10 11:18:08,219.0,0.0,0,0,,,0,swd,0,0,0,0,婚纱 BRIDE,False,717,False,,F,,F
2026-08-01--2026-08-31,,SWD13336,BRIDE,2026-06-01 11:48:19,下架,2026-06-02 10:38:55,210.0,0.0,0,0,,,0,swd,0,0,0,0,婚纱 BRIDE,False,90,True,61-90天,F,,F
2026-08-01--2026-08-31,,SWD12504,BRIDE,2024-11-12 11:31:58,下架,2026-07-10 11:18:08,169.0,0.0,0,4,2024-10-30 04:02:37,,0,swd,0,0,0,0,婚纱 BRIDE,False,656,False,,F,,F
2026-08-01--2026-08-31,,SWD13340,BRIDE,2026-06-01 18:26:17,下架,2026-07-21 14:46:15,310.0,0.0,0,0,,,0,swd,0,0,0,0,婚纱 BRIDE,False,90,True,61-90天,F,,F
2026-08-01--2026-08-31,,SWD12503,BRIDE,2024-09-12 10:37:51,下架,2026-08-26 12:07:52,219.0,0.0,0,0,,,0,swd,0,0,0,0,婚纱 BRIDE,False,717,False,,F,,F
2026-08-01--2026-08-31,,SWD12502,BRIDE,2024-09-12 10:38:02,下架,2026-06-04 17:13:59,219.0,0.0,0,0,,,0,swd,0,0,0,0,婚纱 BRIDE,False,717,False,,F,,F
2026-08-01--2026-08-31,,SWD13348,BRIDE,2026-06-04 14:51:31,上架,,380.0,0.0,0,0,,,0,swd,0,0,0,0,婚纱 BRIDE,True,87,True,61-90天,F,,F
2026-08-01--2026-08-31,,SWD13342,BRIDE,2026-06-02 16:09:04,下架,2026-06-09 18:20:04,1000.0,0.0,0,0,,,0,swd,0,0,0,0,婚纱 BRIDE,False,89,True,61-90天,F,,F
2026-08-01--2026-08-31,,SWD12500,BRIDE,2024-09-12 10:38:13,下架,2026-07-10 11:18:08,219.0,0.0,0,0,,,0,swd,0,0,0,0,婚纱 BRIDE,False,717,False,,F,,F
2026-08-01--2026-08-31,,SWD12499,BRIDE,2024-09-12 10:37:21,下架,2026-07-10 11:18:08,179.0,0.0,0,0,,,0,swd,0,0,0,0,婚纱 BRIDE,False,717,False,,F,,F
2026-08-01--2026-08-31,,SWD12498,BRIDE,2024-09-12 10:37:32,下架,2026-07-10 11:21:24,209.0,0.0,0,0,,,0,swd,0,0,0,0,婚纱 BRIDE,False,717,False,,F,,F
2026-08-01--2026-08-31,,SWD13343,BRIDE,2026-06-05 10:46:33,下架,2026-08-14 09:24:43,139.0,0.0,0,6,2026-07-14 16:00:00,,0,swd,0,0,0,0,婚纱 BRIDE,False,86,True,61-90天,F,,F
2026-08-01--2026-08-31,,SWD12497,BRIDE,2024-09-12 10:37:42,下架,2026-07-10 11:18:08,169.0,0.0,0,0,,,0,swd,0,0,0,0,婚纱 BRIDE,False,717,False,,F,,F
2026-08-01--2026-08-31,,SWD12922,BRIDE,2025-12-04 15:00:19,下架,2026-07-10 11:18:06,189.0,0.0,0,0,,,0,swd,0,0,0,0,婚纱 BRIDE,False,269,False,,F,,F
2026-08-01--2026-08-31,,SWD12495,BRIDE,2024-08-28 16:38:49,上架,,349.0,0.0,0,24,2026-07-22 00:00:00,2025-04-23,7,swd,0,0,0,0,婚纱 BRIDE,True,732,False,,F,,F
2026-08-01--2026-08-31,,SWD13344,BRIDE,2026-06-05 10:47:42,上架,,169.0,0.0,0,0,,,0,swd,0,0,0,0,婚纱 BRIDE,True,86,True,61-90天,F,,F
2026-08-01--2026-08-31,,SWD13346,BRIDE,2026-06-03 17:07:02,上架,,380.0,0.0,0,16,2026-07-17 00:00:00,,0,swd,0,0,0,0,婚纱 BRIDE,True,88,True,61-90天,F,,F
2026-08-01--2026-08-31,,SWD12492,BRIDE,2024-09-12 10:38:52,下架,2026-08-26 12:07:52,169.0,0.0,0,4,2026-04-27 00:00:00,,0,swd,0,0,0,0,婚纱 BRIDE,False,717,False,,F,,F
2026-08-01--2026-08-31,,SWD12491,BRIDE,2024-09-12 10:38:23,下架,2026-07-10 11:18:08,189.0,0.0,0,0,,,0,swd,0,0,0,0,婚纱 BRIDE,False,717,False,,F,,F
2026-08-01--2026-08-31,,SWD12490,BRIDE,2024-09-12 10:38:33,上架,,189.0,0.0,0,1,2026-08-07 00:00:00,2026-08-07,4,swd,0,0,0,0,婚纱 BRIDE,True,717,False,,F,,F
2026-08-01--2026-08-31,,SWD12489,BRIDE,2024-09-12 10:39:55,下架,2026-07-10 11:21:24,189.0,0.0,0,0,,,0,swd,0,0,0,0,婚纱 BRIDE,False,717,False,,F,,F
2026-08-01--2026-08-31,,SWD12488,BRIDE,2024-11-18 11:14:54,下架,2026-08-26 12:07:52,179.0,0.0,0,0,,,0,swd,0,0,0,0,婚纱 BRIDE,False,650,False,,F,,F
2026-08-01--2026-08-31,,SWD13341,BRIDE,2026-06-02 11:42:59,上架,,370.0,0.0,0,7,2026-07-04 16:00:00,,0,swd,0,0,0,0,婚纱 BRIDE,True,89,True,61-90天,F,,F
2026-08-01--2026-08-31,,SWD12434,BRIDE,2024-09-11 18:24:12,下架,2026-06-04 17:14:00,169.0,0.0,0,0,,,0,swd,0,0,0,0,婚纱 BRIDE,False,718,False,,F,,F
2026-08-01--2026-08-31,,SWD12940,BRIDE,2025-12-11 18:04:17,下架,2026-07-10 11:21:23,819.0,0.0,0,0,,,0,swd,0,0,0,0,婚纱 BRIDE,False,262,False,,F,,F
2026-08-01--2026-08-31,,SWD13384,BRIDE,2026-06-15 09:56:56,下架,2026-06-23 19:55:33,399.0,0.0,0,0,,,0,swd,0,0,0,0,婚纱 BRIDE,False,76,True,61-90天,F,,F
2026-08-01--2026-08-31,,SWD12941,BRIDE,2025-12-10 12:04:01,下架,2026-04-16 11:30:48,235.0,0.0,0,0,,,0,swd,0,0,0,0,婚纱 BRIDE,False,263,False,,F,,F
2026-08-01--2026-08-31,,SWD13385,BRIDE,2026-06-16 12:07:06,上架,,206.0,0.0,0,0,,,0,swd,0,0,0,0,婚纱 BRIDE,True,75,True,61-90天,F,,F
2026-08-01--2026-08-31,,SWD12943,BRIDE,2025-12-18 09:46:00,下架,2026-07-10 11:21:23,199.0,0.0,0,0,,,0,swd,0,0,0,0,婚纱 BRIDE,False,255,False,,F,,F
2026-08-01--2026-08-31,,SWD12430,BRIDE,2024-09-11 17:32:23,下架,2026-07-10 11:18:09,189.0,0.0,0,0,,,0,swd,0,0,0,0,婚纱 BRIDE,False,718,False,,F,,F
2026-08-01--2026-08-31,,SWD12429,BRIDE,2024-05-27 12:08:58,下架,2024-06-19 09:55:19,139.0,0.0,0,0,,,0,swd,0,0,0,0,婚纱 BRIDE,False,825,False,,F,,F
2026-08-01--2026-08-31,,SWD12428,BRIDE,2024-09-02 17:49:10,下架,2026-08-26 12:07:52,129.0,0.0,0,9,2024-08-29 04:14:19,,0,swd,0,0,0,0,婚纱 BRIDE,False,727,False,,F,,F
2026-08-01--2026-08-31,,SWD13388,BRIDE,2026-06-18 10:44:05,下架,2026-06-25 11:35:09,395.0,0.0,0,0,,,0,swd,0,0,0,0,婚纱 BRIDE,False,73,True,61-90天,F,,F
2026-08-01--2026-08-31,,SWD12427,BRIDE,2024-09-11 19:05:50,下架,2025-08-13 14:45:20,189.0,0.0,0,0,,,0,swd,0,0,0,0,婚纱 BRIDE,False,718,False,,F,,F
2026-08-01--2026-08-31,,SWD12426,BRIDE,2024-09-11 19:04:37,下架,2026-06-04 17:14:01,169.0,0.0,0,0,,,0,swd,0,0,0,0,婚纱 BRIDE,False,718,False,,F,,F
2026-08-01--2026-08-31,,SWD12944,BRIDE,2025-12-18 09:46:56,下架,2026-06-04 17:13:51,189.0,0.0,0,0,,,0,swd,0,0,0,0,婚纱 BRIDE,False,255,False,,F,,F
2026-08-01--2026-08-31,,SWD12425,BRIDE,2024-09-11 19:04:56,下架,2025-08-13 14:45:20,169.0,0.0,0,0,,,0,swd,0,0,0,0,婚纱 BRIDE,False,718,False,,F,,F
2026-08-01--2026-08-31,,SWD12930,BRIDE,2025-12-04 17:11:36,上架,,210.0,0.0,0,6,2026-05-15 00:00:00,,0,swd,0,0,0,0,婚纱 BRIDE,True,269,False,,F,,F
2026-08-01--2026-08-31,,SWD12423,BRIDE,2024-05-17 14:15:34,下架,,189.0,0.0,0,0,,,0,swd,0,0,0,0,婚纱 BRIDE,False,835,False,,F,,F
2026-08-01--2026-08-31,,SWD12422,BRIDE,2024-08-28 16:12:19,下架,2026-06-04 17:14:01,189.0,0.0,0,0,,,0,swd,0,0,0,0,婚纱 BRIDE,False,732,False,,F,,F
2026-08-01--2026-08-31,,SWD12421,BRIDE,2024-09-11 16:11:58,下架,2026-08-26 12:07:52,189.0,0.0,0,0,,,0,swd,0,0,0,0,婚纱 BRIDE,False,718,False,,F,,F
2026-08-01--2026-08-31,,SWD12946,BRIDE,2025-12-18 09:45:32,上架,,229.0,0.0,0,10,2026-07-28 00:00:00,2026-07-28,2,swd,0,0,0,0,婚纱 BRIDE,True,255,False,,F,,F
2026-08-01--2026-08-31,,SWD13127,BRIDE,2026-02-26 18:41:42,下架,2026-04-16 14:13:19,225.0,0.0,0,0,,,0,swd,0,0,0,0,婚纱 BRIDE,False,185,False,,F,,F
2026-08-01--2026-08-31,,SWD12419,BRIDE,2024-09-11 16:12:24,下架,2025-08-13 14:45:20,185.0,0.0,0,0,,,0,swd,0,0,0,0,婚纱 BRIDE,False,718,False,,F,,F
2026-08-01--2026-08-31,,SWD12418,BRIDE,2024-09-11 16:12:32,下架,2025-08-13 14:45:20,179.0,0.0,0,0,,,0,swd,0,0,0,0,婚纱 BRIDE,False,718,False,,F,,F
2026-08-01--2026-08-31,,SWD12417,BRIDE,2024-09-11 16:12:49,上架,,179.0,0.0,0,0,,,0,swd,0,0,0,0,婚纱 BRIDE,True,718,False,,F,,F
2026-08-01--2026-08-31,,SWD12948,BRIDE,2025-12-17 10:57:53,上架,,290.0,0.0,0,0,,,0,swd,0,0,0,0,婚纱 BRIDE,True,256,False,,F,,F
2026-08-01--2026-08-31,,SWD12416,BRIDE,2024-09-11 16:12:58,下架,2025-08-13 14:45:20,185.0,0.0,0,0,,,0,swd,0,0,0,0,婚纱 BRIDE,False,718,False,,F,,F
2026-08-01--2026-08-31,,SWD13126,BRIDE,2026-02-26 17:32:07,上架,,250.0,0.0,0,20,2026-07-20 12:22:57,2026-07-20,11,swd,0,0,0,0,婚纱 BRIDE,True,185,False,,F,,F
2026-08-01--2026-08-31,,SWD12415,BRIDE,2024-08-28 16:12:44,上架,,229.0,0.0,0,16,2026-07-07 16:00:00,,0,swd,0,0,0,0,婚纱 BRIDE,True,732,False,,F,,F
2026-08-01--2026-08-31,,SWD12414,BRIDE,2024-11-05 15:21:26,下架,2026-08-26 12:07:52,169.0,0.0,0,7,2024-12-27 09:53:45,,0,swd,0,0,0,0,婚纱 BRIDE,False,663,False,,F,,F
2026-08-01--2026-08-31,,SWD13393,BRIDE,2026-06-22 15:05:11,上架,,149.0,0.0,0,0,,,0,swd,0,0,0,0,婚纱 BRIDE,True,69,True,61-90天,F,,F
2026-08-01--2026-08-31,,SWD12952,BRIDE,2025-12-24 11:35:30,下架,2026-04-16 11:30:48,578.0,0.0,0,0,,,0,swd,0,0,0,0,婚纱 BRIDE,False,249,False,,F,,F
2026-08-01--2026-08-31,,SWD13128,BRIDE,2026-02-26 18:43:10,下架,2026-03-02 10:54:03,775.0,0.0,0,0,,,0,swd,0,0,0,0,婚纱 BRIDE,False,185,False,,F,,F
2026-08-01--2026-08-31,,SWD12459,BRIDE,2024-09-11 18:08:41,下架,2026-07-10 11:21:24,189.0,0.0,0,0,,,0,swd,0,0,0,0,婚纱 BRIDE,False,718,False,,F,,F
2026-08-01--2026-08-31,,SWD13130,BRIDE,2026-02-28 10:21:38,下架,2026-04-16 14:13:12,248.0,0.0,0,0,,,0,swd,0,0,0,0,婚纱 BRIDE,False,183,False,,F,,F
2026-08-01--2026-08-31,,SWD12932,BRIDE,2025-12-05 18:33:57,下架,2026-04-16 11:30:48,950.0,0.0,0,0,,,0,swd,0,0,0,0,婚纱 BRIDE,False,268,False,,F,,F
2026-08-01--2026-08-31,,SWD13357,BRIDE,2026-06-04 18:12:11,下架,2026-06-09 15:10:20,505.0,0.0,0,0,,,0,swd,0,0,0,0,婚纱 BRIDE,False,87,True,61-90天,F,,F
2026-08-01--2026-08-31,,SWD12458,BRIDE,2024-11-15 18:03:38,下架,2026-06-04 17:14:00,179.0,0.0,0,0,,,0,swd,0,0,0,0,婚纱 BRIDE,False,653,False,,F,,F
2026-08-01--2026-08-31,,SWD12457,BRIDE,2024-09-11 18:08:59,上架,,189.0,0.0,0,0,,,0,swd,0,0,0,0,婚纱 BRIDE,True,718,False,,F,,F
2026-08-01--2026-08-31,,SWD12456,BRIDE,2024-09-03 11:03:36,下架,2026-06-04 17:14:00,159.0,0.0,0,0,,,0,swd,0,0,0,0,婚纱 BRIDE,False,726,False,,F,,F
2026-08-01--2026-08-31,,SWD13358,BRIDE,2026-06-05 10:08:44,下架,2026-06-08 09:19:51,210.0,0.0,0,0,,,0,swd,0,0,0,0,婚纱 BRIDE,False,86,True,61-90天,F,,F
2026-08-01--2026-08-31,,SWD13359,BRIDE,2026-06-05 10:53:18,下架,2026-06-05 15:19:39,463.0,0.0,0,0,,,0,swd,0,0,0,0,婚纱 BRIDE,False,86,True,61-90天,F,,F
2026-08-01--2026-08-31,,SWD12454,BRIDE,2024-09-11 18:09:45,下架,2026-07-10 11:18:08,219.0,0.0,0,0,,,0,swd,0,0,0,0,婚纱 BRIDE,False,718,False,,F,,F
2026-08-01--2026-08-31,,SWD12453,BRIDE,2024-09-11 18:09:54,下架,2026-08-05 12:06:02,179.0,0.0,0,0,,,0,swd,0,0,0,0,婚纱 BRIDE,False,718,False,,F,,F
2026-08-01--2026-08-31,,SWD13362,BRIDE,2026-06-05 18:32:05,下架,2026-08-06 17:41:28,335.0,0.0,0,0,,,0,swd,0,0,0,0,婚纱 BRIDE,False,86,True,61-90天,F,,F
2026-08-01--2026-08-31,,SWD12451,BRIDE,2024-09-11 18:10:49,下架,2026-06-04 17:14:00,189.0,0.0,0,0,,,0,swd,0,0,0,0,婚纱 BRIDE,False,718,False,,F,,F
2026-08-01--2026-08-31,,SWD12450,BRIDE,2024-09-13 17:58:59,上架,,179.0,0.0,0,14,2026-08-09 00:00:00,2026-05-08,6,swd,0,0,0,0,婚纱 BRIDE,True,716,False,,F,,F
2026-08-01--2026-08-31,,SWD12933,BRIDE,2025-12-08 11:48:27,上架,,179.0,0.0,0,0,,,0,swd,0,0,0,0,婚纱 BRIDE,True,265,False,,F,,F
2026-08-01--2026-08-31,,SWD13383,BRIDE,2026-06-12 17:44:41,上架,,650.0,0.0,0,0,,,0,swd,0,0,0,0,婚纱 BRIDE,True,79,True,61-90天,F,,F
2026-08-01--2026-08-31,,SWD12447,BRIDE,2024-09-11 18:10:32,上架,,219.0,0.0,0,6,2026-07-24 00:00:00,,0,swd,0,0,0,0,婚纱 BRIDE,True,718,False,,F,,F
2026-08-01--2026-08-31,,SWD13363,BRIDE,2026-06-05 19:11:13,下架,2026-08-06 17:41:28,399.0,0.0,0,0,,,0,swd,0,0,0,0,婚纱 BRIDE,False,86,True,61-90天,F,,F
2026-08-01--2026-08-31,,SWD13364,BRIDE,2026-06-08 09:43:40,下架,2026-06-10 09:48:25,375.0,0.0,0,0,,,0,swd,0,0,0,0,婚纱 BRIDE,False,83,True,61-90天,F,,F
2026-08-01--2026-08-31,,SWD12446,BRIDE,2024-09-11 18:16:01,上架,,169.0,0.0,0,0,,,0,swd,0,0,0,0,婚纱 BRIDE,True,718,False,,F,,F
2026-08-01--2026-08-31,,SWD12444,BRIDE,2024-09-03 11:03:08,下架,2025-08-13 14:45:20,189.0,0.0,0,0,,,0,swd,0,0,0,0,婚纱 BRIDE,False,726,False,,F,,F
2026-08-01--2026-08-31,,SWD12935,BRIDE,2025-12-08 17:41:33,下架,2026-06-04 17:13:52,119.0,0.0,0,0,,,0,swd,0,0,0,0,婚纱 BRIDE,False,265,False,,F,,F
2026-08-01--2026-08-31,,SWD12936,BRIDE,2025-12-08 17:42:04,上架,,149.0,0.0,0,0,,,0,swd,0,0,0,0,婚纱 BRIDE,True,265,False,,F,,F
2026-08-01--2026-08-31,,SWD12441,BRIDE,2024-09-11 18:11:49,下架,2026-08-26 12:07:52,179.0,0.0,0,0,,,0,swd,0,0,0,0,婚纱 BRIDE,False,718,False,,F,,F
2026-08-01--2026-08-31,,SWD12937,BRIDE,2025-12-08 17:41:48,下架,2026-07-10 11:18:06,169.0,0.0,0,0,,,0,swd,0,0,0,0,婚纱 BRIDE,False,265,False,,F,,F
2026-08-01--2026-08-31,,SWD12938,BRIDE,2025-12-09 10:16:35,下架,2026-04-16 14:13:25,235.0,0.0,0,0,,,0,swd,0,0,0,0,婚纱 BRIDE,False,264,False,,F,,F
2026-08-01--2026-08-31,,SWD12438,BRIDE,2024-09-11 18:16:20,下架,2026-06-04 17:14:00,179.0,0.0,0,0,,,0,swd,0,0,0,0,婚纱 BRIDE,False,718,False,,F,,F
2026-08-01--2026-08-31,,SWD12437,BRIDE,2024-09-11 18:11:59,下架,2026-06-04 17:14:00,189.0,0.0,0,0,,,0,swd,0,0,0,0,婚纱 BRIDE,False,718,False,,F,,F
2026-08-01--2026-08-31,,SWD12939,BRIDE,2025-12-09 17:48:17,下架,2026-04-16 14:13:25,165.0,0.0,0,0,,,0,swd,0,0,0,0,婚纱 BRIDE,False,264,False,,F,,F
2026-08-01--2026-08-31,,SWD13368,BRIDE,2026-06-11 11:18:16,下架,2026-07-09 09:46:49,300.0,0.0,0,0,,,0,swd,0,0,0,0,婚纱 BRIDE,False,80,True,61-90天,F,,F
2026-08-01--2026-08-31,,SWD13381,BRIDE,2026-06-12 15:14:43,下架,2026-06-23 16:23:26,220.0,0.0,0,0,,,0,swd,0,0,0,0,婚纱 BRIDE,False,79,True,61-90天,F,,F
2026-08-01--2026-08-31,,SWD12448,BRIDE,2024-09-27 11:56:08,下架,2026-08-26 12:07:52,169.0,0.0,0,0,,,0,swd,0,0,0,0,婚纱 BRIDE,False,702,False,,F,,F
2026-08-01--2026-08-31,,SWD12585,BRIDE,2024-11-29 20:09:58,上架,,189.0,0.0,0,9,2025-04-30 19:32:01,,0,swd,0,0,0,0,婚纱 BRIDE,True,639,False,,F,,F
2026-08-01--2026-08-31,,SWD12895,BRIDE,2025-11-17 14:53:27,上架,,189.0,0.0,0,0,,,0,swd,0,0,0,0,婚纱 BRIDE,True,286,False,,F,,F
2026-08-01--2026-08-31,,SWD12896,BRIDE,2025-11-17 14:49:36,上架,,159.0,0.0,0,1,2026-01-14 00:00:00,,0,swd,0,0,0,0,婚纱 BRIDE,True,286,False,,F,,F
2026-08-01--2026-08-31,,SWD12584,BRIDE,2024-11-29 20:09:46,上架,,209.0,0.0,0,0,,,0,swd,0,0,0,0,婚纱 BRIDE,True,639,False,,F,,F
2026-08-01--2026-08-31,,SWD12583,BRIDE,2024-11-29 20:09:35,下架,2026-07-10 11:18:08,239.0,0.0,0,0,,,0,swd,0,0,0,0,婚纱 BRIDE,False,639,False,,F,,F
2026-08-01--2026-08-31,,SWD12582,BRIDE,2024-11-29 20:09:23,下架,2026-07-10 11:21:23,189.0,0.0,0,0,,,0,swd,0,0,0,0,婚纱 BRIDE,False,639,False,,F,,F
2026-08-01--2026-08-31,,SWD12581,BRIDE,2024-11-29 20:09:12,下架,2026-08-26 12:07:51,189.0,0.0,0,0,,,0,swd,0,0,0,0,婚纱 BRIDE,False,639,False,,F,,F
2026-08-01--2026-08-31,,SWD13303,BRIDE,2026-06-12 14:00:50,上架,,249.0,0.0,0,0,,,0,swd,0,0,0,0,婚纱 BRIDE,True,79,True,61-90天,F,,F
2026-08-01--2026-08-31,,SWD13152,BRIDE,2026-03-04 14:30:35,下架,2026-03-26 09:49:43,360.0,0.0,0,0,,,0,swd,0,0,0,0,婚纱 BRIDE,False,179,False,,F,,F
2026-08-01--2026-08-31,,SWD12580,BRIDE,2024-11-29 20:08:59,下架,2026-04-16 14:13:32,179.0,0.0,0,0,,,0,swd,0,0,0,0,婚纱 BRIDE,False,639,False,,F,,F
2026-08-01--2026-08-31,,SWD12898,BRIDE,2025-11-17 11:17:57,下架,2026-04-16 14:13:26,290.0,0.0,0,0,,,0,swd,0,0,0,0,婚纱 BRIDE,False,286,False,,F,,F
2026-08-01--2026-08-31,,SWD12579,BRIDE,2024-11-29 20:08:47,下架,2026-06-04 17:13:57,179.0,0.0,0,0,,,0,swd,0,0,0,0,婚纱 BRIDE,False,639,False,,F,,F
2026-08-01--2026-08-31,,SWD12578,BRIDE,2024-11-29 20:08:35,下架,2026-07-10 11:18:08,179.0,0.0,0,0,,,0,swd,0,0,0,0,婚纱 BRIDE,False,639,False,,F,,F
2026-08-01--2026-08-31,,SWD12577,BRIDE,2024-11-29 20:08:23,下架,2026-08-26 12:07:51,179.0,0.0,0,0,,,0,swd,0,0,0,0,婚纱 BRIDE,False,639,False,,F,,F
2026-08-01--2026-08-31,,SWD12513,BRIDE,2024-09-12 10:34:28,下架,2026-07-10 11:21:24,219.0,0.0,0,0,,,0,swd,0,0,0,0,婚纱 BRIDE,False,717,False,,F,,F
2026-08-01--2026-08-31,,SWD13306,BRIDE,2026-05-14 10:00:35,下架,2026-06-04 09:52:49,161.0,0.0,0,0,,,0,swd,0,0,0,0,婚纱 BRIDE,False,108,False,,F,,F
2026-08-01--2026-08-31,,SWD13307,BRIDE,2026-05-14 11:47:19,下架,2026-05-26 11:52:28,435.0,0.0,0,0,,,0,swd,0,0,0,0,婚纱 BRIDE,False,108,False,,F,,F
2026-08-01--2026-08-31,,SWD13308,BRIDE,2026-05-14 14:30:24,下架,2026-05-20 17:42:36,260.0,0.0,0,0,,,0,swd,0,0,0,0,婚纱 BRIDE,False,108,False,,F,,F
2026-08-01--2026-08-31,,SWD12573,BRIDE,2024-11-28 18:36:24,下架,2026-06-04 17:13:57,159.0,0.0,0,0,,,0,swd,0,0,0,0,婚纱 BRIDE,False,640,False,,F,,F
2026-08-01--2026-08-31,,SWD12572,BRIDE,2024-11-28 18:36:12,下架,2026-06-04 17:13:58,169.0,0.0,0,0,,,0,swd,0,0,0,0,婚纱 BRIDE,False,640,False,,F,,F
2026-08-01--2026-08-31,,SWD13309,BRIDE,2026-05-15 10:24:48,下架,2026-05-18 18:44:56,1800.0,0.0,0,0,,,0,swd,0,0,0,0,婚纱 BRIDE,False,107,False,,F,,F
2026-08-01--2026-08-31,,SWD12571,BRIDE,2024-11-22 17:28:13,下架,2026-08-26 12:07:51,179.0,0.0,0,0,,,0,swd,0,0,0,0,婚纱 BRIDE,False,646,False,,F,,F
2026-08-01--2026-08-31,,SWD13310,BRIDE,2026-05-15 17:11:25,下架,2026-06-18 11:17:30,322.0,0.0,0,0,,,0,swd,0,0,0,0,婚纱 BRIDE,False,107,False,,F,,F
2026-08-01--2026-08-31,,SWD12570,BRIDE,2024-11-22 17:28:00,下架,2026-08-26 12:07:51,179.0,0.0,0,0,,,0,swd,0,0,0,0,婚纱 BRIDE,False,646,False,,F,,F
2026-08-01--2026-08-31,,SWD12569,BRIDE,2024-11-22 17:27:50,下架,2026-07-10 11:21:23,169.0,0.0,0,0,,,0,swd,0,0,0,0,婚纱 BRIDE,False,646,False,,F,,F
2026-08-01--2026-08-31,,SWD12900,BRIDE,2025-11-17 15:17:25,下架,2026-06-18 11:19:20,278.0,0.0,0,0,,,0,swd,0,0,0,0,婚纱 BRIDE,False,286,False,,F,,F
2026-08-01--2026-08-31,,SWD12903,BRIDE,2025-11-20 16:02:00,下架,2025-11-21 09:49:51,309.0,0.0,0,0,,,0,swd,0,0,0,0,婚纱 BRIDE,False,283,False,,F,,F
2026-08-01--2026-08-31,,SWD13312,BRIDE,2026-05-18 11:35:56,下架,2026-05-20 10:06:08,381.0,0.0,0,0,,,0,swd,0,0,0,0,婚纱 BRIDE,False,104,False,,F,,F
2026-08-01--2026-08-31,,SWD12904,BRIDE,2025-11-27 14:08:13,上架,,189.0,0.0,0,0,,,0,swd,0,0,0,0,婚纱 BRIDE,True,276,False,,F,,F
2026-08-01--2026-08-31,,SWD13148,BRIDE,2026-03-12 14:01:04,上架,,259.0,0.0,0,0,,,0,swd,0,0,0,0,婚纱 BRIDE,True,171,False,,F,,F
2026-08-01--2026-08-31,,SWD13305,BRIDE,2026-05-13 16:25:52,下架,2026-05-13 16:49:54,179.0,0.0,0,0,,,0,swd,0,0,0,0,婚纱 BRIDE,False,109,False,,F,,F
2026-08-01--2026-08-31,,SWD13158,BRIDE,2026-03-12 12:07:21,上架,,149.0,0.0,0,6,2026-07-09 16:00:00,,0,swd,0,0,0,0,婚纱 BRIDE,True,171,False,,F,,F
2026-08-01--2026-08-31,,SWD13157,BRIDE,2026-03-12 14:01:18,上架,,129.0,0.0,0,0,,,0,swd,0,0,0,0,婚纱 BRIDE,True,171,False,,F,,F
2026-08-01--2026-08-31,,SWD13292,BRIDE,2026-05-08 17:46:13,上架,,139.0,0.0,0,0,,,0,swd,0,0,0,0,婚纱 BRIDE,True,114,False,,F,,F
2026-08-01--2026-08-31,,SWD12611,BRIDE,2024-12-05 15:21:53,下架,2026-07-10 11:18:07,169.0,0.0,0,1,2026-06-13 00:00:00,,0,swd,0,0,0,0,婚纱 BRIDE,False,633,False,,F,,F
2026-08-01--2026-08-31,,SWD12610,BRIDE,2024-12-05 15:21:40,下架,2026-07-10 11:21:23,159.0,0.0,0,0,,,0,swd,0,0,0,0,婚纱 BRIDE,False,633,False,,F,,F
2026-08-01--2026-08-31,,SWD12609,BRIDE,2024-12-03 18:31:44,下架,2026-06-04 17:13:57,169.0,0.0,0,0,,,0,swd,0,0,0,0,婚纱 BRIDE,False,635,False,,F,,F
2026-08-01--2026-08-31,,SWD12608,BRIDE,2024-12-03 18:31:33,下架,2026-08-05 12:06:02,169.0,0.0,0,0,,,0,swd,0,0,0,0,婚纱 BRIDE,False,635,False,,F,,F
2026-08-01--2026-08-31,,SWD12892,BRIDE,2025-11-17 14:52:41,下架,2026-08-26 12:07:51,139.0,0.0,0,0,,,0,swd,0,0,0,0,婚纱 BRIDE,False,286,False,,F,,F
2026-08-01--2026-08-31,,SWD12606,BRIDE,2024-12-03 18:31:10,下架,2026-06-03 19:55:54,179.0,0.0,0,7,2026-04-10 00:00:00,,0,swd,0,0,0,0,婚纱 BRIDE,False,635,False,,F,,F
2026-08-01--2026-08-31,,SWD12605,BRIDE,2024-12-04 15:10:52,下架,2026-06-04 17:13:57,179.0,0.0,0,0,,,0,swd,0,0,0,0,婚纱 BRIDE,False,634,False,,F,,F
2026-08-01--2026-08-31,,SWD12604,BRIDE,2024-12-03 18:30:47,下架,2026-07-10 11:18:07,179.0,0.0,0,0,,,0,swd,0,0,0,0,婚纱 BRIDE,False,635,False,,F,,F
2026-08-01--2026-08-31,,SWD12603,BRIDE,2024-12-03 18:30:36,下架,2026-07-10 11:18:07,179.0,0.0,0,0,,,0,swd,0,0,0,0,婚纱 BRIDE,False,635,False,,F,,F
2026-08-01--2026-08-31,,SWD12602,BRIDE,2024-12-03 18:30:25,下架,2026-06-04 17:13:57,199.0,0.0,0,0,,,0,swd,0,0,0,0,婚纱 BRIDE,False,635,False,,F,,F
2026-08-01--2026-08-31,,SWD13293,BRIDE,2026-05-08 17:50:09,上架,,149.0,0.0,0,0,,,0,swd,0,0,0,0,婚纱 BRIDE,True,114,False,,F,,F
2026-08-01--2026-08-31,,SWD12600,BRIDE,2024-12-03 18:30:02,下架,2026-07-10 11:21:23,199.0,0.0,0,0,,,0,swd,0,0,0,0,婚纱 BRIDE,False,635,False,,F,,F
2026-08-01--2026-08-31,,SWD13299,BRIDE,2026-05-07 15:19:23,上架,,229.0,0.0,0,0,,,0,swd,0,0,0,0,婚纱 BRIDE,True,115,False,,F,,F
2026-08-01--2026-08-31,,SWD13294,BRIDE,2026-05-08 10:00:41,上架,,229.0,0.0,0,8,2026-06-25 16:00:00,,0,swd,0,0,0,0,婚纱 BRIDE,True,114,False,,F,,F
2026-08-01--2026-08-31,,SWD13295,BRIDE,2026-05-08 17:55:09,上架,,139.0,0.0,0,4,2026-04-30 00:00:00,,0,swd,0,0,0,0,婚纱 BRIDE,True,114,False,,F,,F
2026-08-01--2026-08-31,,SWD12598,BRIDE,2024-12-04 10:12:22,下架,2026-06-04 17:13:57,179.0,0.0,0,0,,,0,swd,0,0,0,0,婚纱 BRIDE,False,634,False,,F,,F
2026-08-01--2026-08-31,,SWD13296,BRIDE,2026-05-08 17:46:26,上架,,139.0,0.0,0,0,,,0,swd,0,0,0,0,婚纱 BRIDE,True,114,False,,F,,F
2026-08-01--2026-08-31,,SWD13297,BRIDE,2026-05-08 10:00:54,上架,,139.0,0.0,0,0,,,0,swd,0,0,0,0,婚纱 BRIDE,True,114,False,,F,,F
2026-08-01--2026-08-31,,SWD12595,BRIDE,2024-11-29 20:12:08,下架,2026-08-26 12:07:51,169.0,0.0,0,0,,,0,swd,0,0,0,0,婚纱 BRIDE,False,639,False,,F,,F
2026-08-01--2026-08-31,,SWD12594,BRIDE,2024-11-29 20:11:57,下架,2026-06-04 17:13:57,169.0,0.0,0,0,,,0,swd,0,0,0,0,婚纱 BRIDE,False,639,False,,F,,F
2026-08-01--2026-08-31,,SWD12593,BRIDE,2024-11-29 20:11:45,上架,,159.0,0.0,0,0,,,0,swd,0,0,0,0,婚纱 BRIDE,True,639,False,,F,,F
2026-08-01--2026-08-31,,SWD12592,BRIDE,2024-11-29 20:11:33,下架,2026-06-04 17:13:57,185.0,0.0,0,0,,,0,swd,0,0,0,0,婚纱 BRIDE,False,639,False,,F,,F
2026-08-01--2026-08-31,,SWD12591,BRIDE,2024-11-29 20:11:22,下架,2026-07-10 11:18:08,289.0,0.0,0,0,,,0,swd,0,0,0,0,婚纱 BRIDE,False,639,False,,F,,F
2026-08-01--2026-08-31,,SWD12590,BRIDE,2024-11-29 20:11:10,下架,2026-07-10 11:21:23,179.0,0.0,0,0,,,0,swd,0,0,0,0,婚纱 BRIDE,False,639,False,,F,,F
2026-08-01--2026-08-31,,SWD12893,BRIDE,2025-11-17 14:55:01,上架,,159.0,0.0,0,6,2026-06-22 16:00:00,,0,swd,0,0,0,0,婚纱 BRIDE,True,286,False,,F,,F
2026-08-01--2026-08-31,,SWD13298,BRIDE,2026-05-08 17:50:23,上架,,149.0,0.0,0,0,,,0,swd,0,0,0,0,婚纱 BRIDE,True,114,False,,F,,F
2026-08-01--2026-08-31,,SWD12589,BRIDE,2024-11-29 20:10:59,下架,2026-08-26 12:07:51,189.0,0.0,0,0,,,0,swd,0,0,0,0,婚纱 BRIDE,False,639,False,,F,,F
2026-08-01--2026-08-31,,SWD12588,BRIDE,2024-11-29 20:10:48,下架,2026-08-26 12:07:51,169.0,0.0,0,2,2026-04-26 00:00:00,2026-04-26,1,swd,0,0,0,0,婚纱 BRIDE,False,639,False,,F,,F
2026-08-01--2026-08-31,,SWD12599,BRIDE,2024-12-04 10:12:33,下架,2026-07-10 11:18:07,169.0,0.0,0,0,,,0,swd,0,0,0,0,婚纱 BRIDE,False,634,False,,F,,F
2026-08-01--2026-08-31,,SWD12538,BRIDE,2024-09-05 11:28:18,下架,2026-06-04 17:13:58,169.0,0.0,0,0,,,0,swd,0,0,0,0,婚纱 BRIDE,False,724,False,,F,,F
2026-08-01--2026-08-31,,SWD12537,BRIDE,2024-09-05 11:24:53,上架,,169.0,0.0,0,1,2025-08-10 12:32:18,2025-08-10,1,swd,0,0,0,0,婚纱 BRIDE,True,724,False,,F,,F
2026-08-01--2026-08-31,,SWD12536,BRIDE,2024-09-05 11:24:08,下架,2026-07-10 11:21:24,169.0,0.0,0,0,,,0,swd,0,0,0,0,婚纱 BRIDE,False,724,False,,F,,F
2026-08-01--2026-08-31,,SWD13140,BRIDE,2026-03-12 13:01:08,上架,,239.0,0.0,0,14,2026-06-02 00:00:00,2026-06-02,8,swd,0,0,0,0,婚纱 BRIDE,True,171,False,,F,,F
2026-08-01--2026-08-31,,SWD13319,BRIDE,2026-05-20 12:14:47,下架,2026-06-12 16:49:45,480.0,0.0,0,0,,,0,swd,0,0,0,0,婚纱 BRIDE,False,102,False,,F,,F
2026-08-01--2026-08-31,,SWD12532,BRIDE,2024-09-05 11:23:49,下架,2026-06-04 17:13:58,169.0,0.0,0,0,,,0,swd,0,0,0,0,婚纱 BRIDE,False,724,False,,F,,F
2026-08-01--2026-08-31,,SWD12530,BRIDE,2024-09-05 11:23:57,下架,2026-08-26 12:07:52,189.0,0.0,0,0,,,0,swd,0,0,0,0,婚纱 BRIDE,False,724,False,,F,,F
2026-08-01--2026-08-31,,SWD12529,BRIDE,2024-09-05 11:23:31,下架,2026-07-10 11:21:24,229.0,0.0,0,0,,,0,swd,0,0,0,0,婚纱 BRIDE,False,724,False,,F,,F
2026-08-01--2026-08-31,,SWD13139,BRIDE,2026-03-02 15:22:09,上架,,189.0,0.0,0,13,2026-07-03 00:00:00,,0,swd,0,0,0,0,婚纱 BRIDE,True,181,False,,F,,F
2026-08-01--2026-08-31,,SWD13322,BRIDE,2026-05-21 10:24:31,下架,2026-06-18 11:17:30,310.0,0.0,0,0,,,0,swd,0,0,0,0,婚纱 BRIDE,False,101,False,,F,,F
2026-08-01--2026-08-31,,SWD13138,BRIDE,2026-03-12 12:05:50,上架,,149.0,0.0,0,5,2026-05-16 00:00:00,,0,swd,0,0,0,0,婚纱 BRIDE,True,171,False,,F,,F
2026-08-01--2026-08-31,,SWD13324,BRIDE,2026-05-21 14:34:04,下架,2026-06-12 14:24:50,606.0,0.0,0,0,,,0,swd,0,0,0,0,婚纱 BRIDE,False,101,False,,F,,F
2026-08-01--2026-08-31,,SWD13325,BRIDE,2026-05-21 14:51:50,下架,2026-08-26 18:58:50,731.0,0.0,0,0,,,0,swd,0,0,0,0,婚纱 BRIDE,False,101,False,,F,,F
2026-08-01--2026-08-31,,SWD12525,BRIDE,2024-11-04 16:30:30,上架,,169.0,0.0,0,10,2025-11-18 01:33:03,,0,swd,0,0,0,0,婚纱 BRIDE,True,664,False,,F,,F
2026-08-01--2026-08-31,,SWD12562,BRIDE,2024-11-13 09:38:06,下架,2026-07-10 11:18:08,499.0,0.0,0,6,2026-04-23 00:00:00,,0,swd,0,0,0,0,婚纱 BRIDE,False,655,False,,F,,F
2026-08-01--2026-08-31,,SWD13327,BRIDE,2026-05-22 12:10:57,下架,2026-05-26 11:49:10,498.0,0.0,0,0,,,0,swd,0,0,0,0,婚纱 BRIDE,False,100,False,,F,,F
2026-08-01--2026-08-31,,SWD12523,BRIDE,2024-09-05 11:21:40,下架,2026-06-04 17:13:58,219.0,0.0,0,0,,,0,swd,0,0,0,0,婚纱 BRIDE,False,724,False,,F,,F
2026-08-01--2026-08-31,,SWD12522,BRIDE,2024-09-05 11:21:52,下架,2026-08-26 12:07:52,179.0,0.0,0,0,,,0,swd,0,0,0,0,婚纱 BRIDE,False,724,False,,F,,F
2026-08-01--2026-08-31,,SWD12916,BRIDE,2025-11-28 17:24:45,下架,2026-04-16 11:30:48,269.0,0.0,0,0,,,0,swd,0,0,0,0,婚纱 BRIDE,False,275,False,,F,,F
2026-08-01--2026-08-31,,SWD12520,BRIDE,2024-09-12 10:33:58,下架,2026-07-10 11:21:24,219.0,0.0,0,0,,,0,swd,0,0,0,0,婚纱 BRIDE,False,717,False,,F,,F
2026-08-01--2026-08-31,,SWD12519,BRIDE,2024-10-31 20:18:09,上架,,189.0,0.0,0,0,,,0,swd,0,0,0,0,婚纱 BRIDE,True,668,False,,F,,F
2026-08-01--2026-08-31,,SWD12918,BRIDE,2025-12-03 11:57:34,上架,,169.0,0.0,0,0,,,0,swd,0,0,0,0,婚纱 BRIDE,True,270,False,,F,,F
2026-08-01--2026-08-31,,SWD13330,BRIDE,2026-05-26 17:49:30,下架,2026-06-08 11:45:03,425.0,0.0,0,0,,,0,swd,0,0,0,0,婚纱 BRIDE,False,96,False,,F,,F
2026-08-01--2026-08-31,,SWD12919,BRIDE,2025-12-03 11:57:50,上架,,290.0,0.0,0,0,,,0,swd,0,0,0,0,婚纱 BRIDE,True,270,False,,F,,F
2026-08-01--2026-08-31,,SWD13136,BRIDE,2026-03-02 11:52:26,下架,2026-05-14 15:16:41,360.0,0.0,0,0,,,0,swd,0,0,0,0,婚纱 BRIDE,False,181,False,,F,,F
2026-08-01--2026-08-31,,SWD12516,BRIDE,2024-09-12 10:35:07,下架,2026-06-04 17:13:59,169.0,0.0,0,0,,,0,swd,0,0,0,0,婚纱 BRIDE,False,717,False,,F,,F
2026-08-01--2026-08-31,,SWD13135,BRIDE,2026-03-12 12:06:03,上架,,209.0,0.0,0,0,,,0,swd,0,0,0,0,婚纱 BRIDE,True,171,False,,F,,F
2026-08-01--2026-08-31,,SWD12515,BRIDE,2024-09-12 10:31:43,下架,2026-07-10 11:21:24,169.0,0.0,0,0,,,0,swd,0,0,0,0,婚纱 BRIDE,False,717,False,,F,,F
2026-08-01--2026-08-31,,SWD13331,BRIDE,2026-05-26 18:22:19,下架,2026-06-16 09:46:49,215.0,0.0,0,0,,,0,swd,0,0,0,0,婚纱 BRIDE,False,96,False,,F,,F
2026-08-01--2026-08-31,,SWD12514,BRIDE,2024-09-12 10:34:17,下架,2026-07-10 11:18:08,219.0,0.0,0,0,,,0,swd,0,0,0,0,婚纱 BRIDE,False,717,False,,F,,F
2026-08-01--2026-08-31,,SWD13326,BRIDE,2026-05-21 15:19:24,下架,2026-06-24 11:38:33,295.0,0.0,0,0,,,0,swd,0,0,0,0,婚纱 BRIDE,False,101,False,,F,,F
2026-08-01--2026-08-31,,SWD12906,BRIDE,2025-11-22 11:33:49,下架,2026-07-10 11:18:06,150.0,0.0,0,0,,,0,swd,0,0,0,0,婚纱 BRIDE,False,281,False,,F,,F
2026-08-01--2026-08-31,,SWD13146,BRIDE,2026-03-12 13:02:53,上架,,199.0,0.0,0,0,,,0,swd,0,0,0,0,婚纱 BRIDE,True,171,False,,F,,F
2026-08-01--2026-08-31,,SWD12559,BRIDE,2024-09-13 13:49:31,下架,2026-07-10 11:18:08,219.0,0.0,0,0,,,0,swd,0,0,0,0,婚纱 BRIDE,False,716,False,,F,,F
2026-08-01--2026-08-31,,SWD12558,BRIDE,2024-09-05 11:54:27,下架,,169.0,0.0,0,0,,,0,swd,0,0,0,0,婚纱 BRIDE,False,724,False,,F,,F
2026-08-01--2026-08-31,,SWD12557,BRIDE,2024-09-05 11:46:37,上架,,189.0,0.0,0,21,2026-08-02 16:00:00,,0,swd,0,0,0,0,婚纱 BRIDE,True,724,False,,F,,F
2026-08-01--2026-08-31,,SWD12556,BRIDE,2024-09-05 11:53:17,下架,2026-06-04 17:13:58,179.0,0.0,0,0,,,0,swd,0,0,0,0,婚纱 BRIDE,False,724,False,,F,,F
2026-08-01--2026-08-31,,SWD12555,BRIDE,2024-09-05 11:53:35,下架,2026-06-04 17:13:58,179.0,0.0,0,0,,,0,swd,0,0,0,0,婚纱 BRIDE,False,724,False,,F,,F
2026-08-01--2026-08-31,,SWD13313,BRIDE,2026-05-18 12:15:25,下架,2026-08-06 17:41:28,250.0,0.0,0,0,,,0,swd,0,0,0,0,婚纱 BRIDE,False,104,False,,F,,F
2026-08-01--2026-08-31,,SWD12554,BRIDE,2024-10-06 14:31:06,下架,2026-06-03 19:55:26,169.0,0.0,0,1,2025-01-16 00:00:00,2025-01-16,3,swd,0,0,0,0,婚纱 BRIDE,False,693,False,,F,,F
2026-08-01--2026-08-31,,SWD12553,BRIDE,2024-09-05 11:26:37,下架,2026-07-10 11:21:23,229.0,0.0,0,0,,,0,swd,0,0,0,0,婚纱 BRIDE,False,724,False,,F,,F
2026-08-01--2026-08-31,,SWD13314,BRIDE,2026-05-19 12:14:27,下架,2026-06-16 09:47:46,334.0,0.0,0,0,,,0,swd,0,0,0,0,婚纱 BRIDE,False,103,False,,F,,F
2026-08-01--2026-08-31,,SWD13145,BRIDE,2026-03-12 13:01:31,上架,,157.0,0.0,0,0,,,0,swd,0,0,0,0,婚纱 BRIDE,True,171,False,,F,,F
2026-08-01--2026-08-31,,SWD13144,BRIDE,2026-03-12 12:06:29,上架,,209.0,0.0,0,6,2026-04-20 00:00:00,,0,swd,0,0,0,0,婚纱 BRIDE,True,171,False,,F,,F
2026-08-01--2026-08-31,,SWD12552,BRIDE,2024-09-05 11:27:24,下架,2026-07-10 11:18:08,189.0,0.0,0,0,,,0,swd,0,0,0,0,婚纱 BRIDE,False,724,False,,F,,F
2026-08-01--2026-08-31,,SWD12907,BRIDE,2026-07-09 18:57:34,下架,2026-07-10 11:18:06,179.0,0.0,0,0,,,0,swd,0,0,0,0,婚纱 BRIDE,False,52,True,31-60天,F,,F
2026-08-01--2026-08-31,,SWD12539,BRIDE,2024-09-05 11:28:08,下架,2026-06-04 17:13:58,219.0,0.0,0,0,,,0,swd,0,0,0,0,婚纱 BRIDE,False,724,False,,F,,F
2026-08-01--2026-08-31,,SWD12908,BRIDE,2025-12-18 09:46:28,下架,2026-06-04 17:13:52,219.0,0.0,0,0,,,0,swd,0,0,0,0,婚纱 BRIDE,False,255,False,,F,,F
2026-08-01--2026-08-31,,SWD13317,BRIDE,2026-05-20 11:24:12,下架,2026-08-06 17:41:28,450.0,0.0,0,0,,,0,swd,0,0,0,0,婚纱 BRIDE,False,102,False,,F,,F
2026-08-01--2026-08-31,,SWD12551,BRIDE,2024-09-05 11:30:14,下架,2026-07-10 11:18:08,209.0,0.0,0,0,,,0,swd,0,0,0,0,婚纱 BRIDE,False,724,False,,F,,F
2026-08-01--2026-08-31,,SWD12909,BRIDE,2025-12-18 09:46:14,下架,2026-07-10 11:18:06,162.0,0.0,0,0,,,0,swd,0,0,0,0,婚纱 BRIDE,False,255,False,,F,,F
2026-08-01--2026-08-31,,SWD12550,BRIDE,2024-09-05 11:30:58,下架,2026-06-03 19:54:30,189.0,0.0,0,0,,,0,swd,0,0,0,0,婚纱 BRIDE,False,724,False,,F,,F
2026-08-01--2026-08-31,,SWD13143,BRIDE,2026-03-03 10:59:22,上架,,341.0,0.0,0,0,,,0,swd,0,0,0,0,婚纱 BRIDE,True,180,False,,F,,F
2026-08-01--2026-08-31,,SWD12548,BRIDE,2024-09-05 11:30:49,下架,2026-06-03 19:52:38,159.0,0.0,0,0,,,0,swd,0,0,0,0,婚纱 BRIDE,False,724,False,,F,,F
2026-08-01--2026-08-31,,SWD12547,BRIDE,2024-09-05 11:30:28,下架,2026-07-10 11:21:23,169.0,0.0,0,0,,,0,swd,0,0,0,0,婚纱 BRIDE,False,724,False,,F,,F
2026-08-01--2026-08-31,,SWD12546,BRIDE,2024-09-05 11:27:47,下架,2026-08-26 12:07:52,219.0,0.0,0,0,,,0,swd,0,0,0,0,婚纱 BRIDE,False,724,False,,F,,F
2026-08-01--2026-08-31,,SWD12545,BRIDE,2024-09-20 19:17:12,下架,2026-06-03 19:53:51,189.0,0.0,0,0,,,0,swd,0,0,0,0,婚纱 BRIDE,False,709,False,,F,,F
2026-08-01--2026-08-31,,SWD12544,BRIDE,2024-09-05 11:27:57,下架,2026-08-26 12:07:52,229.0,0.0,0,1,2026-06-04 11:58:39,,0,swd,0,0,0,0,婚纱 BRIDE,False,724,False,,F,,F
2026-08-01--2026-08-31,,SWD12911,BRIDE,2025-11-25 16:38:02,上架,,215.0,0.0,0,7,2026-07-04 16:00:00,,0,swd,0,0,0,0,婚纱 BRIDE,True,278,False,,F,,F
2026-08-01--2026-08-31,,SWD12542,BRIDE,2024-09-05 11:26:52,上架,,239.0,0.0,0,10,2026-07-20 16:20:27,,0,swd,0,0,0,0,婚纱 BRIDE,True,724,False,,F,,F
2026-08-01--2026-08-31,,SWD12541,BRIDE,2024-09-05 11:27:12,下架,2026-07-10 11:21:23,180.0,0.0,0,0,,,0,swd,0,0,0,0,婚纱 BRIDE,False,724,False,,F,,F
2026-08-01--2026-08-31,,SWD12540,BRIDE,2024-09-05 11:27:38,下架,2026-07-10 11:18:08,179.0,0.0,0,0,,,0,swd,0,0,0,0,婚纱 BRIDE,False,724,False,,F,,F
2026-08-01--2026-08-31,,SWD13316,BRIDE,2026-05-20 10:02:26,下架,2026-06-16 09:48:33,380.0,0.0,0,0,,,0,swd,0,0,0,0,婚纱 BRIDE,False,102,False,,F,,F
2026-08-01--2026-08-31,,SWD10699,BRIDE,2024-08-30 12:35:46,下架,2025-08-13 14:45:42,189.0,0.0,0,0,,,0,swd,0,0,0,0,婚纱 BRIDE,False,730,False,,F,,F
2026-08-01--2026-08-31,,SWD10700,BRIDE,2023-04-27 21:50:14,下架,,189.0,0.0,0,0,,,0,swd,0,0,0,0,婚纱 BRIDE,False,1221,False,,F,,F
2026-08-01--2026-08-31,,SWD10701,BRIDE,2024-08-20 19:17:28,上架,,229.0,0.0,0,10,2026-06-21 16:00:00,,0,swd,0,0,0,0,婚纱 BRIDE,True,740,False,,F,,F
2026-08-01--2026-08-31,,SWD10702,BRIDE,2024-08-20 14:49:10,下架,2026-06-04 17:14:20,189.0,0.0,0,5,2024-07-29 03:43:18,,0,swd,0,0,0,0,婚纱 BRIDE,False,740,False,,F,,F
2026-08-01--2026-08-31,,SWD10703,BRIDE,2024-09-05 11:17:47,下架,2026-06-04 17:14:20,178.0,0.0,0,0,,,0,swd,0,0,0,0,婚纱 BRIDE,False,724,False,,F,,F
2026-08-01--2026-08-31,,SWD10704,BRIDE,2023-04-27 22:24:54,下架,,149.0,0.0,0,0,,,0,swd,0,0,0,0,婚纱 BRIDE,False,1221,False,,F,,F
2026-08-01--2026-08-31,,SWD10706,BRIDE,2024-08-27 11:06:53,下架,2025-08-13 14:45:42,149.0,0.0,0,0,,,0,swd,0,0,0,0,婚纱 BRIDE,False,733,False,,F,,F
2026-08-01--2026-08-31,,SWD10709,BRIDE,2024-08-22 18:29:40,下架,2026-07-10 11:21:26,209.0,0.0,0,0,,,0,swd,0,0,0,0,婚纱 BRIDE,False,738,False,,F,,F
2026-08-01--2026-08-31,,SWD10710,BRIDE,2024-08-22 12:15:32,下架,2026-07-10 11:21:26,139.0,0.0,0,6,2023-12-24 02:52:21,,0,swd,0,0,0,0,婚纱 BRIDE,False,738,False,,F,,F
2026-08-01--2026-08-31,,SWD10711,BRIDE,2023-04-28 17:09:41,下架,,199.0,0.0,0,0,,,0,swd,0,0,0,0,婚纱 BRIDE,False,1220,False,,F,,F
2026-08-01--2026-08-31,,SWD11740,BRIDE,2024-08-22 13:59:04,下架,2026-06-04 17:14:08,199.0,0.0,0,0,,,0,swd,0,0,0,0,婚纱 BRIDE,False,738,False,,F,,F
2026-08-01--2026-08-31,,SWD10713,BRIDE,2023-04-28 17:15:56,下架,,149.0,0.0,0,0,,,0,swd,0,0,0,0,婚纱 BRIDE,False,1220,False,,F,,F
2026-08-01--2026-08-31,,SWD10714,BRIDE,2024-08-30 12:37:41,下架,2025-08-13 14:45:42,219.0,0.0,0,0,,,0,swd,0,0,0,0,婚纱 BRIDE,False,730,False,,F,,F
2026-08-01--2026-08-31,,SWD10715,BRIDE,2024-08-22 18:31:56,上架,,199.0,0.0,0,6,2026-07-02 11:08:09,,0,swd,0,0,0,0,婚纱 BRIDE,True,738,False,,F,,F
2026-08-01--2026-08-31,,SWD10716,BRIDE,2024-08-30 12:37:05,下架,2025-08-13 14:45:42,189.0,0.0,0,0,,,0,swd,0,0,0,0,婚纱 BRIDE,False,730,False,,F,,F
2026-08-01--2026-08-31,,SWD10717,BRIDE,2024-08-16 04:40:44,下架,2026-08-26 12:07:54,199.0,0.0,0,7,2024-06-12 00:00:00,2024-06-12,1,swd,0,0,0,0,婚纱 BRIDE,False,744,False,,F,,F
2026-08-01--2026-08-31,,SWD10718,BRIDE,2023-04-28 17:38:43,下架,,159.0,0.0,0,0,,,0,swd,0,0,0,0,婚纱 BRIDE,False,1220,False,,F,,F
2026-08-01--2026-08-31,,SWD10720,BRIDE,2023-05-02 11:59:35,下架,2023-07-04 15:13:11,159.0,0.0,0,0,,,0,swd,0,0,0,0,婚纱 BRIDE,False,1216,False,,F,,F
2026-08-01--2026-08-31,,SWD10722,BRIDE,2024-08-29 14:24:01,下架,2026-07-10 11:18:18,149.0,0.0,0,0,,,0,swd,0,0,0,0,婚纱 BRIDE,False,731,False,,F,,F
2026-08-01--2026-08-31,,SWD10724,BRIDE,2023-05-02 17:58:30,下架,2023-05-16 19:15:50,149.0,0.0,0,0,,,0,swd,0,0,0,0,婚纱 BRIDE,False,1216,False,,F,,F
2026-08-01--2026-08-31,,SWD10725,BRIDE,2023-05-02 18:11:14,下架,,149.0,0.0,0,0,,,0,swd,0,0,0,0,婚纱 BRIDE,False,1216,False,,F,,F
2026-08-01--2026-08-31,,SWD10712,BRIDE,2023-04-28 17:13:55,下架,,159.0,0.0,0,0,,,0,swd,0,0,0,0,婚纱 BRIDE,False,1220,False,,F,,F
2026-08-01--2026-08-31,,SWD10669,BRIDE,2023-04-26 19:10:50,下架,,158.0,0.0,0,0,,,0,swd,0,0,0,0,婚纱 BRIDE,False,1222,False,,F,,F
2026-08-01--2026-08-31,,SWD10670,BRIDE,2024-08-27 11:00:25,下架,2026-07-10 11:18:18,180.0,0.0,0,0,,,0,swd,0,0,0,0,婚纱 BRIDE,False,733,False,,F,,F
2026-08-01--2026-08-31,,SWD10671,BRIDE,2023-04-26 20:25:14,下架,,178.0,0.0,0,0,,,0,swd,0,0,0,0,婚纱 BRIDE,False,1222,False,,F,,F
2026-08-01--2026-08-31,,SWD10672,BRIDE,2024-08-20 19:13:21,下架,2026-06-04 17:14:20,198.0,0.0,0,0,,,0,swd,0,0,0,0,婚纱 BRIDE,False,740,False,,F,,F
2026-08-01--2026-08-31,,SWD10673,BRIDE,2023-04-26 20:40:10,下架,,178.0,0.0,0,0,,,0,swd,0,0,0,0,婚纱 BRIDE,False,1222,False,,F,,F
2026-08-01--2026-08-31,,SWD10675,BRIDE,2023-04-26 21:00:48,下架,2023-05-23 10:14:00,149.0,0.0,0,0,,,0,swd,0,0,0,0,婚纱 BRIDE,False,1222,False,,F,,F
2026-08-01--2026-08-31,,SWD10676,BRIDE,2024-08-30 12:33:55,下架,2025-08-13 14:45:42,250.0,0.0,0,0,,,0,swd,0,0,0,0,婚纱 BRIDE,False,730,False,,F,,F
2026-08-01--2026-08-31,,SWD10677,BRIDE,2024-08-30 12:34:04,下架,2026-07-10 11:21:26,149.0,0.0,0,0,,,0,swd,0,0,0,0,婚纱 BRIDE,False,730,False,,F,,F
2026-08-01--2026-08-31,,SWD10678,BRIDE,2024-08-23 17:26:05,下架,2026-07-10 11:18:18,149.0,0.0,0,0,,,0,swd,0,0,0,0,婚纱 BRIDE,False,737,False,,F,,F
2026-08-01--2026-08-31,,SWD10682,BRIDE,2023-04-26 21:35:35,下架,,149.0,0.0,0,0,,,0,swd,0,0,0,0,婚纱 BRIDE,False,1222,False,,F,,F
2026-08-01--2026-08-31,,SWD10698,BRIDE,2024-08-21 17:13:33,下架,2026-06-04 17:14:20,179.0,0.0,0,1,2025-04-18 11:32:41,,0,swd,0,0,0,0,婚纱 BRIDE,False,739,False,,F,,F
2026-08-01--2026-08-31,,SWD10685,BRIDE,2024-08-27 11:01:30,下架,2025-08-13 14:45:42,149.0,0.0,0,0,,,0,swd,0,0,0,0,婚纱 BRIDE,False,733,False,,F,,F
2026-08-01--2026-08-31,,SWD10687,BRIDE,2023-04-27 20:27:15,下架,2026-07-10 11:18:18,185.0,0.0,0,4,2024-12-04 01:55:12,,0,swd,0,0,0,0,婚纱 BRIDE,False,1221,False,,F,,F
2026-08-01--2026-08-31,,SWD10688,BRIDE,2024-08-30 12:36:02,下架,2025-08-13 14:45:42,168.0,0.0,0,0,,,0,swd,0,0,0,0,婚纱 BRIDE,False,730,False,,F,,F
2026-08-01--2026-08-31,,SWD10689,BRIDE,2024-08-20 14:49:46,下架,2026-07-10 11:21:26,200.0,0.0,0,6,2025-10-17 00:00:00,2025-10-17,4,swd,0,0,0,0,婚纱 BRIDE,False,740,False,,F,,F
2026-08-01--2026-08-31,,SWD10690,BRIDE,2024-08-16 22:32:51,上架,,180.0,0.0,0,3,2026-08-10 19:44:50,,0,swd,0,0,0,0,婚纱 BRIDE,True,744,False,,F,,F
2026-08-01--2026-08-31,,SWD10691,BRIDE,2024-08-16 05:15:47,上架,,249.0,0.0,0,39,2026-08-10 16:06:24,2026-07-05,9,swd,0,0,0,0,婚纱 BRIDE,True,744,False,,F,,F
2026-08-01--2026-08-31,,SWD10692,BRIDE,2023-04-27 20:57:47,下架,,178.0,0.0,0,0,,,0,swd,0,0,0,0,婚纱 BRIDE,False,1221,False,,F,,F
2026-08-01--2026-08-31,,SWD10693,BRIDE,2024-08-30 12:35:38,下架,2025-08-13 14:45:42,199.0,0.0,0,0,,,0,swd,0,0,0,0,婚纱 BRIDE,False,730,False,,F,,F
2026-08-01--2026-08-31,,SWD10694,BRIDE,2023-04-27 21:09:32,下架,2026-06-04 17:14:20,130.0,0.0,0,8,2024-09-08 06:24:08,,0,swd,0,0,0,0,婚纱 BRIDE,False,1221,False,,F,,F
2026-08-01--2026-08-31,,SWD10695,BRIDE,2024-08-30 12:35:29,下架,2025-08-13 14:45:42,178.0,0.0,0,0,,,0,swd,0,0,0,0,婚纱 BRIDE,False,730,False,,F,,F
2026-08-01--2026-08-31,,SWD10696,BRIDE,2024-08-27 11:06:12,下架,2025-08-13 14:45:42,180.0,0.0,0,0,,,0,swd,0,0,0,0,婚纱 BRIDE,False,733,False,,F,,F
2026-08-01--2026-08-31,,SWD10684,BRIDE,2024-08-22 18:29:32,下架,2026-07-10 11:21:26,149.0,0.0,0,10,2024-12-01 03:13:55,,0,swd,0,0,0,0,婚纱 BRIDE,False,738,False,,F,,F
2026-08-01--2026-08-31,,SWD10762,BRIDE,2023-05-04 17:07:49,下架,,149.0,0.0,0,0,,,0,swd,0,0,0,0,婚纱 BRIDE,False,1214,False,,F,,F
2026-08-01--2026-08-31,,SWD10763,BRIDE,2024-09-03 16:32:54,下架,2026-07-10 11:18:18,120.0,0.0,0,0,,,0,swd,0,0,0,0,婚纱 BRIDE,False,726,False,,F,,F
2026-08-01--2026-08-31,,SWD10764,BRIDE,2023-05-04 17:47:02,下架,,149.0,0.0,0,0,,,0,swd,0,0,0,0,婚纱 BRIDE,False,1214,False,,F,,F
2026-08-01--2026-08-31,,SWD10765,BRIDE,2023-05-04 17:58:22,下架,,200.0,0.0,0,0,,,0,swd,0,0,0,0,婚纱 BRIDE,False,1214,False,,F,,F
2026-08-01--2026-08-31,,SWD10766,BRIDE,2023-05-04 18:05:17,下架,,180.0,0.0,0,0,,,0,swd,0,0,0,0,婚纱 BRIDE,False,1214,False,,F,,F
2026-08-01--2026-08-31,,SWD10767,BRIDE,2023-05-04 18:12:39,下架,,145.0,0.0,0,0,,,0,swd,0,0,0,0,婚纱 BRIDE,False,1214,False,,F,,F
2026-08-01--2026-08-31,,SWD10769,BRIDE,2024-08-20 15:46:59,下架,2026-04-16 14:13:33,168.0,0.0,0,0,,,0,swd,0,0,0,0,婚纱 BRIDE,False,740,False,,F,,F
2026-08-01--2026-08-31,,SWD10770,BRIDE,2024-08-29 14:25:34,下架,2026-08-26 12:07:54,320.0,0.0,0,11,2026-04-21 00:00:00,,0,swd,0,0,0,0,婚纱 BRIDE,False,731,False,,F,,F
2026-08-01--2026-08-31,,SWD10771,BRIDE,2024-08-26 18:00:00,下架,2026-08-26 12:07:54,139.0,0.0,0,0,,,0,swd,0,0,0,0,婚纱 BRIDE,False,734,False,,F,,F
2026-08-01--2026-08-31,,SWD10772,BRIDE,2023-05-05 10:34:36,下架,,169.0,0.0,0,0,,,0,swd,0,0,0,0,婚纱 BRIDE,False,1213,False,,F,,F
2026-08-01--2026-08-31,,SWD10726,BRIDE,2023-05-02 18:21:04,下架,,170.0,0.0,0,0,,,0,swd,0,0,0,0,婚纱 BRIDE,False,1216,False,,F,,F
2026-08-01--2026-08-31,,SWD10775,BRIDE,2024-08-20 20:35:37,上架,,250.0,0.0,0,4,2024-01-08 01:58:56,,0,swd,0,0,0,0,婚纱 BRIDE,True,740,False,,F,,F
2026-08-01--2026-08-31,,SWD10776,BRIDE,2024-08-21 11:16:21,下架,2026-06-04 17:14:19,219.0,0.0,0,0,,,0,swd,0,0,0,0,婚纱 BRIDE,False,739,False,,F,,F
2026-08-01--2026-08-31,,SWD10777,BRIDE,2024-08-20 18:25:30,下架,2026-07-10 11:18:18,230.0,0.0,0,0,,,0,swd,0,0,0,0,婚纱 BRIDE,False,740,False,,F,,F
2026-08-01--2026-08-31,,SWD10778,BRIDE,2024-08-16 21:32:32,上架,,179.0,0.0,0,6,2026-06-29 00:00:00,2026-06-29,3,swd,0,0,0,0,婚纱 BRIDE,True,744,False,,F,,F
2026-08-01--2026-08-31,,SWD10780,BRIDE,2023-05-05 11:56:29,下架,,220.0,0.0,0,0,,,0,swd,0,0,0,0,婚纱 BRIDE,False,1213,False,,F,,F
2026-08-01--2026-08-31,,SWD10781,BRIDE,2024-08-29 14:25:26,下架,2025-08-13 14:45:41,179.0,0.0,0,0,,,0,swd,0,0,0,0,婚纱 BRIDE,False,731,False,,F,,F
2026-08-01--2026-08-31,,SWD10782,BRIDE,2023-05-05 12:10:46,下架,,219.0,0.0,0,0,,,0,swd,0,0,0,0,婚纱 BRIDE,False,1213,False,,F,,F
2026-08-01--2026-08-31,,SWD10783,BRIDE,2023-05-05 12:21:08,下架,,200.0,0.0,0,0,,,0,swd,0,0,0,0,婚纱 BRIDE,False,1213,False,,F,,F
2026-08-01--2026-08-31,,SWD10784,BRIDE,2023-05-05 12:21:36,下架,,149.0,0.0,0,0,,,0,swd,0,0,0,0,婚纱 BRIDE,False,1213,False,,F,,F
2026-08-01--2026-08-31,,SWD10785,BRIDE,2024-08-21 18:38:54,下架,2026-07-10 11:18:18,220.0,0.0,0,0,,,0,swd,0,0,0,0,婚纱 BRIDE,False,739,False,,F,,F
2026-08-01--2026-08-31,,SWD10774,BRIDE,2024-08-22 16:48:11,下架,2026-08-26 12:07:54,295.0,0.0,0,0,,,0,swd,0,0,0,0,婚纱 BRIDE,False,738,False,,F,,F
2026-08-01--2026-08-31,,SWD10727,BRIDE,2024-08-26 17:59:36,下架,2026-06-04 17:14:19,169.0,0.0,0,1,2024-10-07 00:00:00,2024-10-07,3,swd,0,0,0,0,婚纱 BRIDE,False,734,False,,F,,F
2026-08-01--2026-08-31,,SWD10730,BRIDE,2024-08-16 14:05:35,下架,2026-03-05 09:43:13,160.0,0.0,0,25,2024-05-05 00:00:00,,0,swd,0,0,0,0,婚纱 BRIDE,False,744,False,,F,,F
2026-08-01--2026-08-31,,SWD10732,BRIDE,2024-09-04 17:31:40,下架,2026-08-05 12:06:03,200.0,0.0,0,5,2026-04-08 00:00:00,,0,swd,0,0,0,0,婚纱 BRIDE,False,725,False,,F,,F
2026-08-01--2026-08-31,,SWD10733,BRIDE,2024-08-26 17:59:51,上架,,149.0,0.0,0,7,2026-06-18 16:00:00,,0,swd,0,0,0,0,婚纱 BRIDE,True,734,False,,F,,F
2026-08-01--2026-08-31,,SWD10735,BRIDE,2024-08-26 17:58:53,下架,2026-07-10 11:21:26,149.0,0.0,0,6,2024-08-19 02:08:38,,0,swd,0,0,0,0,婚纱 BRIDE,False,734,False,,F,,F
2026-08-01--2026-08-31,,SWD10736,BRIDE,2023-05-02 22:08:49,下架,,149.0,0.0,0,0,,,0,swd,0,0,0,0,婚纱 BRIDE,False,1216,False,,F,,F
2026-08-01--2026-08-31,,SWD10737,BRIDE,2023-05-02 22:10:12,下架,,149.0,0.0,0,0,,,0,swd,0,0,0,0,婚纱 BRIDE,False,1216,False,,F,,F
2026-08-01--2026-08-31,,SWD10739,BRIDE,2024-08-29 14:24:50,上架,,199.0,0.0,0,17,2026-05-20 00:00:00,2026-05-20,6,swd,0,0,0,0,婚纱 BRIDE,True,731,False,,F,,F
2026-08-01--2026-08-31,,SWD10740,BRIDE,2024-09-03 16:32:46,下架,2026-08-05 12:06:03,179.0,0.0,0,1,2026-01-11 14:55:27,,0,swd,0,0,0,0,婚纱 BRIDE,False,726,False,,F,,F
2026-08-01--2026-08-31,,SWD10742,BRIDE,2023-05-03 16:48:10,下架,2023-05-03 22:25:06,180.0,0.0,0,0,,,0,swd,0,0,0,0,婚纱 BRIDE,False,1215,False,,F,,F
2026-08-01--2026-08-31,,SWD10761,BRIDE,2023-05-04 17:00:29,下架,,149.0,0.0,0,0,,,0,swd,0,0,0,0,婚纱 BRIDE,False,1214,False,,F,,F
2026-08-01--2026-08-31,,SWD10745,BRIDE,2024-08-19 17:09:38,上架,,175.0,0.0,0,26,2024-03-30 02:05:08,,0,swd,0,0,0,0,婚纱 BRIDE,True,741,False,,F,,F
2026-08-01--2026-08-31,,SWD10746,BRIDE,2024-08-20 15:46:51,下架,2026-06-04 17:14:19,148.0,0.0,0,0,,,0,swd,0,0,0,0,婚纱 BRIDE,False,740,False,,F,,F
2026-08-01--2026-08-31,,SWD10750,BRIDE,2024-08-29 14:25:09,下架,2025-08-13 14:45:42,190.0,0.0,0,0,,,0,swd,0,0,0,0,婚纱 BRIDE,False,731,False,,F,,F
2026-08-01--2026-08-31,,SWD10751,BRIDE,2023-05-04 11:12:21,下架,,180.0,0.0,0,0,,,0,swd,0,0,0,0,婚纱 BRIDE,False,1214,False,,F,,F
2026-08-01--2026-08-31,,SWD10752,BRIDE,2023-05-04 11:28:21,下架,,159.0,0.0,0,0,,,0,swd,0,0,0,0,婚纱 BRIDE,False,1214,False,,F,,F
2026-08-01--2026-08-31,,SWD10753,BRIDE,2023-05-04 12:26:38,下架,,149.0,0.0,0,0,,,0,swd,0,0,0,0,婚纱 BRIDE,False,1214,False,,F,,F
2026-08-01--2026-08-31,,SWD10754,BRIDE,2024-08-26 18:00:32,上架,,189.0,0.0,0,0,,,0,swd,0,0,0,0,婚纱 BRIDE,True,734,False,,F,,F
2026-08-01--2026-08-31,,SWD10755,BRIDE,2024-08-23 14:48:47,下架,2025-08-13 14:45:41,169.0,0.0,0,0,,,0,swd,0,0,0,0,婚纱 BRIDE,False,737,False,,F,,F
2026-08-01--2026-08-31,,SWD10756,BRIDE,2024-08-21 11:16:37,下架,2026-06-04 17:14:19,259.0,0.0,0,7,2024-08-06 02:19:45,,0,swd,0,0,0,0,婚纱 BRIDE,False,739,False,,F,,F
2026-08-01--2026-08-31,,SWD10758,BRIDE,2024-09-03 16:33:04,下架,2025-08-13 14:45:41,200.0,0.0,0,0,,,0,swd,0,0,0,0,婚纱 BRIDE,False,726,False,,F,,F
2026-08-01--2026-08-31,,SWD10759,BRIDE,2024-09-03 16:33:33,下架,2025-08-13 14:45:41,179.0,0.0,0,0,,,0,swd,0,0,0,0,婚纱 BRIDE,False,726,False,,F,,F
2026-08-01--2026-08-31,,SWD10743,BRIDE,2024-08-29 14:21:38,上架,,185.0,0.0,0,9,2026-08-11 16:15:59,,0,swd,0,0,0,0,婚纱 BRIDE,True,731,False,,F,,F
2026-08-01--2026-08-31,,SWD10570,BRIDE,2024-08-30 12:25:40,下架,2026-07-10 11:21:26,149.0,0.0,0,0,,,0,swd,0,0,0,0,婚纱 BRIDE,False,730,False,,F,,F
2026-08-01--2026-08-31,,SWD10571,BRIDE,2023-04-21 10:11:18,下架,,168.0,0.0,0,0,,,0,swd,0,0,0,0,婚纱 BRIDE,False,1227,False,,F,,F
2026-08-01--2026-08-31,,SWD10572,BRIDE,2024-08-27 11:00:07,下架,2026-08-26 12:07:54,168.0,0.0,0,0,,,0,swd,0,0,0,0,婚纱 BRIDE,False,733,False,,F,,F
2026-08-01--2026-08-31,,SWD10575,BRIDE,2024-08-30 12:26:17,下架,2025-08-13 14:45:44,149.0,0.0,0,0,,,0,swd,0,0,0,0,婚纱 BRIDE,False,730,False,,F,,F
2026-08-01--2026-08-31,,SWD10576,BRIDE,2023-04-21 18:08:22,下架,2023-06-01 12:06:03,199.0,0.0,0,0,,,0,swd,0,0,0,0,婚纱 BRIDE,False,1227,False,,F,,F
2026-08-01--2026-08-31,,SWD10577,BRIDE,2023-04-21 18:09:37,下架,,199.0,0.0,0,0,,,0,swd,0,0,0,0,婚纱 BRIDE,False,1227,False,,F,,F
2026-08-01--2026-08-31,,SWD10578,BRIDE,2023-04-21 18:16:25,下架,,199.0,0.0,0,0,,,0,swd,0,0,0,0,婚纱 BRIDE,False,1227,False,,F,,F
2026-08-01--2026-08-31,,SWD10579,BRIDE,2024-08-30 12:30:42,下架,2025-08-13 14:45:44,189.0,0.0,0,0,,,0,swd,0,0,0,0,婚纱 BRIDE,False,730,False,,F,,F
2026-08-01--2026-08-31,,SWD10581,BRIDE,2023-04-21 18:21:00,下架,,209.0,0.0,0,0,,,0,swd,0,0,0,0,婚纱 BRIDE,False,1227,False,,F,,F
2026-08-01--2026-08-31,,SWD10582,BRIDE,2023-04-21 18:22:23,下架,,199.0,0.0,0,0,,,0,swd,0,0,0,0,婚纱 BRIDE,False,1227,False,,F,,F
2026-08-01--2026-08-31,,SWD10666,BRIDE,2023-04-26 19:03:06,下架,,149.0,0.0,0,0,,,0,swd,0,0,0,0,婚纱 BRIDE,False,1222,False,,F,,F
2026-08-01--2026-08-31,,SWD10585,BRIDE,2023-04-21 18:27:10,下架,2023-04-24 11:15:10,209.0,0.0,0,0,,,0,swd,0,0,0,0,婚纱 BRIDE,False,1227,False,,F,,F
2026-08-01--2026-08-31,,SWD10586,BRIDE,2024-08-30 12:31:41,下架,2026-07-10 11:18:19,169.0,0.0,0,8,2026-05-29 00:00:00,,0,swd,0,0,0,0,婚纱 BRIDE,False,730,False,,F,,F
2026-08-01--2026-08-31,,SWD10587,BRIDE,2023-04-21 19:50:08,下架,,139.0,0.0,0,0,,,0,swd,0,0,0,0,婚纱 BRIDE,False,1227,False,,F,,F
2026-08-01--2026-08-31,,SWD10588,BRIDE,2024-08-22 18:21:14,下架,2025-08-13 14:45:44,159.0,0.0,0,0,,,0,swd,0,0,0,0,婚纱 BRIDE,False,738,False,,F,,F
2026-08-01--2026-08-31,,SWD10589,BRIDE,2024-11-28 16:54:46,上架,,139.0,0.0,0,49,2026-07-18 14:01:30,2025-07-16,2,swd,0,0,0,0,婚纱 BRIDE,True,640,False,,F,,F
2026-08-01--2026-08-31,,SWD10590,BRIDE,2024-08-27 11:01:56,下架,2025-08-13 14:45:44,149.0,0.0,0,0,,,0,swd,0,0,0,0,婚纱 BRIDE,False,733,False,,F,,F
2026-08-01--2026-08-31,,SWD10591,BRIDE,2024-08-21 09:53:39,下架,2025-08-13 14:45:44,149.0,0.0,0,0,,,0,swd,0,0,0,0,婚纱 BRIDE,False,739,False,,F,,F
2026-08-01--2026-08-31,,SWD10592,BRIDE,2024-08-30 14:45:35,下架,2026-08-26 12:07:54,149.0,0.0,0,8,2024-12-27 03:17:30,,0,swd,0,0,0,0,婚纱 BRIDE,False,730,False,,F,,F
2026-08-01--2026-08-31,,SWD10593,BRIDE,2023-04-23 15:53:53,下架,2023-04-23 18:19:33,149.0,0.0,0,0,,,0,swd,0,0,0,0,婚纱 BRIDE,False,1225,False,,F,,F
2026-08-01--2026-08-31,,SWD10594,BRIDE,2024-08-27 11:00:34,下架,2026-06-04 17:14:21,159.0,0.0,0,0,,,0,swd,0,0,0,0,婚纱 BRIDE,False,733,False,,F,,F
2026-08-01--2026-08-31,,SWD10583,BRIDE,2023-04-21 18:23:53,下架,,199.0,0.0,0,0,,,0,swd,0,0,0,0,婚纱 BRIDE,False,1227,False,,F,,F
2026-08-01--2026-08-31,,SWD10540,BRIDE,2024-08-27 10:44:38,下架,2025-08-13 14:45:44,149.0,0.0,0,0,,,0,swd,0,0,0,0,婚纱 BRIDE,False,733,False,,F,,F
2026-08-01--2026-08-31,,SWD10541,BRIDE,2023-04-13 19:11:22,下架,,149.0,0.0,0,0,,,0,swd,0,0,0,0,婚纱 BRIDE,False,1235,False,,F,,F
2026-08-01--2026-08-31,,SWD10542,BRIDE,2024-08-21 09:53:14,上架,,149.0,0.0,0,9,2024-10-06 03:30:06,,0,swd,0,0,0,0,婚纱 BRIDE,True,739,False,,F,,F
2026-08-01--2026-08-31,,SWD10543,BRIDE,2023-04-13 19:15:40,下架,,149.0,0.0,0,0,,,0,swd,0,0,0,0,婚纱 BRIDE,False,1235,False,,F,,F
2026-08-01--2026-08-31,,SWD10544,BRIDE,2023-04-13 19:17:31,下架,,149.0,0.0,0,0,,,0,swd,0,0,0,0,婚纱 BRIDE,False,1235,False,,F,,F
2026-08-01--2026-08-31,,SWD10545,BRIDE,2023-04-13 19:45:34,下架,2023-05-08 12:22:28,180.0,0.0,0,0,,,0,swd,0,0,0,0,婚纱 BRIDE,False,1235,False,,F,,F
2026-08-01--2026-08-31,,SWD10547,BRIDE,2023-04-13 19:49:09,下架,2026-07-10 11:21:26,180.0,0.0,0,0,,,0,swd,0,0,0,0,婚纱 BRIDE,False,1235,False,,F,,F
2026-08-01--2026-08-31,,SWD10548,BRIDE,2024-08-22 12:03:40,下架,2026-07-10 11:21:26,170.0,0.0,0,0,,,0,swd,0,0,0,0,婚纱 BRIDE,False,738,False,,F,,F
2026-08-01--2026-08-31,,SWD10549,BRIDE,2023-04-13 19:53:07,下架,,250.0,0.0,0,0,,,0,swd,0,0,0,0,婚纱 BRIDE,False,1235,False,,F,,F
2026-08-01--2026-08-31,,SWD10550,BRIDE,2024-08-27 10:45:51,下架,2026-06-04 17:14:21,159.0,0.0,0,0,,,0,swd,0,0,0,0,婚纱 BRIDE,False,733,False,,F,,F
2026-08-01--2026-08-31,,SWD10569,BRIDE,2023-04-20 16:54:09,下架,2024-01-29 12:23:01,199.0,0.0,0,4,2024-01-09 03:00:37,,0,swd,0,0,0,0,婚纱 BRIDE,False,1228,False,,F,,F
2026-08-01--2026-08-31,,SWD10552,BRIDE,2024-08-27 10:45:06,下架,2025-08-13 14:45:44,220.0,0.0,0,0,,,0,swd,0,0,0,0,婚纱 BRIDE,False,733,False,,F,,F
2026-08-01--2026-08-31,,SWD10553,BRIDE,2024-08-30 12:22:43,下架,2026-08-26 12:07:54,170.0,0.0,0,6,2026-03-06 16:00:00,,0,swd,0,0,0,0,婚纱 BRIDE,False,730,False,,F,,F
2026-08-01--2026-08-31,,SWD10557,BRIDE,2024-08-22 18:11:29,下架,2026-08-26 12:07:54,149.0,0.0,0,7,2026-05-07 00:00:00,,0,swd,0,0,0,0,婚纱 BRIDE,False,738,False,,F,,F
2026-08-01--2026-08-31,,SWD10558,BRIDE,2023-04-14 19:32:55,下架,2023-04-18 09:15:10,149.0,0.0,0,0,,,0,swd,0,0,0,0,婚纱 BRIDE,False,1234,False,,F,,F
2026-08-01--2026-08-31,,SWD10560,BRIDE,2024-08-19 16:24:10,上架,,159.0,0.0,0,10,2026-05-11 00:00:00,,0,swd,0,0,0,0,婚纱 BRIDE,True,741,False,,F,,F
2026-08-01--2026-08-31,,SWD10562,BRIDE,2024-08-22 11:57:25,下架,2026-06-04 17:14:21,139.0,0.0,0,0,,,0,swd,0,0,0,0,婚纱 BRIDE,False,738,False,,F,,F
2026-08-01--2026-08-31,,SWD10564,BRIDE,2023-04-19 11:29:44,下架,2023-06-06 17:01:09,178.0,0.0,0,0,,,0,swd,0,0,0,0,婚纱 BRIDE,False,1229,False,,F,,F
2026-08-01--2026-08-31,,SWD10565,BRIDE,2024-08-20 19:17:09,上架,,139.0,0.0,0,11,2024-10-05 09:10:46,,0,swd,0,0,0,0,婚纱 BRIDE,True,740,False,,F,,F
2026-08-01--2026-08-31,,SWD10566,BRIDE,2023-04-19 12:00:16,下架,,139.0,0.0,0,0,,,0,swd,0,0,0,0,婚纱 BRIDE,False,1229,False,,F,,F
2026-08-01--2026-08-31,,SWD10567,BRIDE,2023-04-19 12:24:27,下架,,139.0,0.0,0,0,,,0,swd,0,0,0,0,婚纱 BRIDE,False,1229,False,,F,,F
2026-08-01--2026-08-31,,SWD10568,BRIDE,2023-04-19 14:27:26,下架,,168.0,0.0,0,25,2024-05-10 00:00:00,,0,swd,0,0,0,0,婚纱 BRIDE,False,1229,False,,F,,F
2026-08-01--2026-08-31,,SWD10551,BRIDE,2023-04-13 20:06:52,下架,,210.0,0.0,0,0,,,0,swd,0,0,0,0,婚纱 BRIDE,False,1235,False,,F,,F
2026-08-01--2026-08-31,,SWD10634,BRIDE,2023-04-25 18:21:00,下架,,199.0,0.0,0,0,,,0,swd,0,0,0,0,婚纱 BRIDE,False,1223,False,,F,,F
2026-08-01--2026-08-31,,SWD10635,BRIDE,2024-08-30 12:32:31,下架,2026-07-10 11:21:26,189.0,0.0,0,0,,,0,swd,0,0,0,0,婚纱 BRIDE,False,730,False,,F,,F
2026-08-01--2026-08-31,,SWD10636,BRIDE,2023-04-25 18:23:47,下架,2023-04-26 09:06:10,239.0,0.0,0,0,,,0,swd,0,0,0,0,婚纱 BRIDE,False,1223,False,,F,,F
2026-08-01--2026-08-31,,SWD10637,BRIDE,2024-08-30 12:33:47,下架,2026-07-10 11:18:19,229.0,0.0,0,0,,,0,swd,0,0,0,0,婚纱 BRIDE,False,730,False,,F,,F
2026-08-01--2026-08-31,,SWD10638,BRIDE,2024-08-30 12:33:38,下架,2026-06-04 17:14:20,179.0,0.0,0,0,,,0,swd,0,0,0,0,婚纱 BRIDE,False,730,False,,F,,F
2026-08-01--2026-08-31,,SWD10639,BRIDE,2024-08-21 09:51:57,下架,2026-07-10 11:18:18,149.0,0.0,0,0,,,0,swd,0,0,0,0,婚纱 BRIDE,False,739,False,,F,,F
2026-08-01--2026-08-31,,SWD10640,BRIDE,2023-04-26 09:27:15,下架,,154.0,0.0,0,0,,,0,swd,0,0,0,0,婚纱 BRIDE,False,1222,False,,F,,F
2026-08-01--2026-08-31,,SWD10641,BRIDE,2023-04-26 09:29:10,下架,,149.0,0.0,0,0,,,0,swd,0,0,0,0,婚纱 BRIDE,False,1222,False,,F,,F
2026-08-01--2026-08-31,,SWD10642,BRIDE,2023-04-26 09:50:43,下架,,149.0,0.0,0,0,,,0,swd,0,0,0,0,婚纱 BRIDE,False,1222,False,,F,,F
2026-08-01--2026-08-31,,SWD10643,BRIDE,2024-08-30 12:33:30,上架,,149.0,0.0,0,0,,,0,swd,0,0,0,0,婚纱 BRIDE,True,730,False,,F,,F
2026-08-01--2026-08-31,,SWD10595,BRIDE,2023-04-23 16:09:41,下架,,149.0,0.0,0,0,,,0,swd,0,0,0,0,婚纱 BRIDE,False,1225,False,,F,,F
2026-08-01--2026-08-31,,SWD10645,BRIDE,2024-08-22 12:13:38,下架,2025-08-13 14:45:43,149.0,0.0,0,0,,,0,swd,0,0,0,0,婚纱 BRIDE,False,738,False,,F,,F
2026-08-01--2026-08-31,,SWD10647,BRIDE,2024-08-30 12:34:26,下架,2025-08-13 14:45:43,195.0,0.0,0,0,,,0,swd,0,0,0,0,婚纱 BRIDE,False,730,False,,F,,F
2026-08-01--2026-08-31,,SWD10649,BRIDE,2024-08-30 12:35:09,上架,,230.0,0.0,0,7,2024-12-02 06:26:33,,0,swd,0,0,0,0,婚纱 BRIDE,True,730,False,,F,,F
2026-08-01--2026-08-31,,SWD10650,BRIDE,2024-08-22 12:12:43,下架,2025-08-13 14:45:43,149.0,0.0,0,0,,,0,swd,0,0,0,0,婚纱 BRIDE,False,738,False,,F,,F
2026-08-01--2026-08-31,,SWD10651,BRIDE,2023-04-26 14:42:15,下架,,145.0,0.0,0,0,,,0,swd,0,0,0,0,婚纱 BRIDE,False,1222,False,,F,,F
2026-08-01--2026-08-31,,SWD10656,BRIDE,2024-08-19 18:34:44,上架,,279.0,0.0,0,11,2026-07-22 00:00:00,2024-12-18,2,swd,0,0,0,0,婚纱 BRIDE,True,741,False,,F,,F
2026-08-01--2026-08-31,,SWD10658,BRIDE,2024-11-29 11:48:29,上架,,149.0,0.0,0,44,2026-07-22 00:00:00,2024-08-26,4,swd,0,0,0,0,婚纱 BRIDE,True,639,False,,F,,F
2026-08-01--2026-08-31,,SWD10661,BRIDE,2023-04-26 17:38:14,下架,2026-07-10 11:21:26,168.0,0.0,0,0,,,0,swd,0,0,0,0,婚纱 BRIDE,False,1222,False,,F,,F
2026-08-01--2026-08-31,,SWD10663,BRIDE,2023-04-26 17:51:33,下架,2023-04-27 09:28:14,159.0,0.0,0,0,,,0,swd,0,0,0,0,婚纱 BRIDE,False,1222,False,,F,,F
2026-08-01--2026-08-31,,SWD10664,BRIDE,2024-11-19 11:51:29,下架,2026-06-04 17:14:20,160.0,0.0,0,16,2026-03-28 00:42:38,2025-06-18,5,swd,0,0,0,0,婚纱 BRIDE,False,649,False,,F,,F
2026-08-01--2026-08-31,,SWD10665,BRIDE,2023-04-26 18:20:53,下架,,154.0,0.0,0,0,,,0,swd,0,0,0,0,婚纱 BRIDE,False,1222,False,,F,,F
2026-08-01--2026-08-31,,SWD10644,BRIDE,2024-08-30 12:33:21,下架,2025-08-13 14:45:43,149.0,0.0,0,0,,,0,swd,0,0,0,0,婚纱 BRIDE,False,730,False,,F,,F
2026-08-01--2026-08-31,,SWD10599,BRIDE,2024-08-16 06:35:26,上架,,149.0,0.0,0,35,2026-08-04 18:56:11,,0,swd,0,0,0,0,婚纱 BRIDE,True,744,False,,F,,F
2026-08-01--2026-08-31,,SWD10600,BRIDE,2024-08-30 12:31:21,下架,2025-08-13 14:45:44,130.0,0.0,0,0,,,0,swd,0,0,0,0,婚纱 BRIDE,False,730,False,,F,,F
2026-08-01--2026-08-31,,SWD10601,BRIDE,2024-08-22 12:04:00,下架,2026-07-10 11:18:19,130.0,0.0,0,0,,,0,swd,0,0,0,0,婚纱 BRIDE,False,738,False,,F,,F
2026-08-01--2026-08-31,,SWD10602,BRIDE,2023-04-23 21:52:42,下架,,130.0,0.0,0,0,,,0,swd,0,0,0,0,婚纱 BRIDE,False,1225,False,,F,,F
2026-08-01--2026-08-31,,SWD10603,BRIDE,2024-08-30 12:31:58,下架,2025-08-13 14:45:44,149.0,0.0,0,0,,,0,swd,0,0,0,0,婚纱 BRIDE,False,730,False,,F,,F
2026-08-01--2026-08-31,,SWD10604,BRIDE,2024-09-27 11:55:51,下架,2026-06-04 17:14:21,149.0,0.0,0,0,,,0,swd,0,0,0,0,婚纱 BRIDE,False,702,False,,F,,F
2026-08-01--2026-08-31,,SWD10605,BRIDE,2023-04-23 23:22:54,下架,,149.0,0.0,0,0,,,0,swd,0,0,0,0,婚纱 BRIDE,False,1225,False,,F,,F
2026-08-01--2026-08-31,,SWD10607,BRIDE,2024-08-19 20:06:44,下架,2025-08-13 14:45:43,159.0,0.0,0,0,,,0,swd,0,0,0,0,婚纱 BRIDE,False,741,False,,F,,F
2026-08-01--2026-08-31,,SWD10611,BRIDE,2024-08-21 09:53:00,下架,2025-09-02 18:22:11,159.0,0.0,0,0,,,0,swd,0,0,0,0,婚纱 BRIDE,False,739,False,,F,,F
2026-08-01--2026-08-31,,SWD10612,BRIDE,2024-08-21 12:10:36,下架,2026-06-04 17:14:21,159.0,0.0,0,8,2024-09-02 08:58:34,,0,swd,0,0,0,0,婚纱 BRIDE,False,739,False,,F,,F
2026-08-01--2026-08-31,,SWD10631,BRIDE,2023-04-25 17:47:17,下架,,149.0,0.0,0,0,,,0,swd,0,0,0,0,婚纱 BRIDE,False,1223,False,,F,,F
2026-08-01--2026-08-31,,SWD10614,BRIDE,2024-08-22 12:05:00,下架,2026-08-26 12:07:54,159.0,0.0,0,10,2026-04-05 00:00:00,,0,swd,0,0,0,0,婚纱 BRIDE,False,738,False,,F,,F
2026-08-01--2026-08-31,,SWD10615,BRIDE,2024-08-30 12:32:20,下架,2025-08-13 14:45:43,149.0,0.0,0,0,,,0,swd,0,0,0,0,婚纱 BRIDE,False,730,False,,F,,F
2026-08-01--2026-08-31,,SWD10616,BRIDE,2024-08-22 18:20:39,下架,2026-08-26 12:07:54,158.0,0.0,0,0,,,0,swd,0,0,0,0,婚纱 BRIDE,False,738,False,,F,,F
2026-08-01--2026-08-31,,SWD10617,BRIDE,2024-08-22 18:20:48,下架,2025-08-13 14:45:43,149.0,0.0,0,0,,,0,swd,0,0,0,0,婚纱 BRIDE,False,738,False,,F,,F
2026-08-01--2026-08-31,,SWD10618,BRIDE,2023-04-24 20:58:55,下架,2026-06-04 17:14:20,149.0,0.0,0,0,,,0,swd,0,0,0,0,婚纱 BRIDE,False,1224,False,,F,,F
2026-08-01--2026-08-31,,SWD10619,BRIDE,2024-08-22 12:04:45,上架,,149.0,0.0,0,0,,,0,swd,0,0,0,0,婚纱 BRIDE,True,738,False,,F,,F
2026-08-01--2026-08-31,,SWD10620,BRIDE,2024-08-30 12:31:51,下架,2025-08-13 14:45:43,149.0,0.0,0,0,,,0,swd,0,0,0,0,婚纱 BRIDE,False,730,False,,F,,F
2026-08-01--2026-08-31,,SWD10623,BRIDE,2024-08-22 18:20:22,下架,2025-08-13 14:45:43,149.0,0.0,0,0,,,0,swd,0,0,0,0,婚纱 BRIDE,False,738,False,,F,,F
2026-08-01--2026-08-31,,SWD10625,BRIDE,2024-08-21 12:10:17,下架,,159.0,0.0,0,0,,,0,swd,0,0,0,0,婚纱 BRIDE,False,739,False,,F,,F
2026-08-01--2026-08-31,,SWD10626,BRIDE,2024-08-21 12:10:25,下架,2026-07-10 11:21:26,149.0,0.0,0,5,2023-06-29 00:00:00,2023-06-29,4,swd,0,0,0,0,婚纱 BRIDE,False,739,False,,F,,F
2026-08-01--2026-08-31,,SWD10628,BRIDE,2024-08-30 12:33:09,下架,2025-08-13 14:45:43,149.0,0.0,0,0,,,0,swd,0,0,0,0,婚纱 BRIDE,False,730,False,,F,,F
2026-08-01--2026-08-31,,SWD10613,BRIDE,2023-04-24 18:40:32,下架,2023-04-25 14:23:46,159.0,0.0,0,0,,,0,swd,0,0,0,0,婚纱 BRIDE,False,1224,False,,F,,F
2026-08-01--2026-08-31,,SWD10947,BRIDE,2023-05-17 17:29:12,下架,2023-05-23 10:13:17,170.0,0.0,0,0,,,0,swd,0,0,0,0,婚纱 BRIDE,False,1201,False,,F,,F
2026-08-01--2026-08-31,,SWD10948,BRIDE,2023-05-17 18:00:21,下架,,190.0,0.0,0,0,,,0,swd,0,0,0,0,婚纱 BRIDE,False,1201,False,,F,,F
2026-08-01--2026-08-31,,SWD10950,BRIDE,2023-05-17 18:24:02,下架,,149.0,0.0,0,0,,,0,swd,0,0,0,0,婚纱 BRIDE,False,1201,False,,F,,F
2026-08-01--2026-08-31,,SWD10951,BRIDE,2024-08-26 18:06:16,下架,2025-08-13 14:45:39,170.0,0.0,0,0,,,0,swd,0,0,0,0,婚纱 BRIDE,False,734,False,,F,,F
2026-08-01--2026-08-31,,SWD10952,BRIDE,2024-08-16 18:03:09,上架,,178.0,0.0,0,29,2026-06-22 00:00:00,2026-06-22,1,swd,0,0,0,0,婚纱 BRIDE,True,744,False,,F,,F
2026-08-01--2026-08-31,,SWD10953,BRIDE,2023-05-18 11:23:53,下架,,179.0,0.0,0,0,,,0,swd,0,0,0,0,婚纱 BRIDE,False,1200,False,,F,,F
2026-08-01--2026-08-31,,SWD10954,BRIDE,2024-08-29 14:42:51,下架,2025-08-13 14:45:39,149.0,0.0,0,0,,,0,swd,0,0,0,0,婚纱 BRIDE,False,731,False,,F,,F
2026-08-01--2026-08-31,,SWD10955,BRIDE,2023-05-18 11:46:12,下架,,149.0,0.0,0,0,,,0,swd,0,0,0,0,婚纱 BRIDE,False,1200,False,,F,,F
2026-08-01--2026-08-31,,SWD10956,BRIDE,2023-05-18 12:14:36,下架,,159.0,0.0,0,0,,,0,swd,0,0,0,0,婚纱 BRIDE,False,1200,False,,F,,F
2026-08-01--2026-08-31,,SWD10957,BRIDE,2024-08-26 18:07:21,下架,2026-07-10 11:21:26,180.0,0.0,0,0,,,0,swd,0,0,0,0,婚纱 BRIDE,False,734,False,,F,,F
2026-08-01--2026-08-31,,SWD10787,BRIDE,2024-08-23 14:48:38,下架,2025-08-13 14:45:41,189.0,0.0,0,0,,,0,swd,0,0,0,0,婚纱 BRIDE,False,737,False,,F,,F
2026-08-01--2026-08-31,,SWD10960,BRIDE,2024-08-29 14:42:35,下架,2026-08-05 12:06:03,200.0,0.0,0,0,,,0,swd,0,0,0,0,婚纱 BRIDE,False,731,False,,F,,F
2026-08-01--2026-08-31,,SWD10961,BRIDE,2024-08-20 16:19:35,下架,2026-08-05 12:06:03,220.0,0.0,0,0,,,0,swd,0,0,0,0,婚纱 BRIDE,False,740,False,,F,,F
2026-08-01--2026-08-31,,SWD10962,BRIDE,2023-05-18 14:40:17,下架,2023-05-23 18:05:11,200.0,0.0,0,0,,,0,swd,0,0,0,0,婚纱 BRIDE,False,1200,False,,F,,F
2026-08-01--2026-08-31,,SWD10964,BRIDE,2024-08-23 14:52:27,下架,2025-08-13 14:45:39,149.0,0.0,0,0,,,0,swd,0,0,0,0,婚纱 BRIDE,False,737,False,,F,,F
2026-08-01--2026-08-31,,SWD10965,BRIDE,2023-05-18 15:22:53,下架,2023-05-24 08:39:21,180.0,0.0,0,0,,,0,swd,0,0,0,0,婚纱 BRIDE,False,1200,False,,F,,F
2026-08-01--2026-08-31,,SWD10967,BRIDE,2023-05-18 18:06:58,下架,,198.0,0.0,0,0,,,0,swd,0,0,0,0,婚纱 BRIDE,False,1200,False,,F,,F
2026-08-01--2026-08-31,,SWD10968,BRIDE,2024-08-21 18:52:20,下架,2026-07-10 11:18:18,249.0,0.0,0,0,,,0,swd,0,0,0,0,婚纱 BRIDE,False,739,False,,F,,F
2026-08-01--2026-08-31,,SWD10970,BRIDE,2023-05-18 18:17:40,下架,,170.0,0.0,0,0,,,0,swd,0,0,0,0,婚纱 BRIDE,False,1200,False,,F,,F
2026-08-01--2026-08-31,,SWD10971,BRIDE,2023-05-18 18:28:32,下架,,149.0,0.0,0,0,,,0,swd,0,0,0,0,婚纱 BRIDE,False,1200,False,,F,,F
2026-08-01--2026-08-31,,SWD10972,BRIDE,2023-05-19 09:27:24,下架,,200.0,0.0,0,0,,,0,swd,0,0,0,0,婚纱 BRIDE,False,1199,False,,F,,F
2026-08-01--2026-08-31,,SWD10958,BRIDE,2024-08-23 14:52:58,下架,2026-06-04 17:14:17,159.0,0.0,0,0,,,0,swd,0,0,0,0,婚纱 BRIDE,False,737,False,,F,,F
2026-08-01--2026-08-31,,SWD10920,BRIDE,2024-08-23 14:52:35,下架,2026-06-04 17:14:17,149.0,0.0,0,0,,,0,swd,0,0,0,0,婚纱 BRIDE,False,737,False,,F,,F
2026-08-01--2026-08-31,,SWD10922,BRIDE,2024-08-22 16:50:33,上架,,200.0,0.0,0,0,,,0,swd,0,0,0,0,婚纱 BRIDE,True,738,False,,F,,F
2026-08-01--2026-08-31,,SWD10923,BRIDE,2024-09-04 11:06:53,下架,2026-08-05 12:06:03,164.0,0.0,0,0,,,0,swd,0,0,0,0,婚纱 BRIDE,False,725,False,,F,,F
2026-08-01--2026-08-31,,SWD10924,BRIDE,2023-05-17 15:29:05,下架,,178.0,0.0,0,0,,,0,swd,0,0,0,0,婚纱 BRIDE,False,1201,False,,F,,F
2026-08-01--2026-08-31,,SWD10925,BRIDE,2024-09-04 11:07:37,下架,2025-08-13 14:45:39,220.0,0.0,0,0,,,0,swd,0,0,0,0,婚纱 BRIDE,False,725,False,,F,,F
2026-08-01--2026-08-31,,SWD10926,BRIDE,2024-09-04 11:07:02,下架,2025-08-13 14:45:39,149.0,0.0,0,0,,,0,swd,0,0,0,0,婚纱 BRIDE,False,725,False,,F,,F
2026-08-01--2026-08-31,,SWD10927,BRIDE,2024-08-20 20:36:47,上架,,249.0,0.0,0,0,,,0,swd,0,0,0,0,婚纱 BRIDE,True,740,False,,F,,F
2026-08-01--2026-08-31,,SWD10928,BRIDE,2023-05-17 16:16:59,下架,,159.0,0.0,0,0,,,0,swd,0,0,0,0,婚纱 BRIDE,False,1201,False,,F,,F
2026-08-01--2026-08-31,,SWD10929,BRIDE,2023-05-17 16:18:59,下架,2023-05-24 08:44:22,159.0,0.0,0,0,,,0,swd,0,0,0,0,婚纱 BRIDE,False,1201,False,,F,,F
2026-08-01--2026-08-31,,SWD10930,BRIDE,2023-05-17 16:23:51,下架,2024-06-26 11:00:08,178.0,0.0,0,0,,,0,swd,0,0,0,0,婚纱 BRIDE,False,1201,False,,F,,F
2026-08-01--2026-08-31,,SWD10944,BRIDE,2023-05-17 17:09:26,下架,,149.0,0.0,0,0,,,0,swd,0,0,0,0,婚纱 BRIDE,False,1201,False,,F,,F
2026-08-01--2026-08-31,,SWD10933,BRIDE,2024-08-26 18:07:14,下架,2026-06-04 17:14:17,250.0,0.0,0,1,2025-08-01 00:00:00,2025-08-01,4,swd,0,0,0,0,婚纱 BRIDE,False,734,False,,F,,F
2026-08-01--2026-08-31,,SWD10934,BRIDE,2024-08-26 18:05:59,下架,2025-08-13 14:45:39,149.0,0.0,0,0,,,0,swd,0,0,0,0,婚纱 BRIDE,False,734,False,,F,,F
2026-08-01--2026-08-31,,SWD10935,BRIDE,2024-08-26 18:05:26,下架,2026-08-26 12:07:54,209.0,0.0,0,0,,,0,swd,0,0,0,0,婚纱 BRIDE,False,734,False,,F,,F
2026-08-01--2026-08-31,,SWD10936,BRIDE,2024-08-29 14:41:02,下架,2026-07-10 11:21:26,149.0,0.0,0,0,,,0,swd,0,0,0,0,婚纱 BRIDE,False,731,False,,F,,F
2026-08-01--2026-08-31,,SWD10937,BRIDE,2024-08-19 17:09:47,上架,,230.0,0.0,0,10,2024-08-29 08:23:28,2024-08-27,1,swd,0,0,0,0,婚纱 BRIDE,True,741,False,,F,,F
2026-08-01--2026-08-31,,SWD10938,BRIDE,2023-05-17 16:43:55,下架,,159.0,0.0,0,0,,,0,swd,0,0,0,0,婚纱 BRIDE,False,1201,False,,F,,F
2026-08-01--2026-08-31,,SWD10939,BRIDE,2024-09-04 11:30:59,上架,,159.0,0.0,0,17,2026-05-24 16:00:00,2026-04-15,8,swd,0,0,0,0,婚纱 BRIDE,True,725,False,,F,,F
2026-08-01--2026-08-31,,SWD10940,BRIDE,2023-05-17 16:47:18,下架,,199.0,0.0,0,0,,,0,swd,0,0,0,0,婚纱 BRIDE,False,1201,False,,F,,F
2026-08-01--2026-08-31,,SWD10941,BRIDE,2024-08-21 11:17:53,下架,2026-06-04 17:14:17,230.0,0.0,0,0,,,0,swd,0,0,0,0,婚纱 BRIDE,False,739,False,,F,,F
2026-08-01--2026-08-31,,SWD10942,BRIDE,2024-09-04 11:31:48,下架,2026-07-10 11:21:26,180.0,0.0,0,0,,,0,swd,0,0,0,0,婚纱 BRIDE,False,725,False,,F,,F
2026-08-01--2026-08-31,,SWD10943,BRIDE,2024-08-29 14:42:59,下架,2025-08-13 14:45:39,170.0,0.0,0,0,,,0,swd,0,0,0,0,婚纱 BRIDE,False,731,False,,F,,F
2026-08-01--2026-08-31,,SWD10932,BRIDE,2023-05-17 16:29:06,下架,,219.0,0.0,0,0,,,0,swd,0,0,0,0,婚纱 BRIDE,False,1201,False,,F,,F
2026-08-01--2026-08-31,,SWD11006,BRIDE,2024-08-26 18:07:58,下架,2026-06-04 17:14:16,149.0,0.0,0,0,,,0,swd,0,0,0,0,婚纱 BRIDE,False,734,False,,F,,F
2026-08-01--2026-08-31,,SWD11007,BRIDE,2024-08-26 18:08:33,下架,2026-07-10 11:18:18,149.0,0.0,0,0,,,0,swd,0,0,0,0,婚纱 BRIDE,False,734,False,,F,,F
2026-08-01--2026-08-31,,SWD11009,BRIDE,2024-09-04 11:34:19,下架,2026-07-10 11:21:26,149.0,0.0,0,0,,,0,swd,0,0,0,0,婚纱 BRIDE,False,725,False,,F,,F
2026-08-01--2026-08-31,,SWD11010,BRIDE,2023-05-22 14:16:25,下架,,139.0,0.0,0,0,,,0,swd,0,0,0,0,婚纱 BRIDE,False,1196,False,,F,,F
2026-08-01--2026-08-31,,SWD11011,BRIDE,2023-05-22 14:20:37,下架,,149.0,0.0,0,0,,,0,swd,0,0,0,0,婚纱 BRIDE,False,1196,False,,F,,F
2026-08-01--2026-08-31,,SWD11014,BRIDE,2024-08-22 16:49:21,下架,2026-06-04 17:14:16,149.0,0.0,0,6,2024-07-14 01:59:46,,0,swd,0,0,0,0,婚纱 BRIDE,False,738,False,,F,,F
2026-08-01--2026-08-31,,SWD11016,BRIDE,2024-08-29 14:45:15,下架,2026-08-26 12:07:54,159.0,0.0,0,5,2026-06-30 16:00:00,,0,swd,0,0,0,0,婚纱 BRIDE,False,731,False,,F,,F
2026-08-01--2026-08-31,,SWD11017,BRIDE,2024-08-16 18:56:37,下架,2026-06-04 17:14:16,149.0,0.0,0,23,2024-03-27 09:33:42,,0,swd,0,0,0,0,婚纱 BRIDE,False,744,False,,F,,F
2026-08-01--2026-08-31,,SWD11019,BRIDE,2023-05-22 15:29:46,下架,,139.0,0.0,0,0,,,0,swd,0,0,0,0,婚纱 BRIDE,False,1196,False,,F,,F
2026-08-01--2026-08-31,,SWD11020,BRIDE,2023-05-22 15:31:59,下架,,175.0,0.0,0,0,,,0,swd,0,0,0,0,婚纱 BRIDE,False,1196,False,,F,,F
2026-08-01--2026-08-31,,SWD10973,BRIDE,2024-09-04 11:31:07,上架,,179.0,0.0,0,8,2026-07-15 00:00:00,,0,swd,0,0,0,0,婚纱 BRIDE,True,725,False,,F,,F
2026-08-01--2026-08-31,,SWD11023,BRIDE,2023-05-23 10:27:52,下架,,149.0,0.0,0,0,,,0,swd,0,0,0,0,婚纱 BRIDE,False,1195,False,,F,,F
2026-08-01--2026-08-31,,SWD11024,BRIDE,2023-05-23 10:30:39,下架,,149.0,0.0,0,0,,,0,swd,0,0,0,0,婚纱 BRIDE,False,1195,False,,F,,F
2026-08-01--2026-08-31,,SWD11025,BRIDE,2023-05-23 14:11:16,下架,2023-08-03 16:40:42,129.0,0.0,0,0,,,0,swd,0,0,0,0,婚纱 BRIDE,False,1195,False,,F,,F
2026-08-01--2026-08-31,,SWD11026,BRIDE,2024-09-04 11:33:27,下架,2025-08-13 14:45:38,189.0,0.0,0,0,,,0,swd,0,0,0,0,婚纱 BRIDE,False,725,False,,F,,F
2026-08-01--2026-08-31,,SWD11027,BRIDE,2024-09-04 11:35:02,下架,2026-06-04 17:14:16,149.0,0.0,0,0,,,0,swd,0,0,0,0,婚纱 BRIDE,False,725,False,,F,,F
2026-08-01--2026-08-31,,SWD11028,BRIDE,2024-08-29 14:46:02,下架,2025-08-13 14:45:38,149.0,0.0,0,0,,,0,swd,0,0,0,0,婚纱 BRIDE,False,731,False,,F,,F
2026-08-01--2026-08-31,,SWD11029,BRIDE,2023-05-23 17:11:38,下架,2023-05-31 09:59:22,229.0,0.0,0,0,,,0,swd,0,0,0,0,婚纱 BRIDE,False,1195,False,,F,,F
2026-08-01--2026-08-31,,SWD11030,BRIDE,2023-05-23 17:24:50,下架,2023-05-31 09:57:56,229.0,0.0,0,0,,,0,swd,0,0,0,0,婚纱 BRIDE,False,1195,False,,F,,F
2026-08-01--2026-08-31,,SWD11031,BRIDE,2023-05-23 17:45:03,下架,2023-05-31 09:57:37,149.0,0.0,0,0,,,0,swd,0,0,0,0,婚纱 BRIDE,False,1195,False,,F,,F
2026-08-01--2026-08-31,,SWD11032,BRIDE,2023-05-23 17:50:04,下架,2023-06-04 23:30:30,149.0,0.0,0,0,,,0,swd,0,0,0,0,婚纱 BRIDE,False,1195,False,,F,,F
2026-08-01--2026-08-31,,SWD11021,BRIDE,2023-05-22 15:34:25,下架,,149.0,0.0,0,0,,,0,swd,0,0,0,0,婚纱 BRIDE,False,1196,False,,F,,F
2026-08-01--2026-08-31,,SWD10974,BRIDE,2024-09-04 11:31:16,下架,2026-06-04 17:14:17,129.0,0.0,0,0,,,0,swd,0,0,0,0,婚纱 BRIDE,False,725,False,,F,,F
2026-08-01--2026-08-31,,SWD10975,BRIDE,2023-05-19 14:36:00,下架,,168.0,0.0,0,0,,,0,swd,0,0,0,0,婚纱 BRIDE,False,1199,False,,F,,F
2026-08-01--2026-08-31,,SWD10976,BRIDE,2024-08-26 18:06:48,下架,2026-06-04 17:14:17,169.0,0.0,0,0,,,0,swd,0,0,0,0,婚纱 BRIDE,False,734,False,,F,,F
2026-08-01--2026-08-31,,SWD10977,BRIDE,2024-08-20 16:19:53,上架,,149.0,0.0,0,8,2026-06-26 00:00:00,2024-07-01,3,swd,0,0,0,0,婚纱 BRIDE,True,740,False,,F,,F
2026-08-01--2026-08-31,,SWD10978,BRIDE,2024-08-23 14:52:15,下架,2026-06-04 17:14:17,180.0,0.0,0,0,,,0,swd,0,0,0,0,婚纱 BRIDE,False,737,False,,F,,F
2026-08-01--2026-08-31,,SWD10979,BRIDE,2023-05-19 14:53:38,下架,,179.0,0.0,0,0,,,0,swd,0,0,0,0,婚纱 BRIDE,False,1199,False,,F,,F
2026-08-01--2026-08-31,,SWD10980,BRIDE,2024-09-04 11:30:42,下架,2025-08-13 14:45:39,149.0,0.0,0,0,,,0,swd,0,0,0,0,婚纱 BRIDE,False,725,False,,F,,F
2026-08-01--2026-08-31,,SWD10981,BRIDE,2024-09-04 11:30:50,上架,,159.0,0.0,0,13,2026-06-25 00:00:00,,0,swd,0,0,0,0,婚纱 BRIDE,True,725,False,,F,,F
2026-08-01--2026-08-31,,SWD10983,BRIDE,2024-08-29 14:42:43,下架,2025-08-13 14:45:39,149.0,0.0,0,0,,,0,swd,0,0,0,0,婚纱 BRIDE,False,731,False,,F,,F
2026-08-01--2026-08-31,,SWD10984,BRIDE,2024-08-26 18:06:06,下架,2025-08-13 14:45:39,159.0,0.0,0,0,,,0,swd,0,0,0,0,婚纱 BRIDE,False,734,False,,F,,F
2026-08-01--2026-08-31,,SWD11003,BRIDE,2024-08-22 16:49:29,下架,2025-08-13 14:45:38,159.0,0.0,0,0,,,0,swd,0,0,0,0,婚纱 BRIDE,False,738,False,,F,,F
2026-08-01--2026-08-31,,SWD10986,BRIDE,2024-08-21 18:52:03,下架,2025-08-13 14:45:38,159.0,0.0,0,21,2024-04-28 00:00:00,,0,swd,0,0,0,0,婚纱 BRIDE,False,739,False,,F,,F
2026-08-01--2026-08-31,,SWD10987,BRIDE,2024-08-23 14:52:47,下架,2026-06-04 17:14:17,179.0,0.0,0,5,2024-01-12 02:02:03,,0,swd,0,0,0,0,婚纱 BRIDE,False,737,False,,F,,F
2026-08-01--2026-08-31,,SWD10988,BRIDE,2024-08-26 18:06:24,下架,2026-08-26 12:07:54,169.0,0.0,0,0,,,0,swd,0,0,0,0,婚纱 BRIDE,False,734,False,,F,,F
2026-08-01--2026-08-31,,SWD10993,BRIDE,2024-08-16 16:03:52,下架,2026-08-26 12:07:54,239.0,0.0,0,5,2023-05-19 00:00:00,2023-05-19,6,swd,0,0,0,0,婚纱 BRIDE,False,744,False,,F,,F
2026-08-01--2026-08-31,,SWD10994,BRIDE,2024-08-23 14:51:33,下架,2026-07-10 11:18:18,149.0,0.0,0,1,2025-03-05 00:00:00,2025-03-05,2,swd,0,0,0,0,婚纱 BRIDE,False,737,False,,F,,F
2026-08-01--2026-08-31,,SWD10995,BRIDE,2024-09-04 11:33:18,下架,2025-08-13 14:45:38,149.0,0.0,0,0,,,0,swd,0,0,0,0,婚纱 BRIDE,False,725,False,,F,,F
2026-08-01--2026-08-31,,SWD10998,BRIDE,2024-08-26 18:06:40,下架,2025-08-13 14:45:38,195.0,0.0,0,0,,,0,swd,0,0,0,0,婚纱 BRIDE,False,734,False,,F,,F
2026-08-01--2026-08-31,,SWD10999,BRIDE,2024-08-22 16:50:17,下架,2026-07-10 11:18:18,180.0,0.0,0,0,,,0,swd,0,0,0,0,婚纱 BRIDE,False,738,False,,F,,F
2026-08-01--2026-08-31,,SWD11000,BRIDE,2023-05-19 18:42:20,下架,2023-05-22 09:49:31,169.0,0.0,0,0,,,0,swd,0,0,0,0,婚纱 BRIDE,False,1199,False,,F,,F
2026-08-01--2026-08-31,,SWD11001,BRIDE,2023-05-22 11:41:14,下架,,169.0,0.0,0,0,,,0,swd,0,0,0,0,婚纱 BRIDE,False,1196,False,,F,,F
2026-08-01--2026-08-31,,SWD11002,BRIDE,2023-05-22 11:43:08,下架,,159.0,0.0,0,0,,,0,swd,0,0,0,0,婚纱 BRIDE,False,1196,False,,F,,F
2026-08-01--2026-08-31,,SWD10985,BRIDE,2023-05-19 15:11:05,下架,,149.0,0.0,0,0,,,0,swd,0,0,0,0,婚纱 BRIDE,False,1199,False,,F,,F
2026-08-01--2026-08-31,,SWD10816,BRIDE,2023-05-08 14:31:21,下架,,180.0,0.0,0,0,,,0,swd,0,0,0,0,婚纱 BRIDE,False,1210,False,,F,,F
2026-08-01--2026-08-31,,SWD10817,BRIDE,2024-11-07 18:20:09,上架,,199.0,0.0,0,48,2026-08-03 22:15:37,2025-09-22,4,swd,0,0,0,0,婚纱 BRIDE,True,661,False,,F,,F
2026-08-01--2026-08-31,,SWD10818,BRIDE,2024-08-21 18:35:15,下架,2026-08-26 12:07:54,159.0,0.0,0,0,,,0,swd,0,0,0,0,婚纱 BRIDE,False,739,False,,F,,F
2026-08-01--2026-08-31,,SWD10819,BRIDE,2024-08-26 18:00:16,下架,2026-07-10 11:18:18,159.0,0.0,0,0,,,0,swd,0,0,0,0,婚纱 BRIDE,False,734,False,,F,,F
2026-08-01--2026-08-31,,SWD10820,BRIDE,2023-05-08 16:16:01,下架,,175.0,0.0,0,0,,,0,swd,0,0,0,0,婚纱 BRIDE,False,1210,False,,F,,F
2026-08-01--2026-08-31,,SWD10821,BRIDE,2023-05-08 16:28:24,下架,,300.0,0.0,0,0,,,0,swd,0,0,0,0,婚纱 BRIDE,False,1210,False,,F,,F
2026-08-01--2026-08-31,,SWD10822,BRIDE,2024-09-03 16:35:10,下架,2025-08-13 14:45:41,229.0,0.0,0,0,,,0,swd,0,0,0,0,婚纱 BRIDE,False,726,False,,F,,F
2026-08-01--2026-08-31,,SWD10823,BRIDE,2023-05-08 16:40:36,下架,,199.0,0.0,0,0,,,0,swd,0,0,0,0,婚纱 BRIDE,False,1210,False,,F,,F
2026-08-01--2026-08-31,,SWD10824,BRIDE,2024-08-22 16:48:55,上架,,180.0,0.0,0,5,2026-05-30 00:00:00,,0,swd,0,0,0,0,婚纱 BRIDE,True,738,False,,F,,F
2026-08-01--2026-08-31,,SWD10828,BRIDE,2024-08-29 14:34:57,上架,,279.0,0.0,0,5,2026-04-20 00:00:00,,0,swd,0,0,0,0,婚纱 BRIDE,True,731,False,,F,,F
2026-08-01--2026-08-31,,SWD10919,BRIDE,2023-05-17 14:49:23,下架,,149.0,0.0,0,0,,,0,swd,0,0,0,0,婚纱 BRIDE,False,1201,False,,F,,F
2026-08-01--2026-08-31,,SWD10830,BRIDE,2023-05-08 17:59:34,下架,,149.0,0.0,0,0,,,0,swd,0,0,0,0,婚纱 BRIDE,False,1210,False,,F,,F
2026-08-01--2026-08-31,,SWD10831,BRIDE,2024-08-16 22:33:44,下架,2026-08-26 12:07:54,239.0,0.0,0,10,2023-12-27 10:03:27,2023-11-14,1,swd,0,0,0,0,婚纱 BRIDE,False,744,False,,F,,F
2026-08-01--2026-08-31,,SWD10832,BRIDE,2024-09-03 16:35:02,下架,2026-06-04 17:14:18,199.0,0.0,0,0,,,0,swd,0,0,0,0,婚纱 BRIDE,False,726,False,,F,,F
2026-08-01--2026-08-31,,SWD10834,BRIDE,2023-05-08 22:00:06,下架,,149.0,0.0,0,0,,,0,swd,0,0,0,0,婚纱 BRIDE,False,1210,False,,F,,F
2026-08-01--2026-08-31,,SWD10836,BRIDE,2023-05-09 09:39:39,下架,,149.0,0.0,0,0,,,0,swd,0,0,0,0,婚纱 BRIDE,False,1209,False,,F,,F
2026-08-01--2026-08-31,,SWD10837,BRIDE,2024-09-03 16:35:18,下架,2025-08-13 14:45:40,159.0,0.0,0,0,,,0,swd,0,0,0,0,婚纱 BRIDE,False,726,False,,F,,F
2026-08-01--2026-08-31,,SWD10839,BRIDE,2024-08-29 14:34:49,下架,2026-07-10 11:18:18,179.0,0.0,0,0,,,0,swd,0,0,0,0,婚纱 BRIDE,False,731,False,,F,,F
2026-08-01--2026-08-31,,SWD10840,BRIDE,2024-08-22 16:49:04,上架,,279.0,0.0,0,6,2026-04-21 00:00:00,2024-03-31,4,swd,0,0,0,0,婚纱 BRIDE,True,738,False,,F,,F
2026-08-01--2026-08-31,,SWD10841,BRIDE,2024-08-29 14:29:42,下架,2025-08-13 14:45:40,189.0,0.0,0,0,,,0,swd,0,0,0,0,婚纱 BRIDE,False,731,False,,F,,F
2026-08-01--2026-08-31,,SWD10842,BRIDE,2024-08-29 14:33:57,下架,2026-06-04 17:14:18,159.0,0.0,0,0,,,0,swd,0,0,0,0,婚纱 BRIDE,False,731,False,,F,,F
2026-08-01--2026-08-31,,SWD10829,BRIDE,2023-05-08 17:50:38,下架,,149.0,0.0,0,0,,,0,swd,0,0,0,0,婚纱 BRIDE,False,1210,False,,F,,F
2026-08-01--2026-08-31,,SWD10788,BRIDE,2024-08-29 14:25:43,下架,2025-08-13 14:45:41,249.0,0.0,0,0,,,0,swd,0,0,0,0,婚纱 BRIDE,False,731,False,,F,,F
2026-08-01--2026-08-31,,SWD10789,BRIDE,2024-08-22 16:48:46,下架,2026-07-10 11:21:26,220.0,0.0,0,1,2025-10-06 14:22:41,,0,swd,0,0,0,0,婚纱 BRIDE,False,738,False,,F,,F
2026-08-01--2026-08-31,,SWD10790,BRIDE,2024-08-23 14:49:11,下架,2026-07-10 11:21:26,199.0,0.0,0,0,,,0,swd,0,0,0,0,婚纱 BRIDE,False,737,False,,F,,F
2026-08-01--2026-08-31,,SWD10792,BRIDE,2023-05-05 14:59:21,下架,,249.0,0.0,0,0,,,0,swd,0,0,0,0,婚纱 BRIDE,False,1213,False,,F,,F
2026-08-01--2026-08-31,,SWD10793,BRIDE,2023-05-05 15:16:52,下架,,179.0,0.0,0,0,,,0,swd,0,0,0,0,婚纱 BRIDE,False,1213,False,,F,,F
2026-08-01--2026-08-31,,SWD10795,BRIDE,2023-05-05 16:02:19,下架,2023-05-08 14:07:13,148.0,0.0,0,0,,,0,swd,0,0,0,0,婚纱 BRIDE,False,1213,False,,F,,F
2026-08-01--2026-08-31,,SWD10796,BRIDE,2023-05-05 16:04:31,下架,,249.0,0.0,0,0,,,0,swd,0,0,0,0,婚纱 BRIDE,False,1213,False,,F,,F
2026-08-01--2026-08-31,,SWD10798,BRIDE,2024-08-29 14:24:40,下架,2026-07-10 11:18:18,179.0,0.0,0,1,2025-10-15 00:00:00,2025-10-15,3,swd,0,0,0,0,婚纱 BRIDE,False,731,False,,F,,F
2026-08-01--2026-08-31,,SWD10799,BRIDE,2024-09-03 16:33:16,下架,2026-07-10 11:18:18,179.0,0.0,0,0,,,0,swd,0,0,0,0,婚纱 BRIDE,False,726,False,,F,,F
2026-08-01--2026-08-31,,SWD10800,BRIDE,2024-09-03 16:33:25,下架,2025-08-13 14:45:41,180.0,0.0,0,0,,,0,swd,0,0,0,0,婚纱 BRIDE,False,726,False,,F,,F
2026-08-01--2026-08-31,,SWD10815,BRIDE,2024-08-21 18:39:09,下架,,148.0,0.0,0,1,2024-04-02 14:13:01,,0,swd,0,0,0,0,婚纱 BRIDE,False,739,False,,F,,F
2026-08-01--2026-08-31,,SWD10803,BRIDE,2024-08-20 20:36:31,下架,2026-06-04 17:14:19,149.0,0.0,0,0,,,0,swd,0,0,0,0,婚纱 BRIDE,False,740,False,,F,,F
2026-08-01--2026-08-31,,SWD10804,BRIDE,2024-08-23 14:53:07,下架,2026-07-10 11:18:18,149.0,0.0,0,0,,,0,swd,0,0,0,0,婚纱 BRIDE,False,737,False,,F,,F
2026-08-01--2026-08-31,,SWD10805,BRIDE,2024-08-29 14:34:41,下架,2026-07-10 11:21:26,159.0,0.0,0,1,2025-06-02 00:00:00,2025-06-02,4,swd,0,0,0,0,婚纱 BRIDE,False,731,False,,F,,F
2026-08-01--2026-08-31,,SWD10806,BRIDE,2024-08-20 20:36:14,上架,,159.0,0.0,0,5,2023-12-22 09:39:20,2023-11-27,1,swd,0,0,0,0,婚纱 BRIDE,True,740,False,,F,,F
2026-08-01--2026-08-31,,SWD10807,BRIDE,2024-09-03 16:34:19,下架,2025-08-13 14:45:41,179.0,0.0,0,0,,,0,swd,0,0,0,0,婚纱 BRIDE,False,726,False,,F,,F
2026-08-01--2026-08-31,,SWD10808,BRIDE,2024-09-03 16:34:27,下架,2025-08-13 14:45:41,209.0,0.0,0,0,,,0,swd,0,0,0,0,婚纱 BRIDE,False,726,False,,F,,F
2026-08-01--2026-08-31,,SWD10810,BRIDE,2023-05-05 18:21:25,下架,,149.0,0.0,0,0,,,0,swd,0,0,0,0,婚纱 BRIDE,False,1213,False,,F,,F
2026-08-01--2026-08-31,,SWD10811,BRIDE,2024-08-20 15:47:16,下架,2026-08-26 12:07:54,219.0,0.0,0,0,,,0,swd,0,0,0,0,婚纱 BRIDE,False,740,False,,F,,F
2026-08-01--2026-08-31,,SWD10812,BRIDE,2024-08-20 00:32:07,下架,2026-06-04 17:14:19,170.0,0.0,0,0,,,0,swd,0,0,0,0,婚纱 BRIDE,False,740,False,,F,,F
2026-08-01--2026-08-31,,SWD10813,BRIDE,2024-08-21 18:39:17,上架,,159.0,0.0,0,0,,,0,swd,0,0,0,0,婚纱 BRIDE,True,739,False,,F,,F
2026-08-01--2026-08-31,,SWD10814,BRIDE,2024-08-21 11:16:54,下架,2026-06-04 17:14:19,189.0,0.0,0,0,,,0,swd,0,0,0,0,婚纱 BRIDE,False,739,False,,F,,F
2026-08-01--2026-08-31,,SWD10802,BRIDE,2024-08-29 14:24:32,下架,2026-06-04 17:14:19,219.0,0.0,0,0,,,0,swd,0,0,0,0,婚纱 BRIDE,False,731,False,,F,,F
2026-08-01--2026-08-31,,SWD10883,BRIDE,2024-08-29 14:38:30,上架,,149.0,0.0,0,0,,,0,swd,0,0,0,0,婚纱 BRIDE,True,731,False,,F,,F
2026-08-01--2026-08-31,,SWD10889,BRIDE,2024-08-22 16:48:19,下架,2026-08-26 12:07:54,180.0,0.0,0,0,,,0,swd,0,0,0,0,婚纱 BRIDE,False,738,False,,F,,F
2026-08-01--2026-08-31,,SWD10891,BRIDE,2023-05-11 11:10:55,下架,,160.0,0.0,0,0,,,0,swd,0,0,0,0,婚纱 BRIDE,False,1207,False,,F,,F
2026-08-01--2026-08-31,,SWD10893,BRIDE,2024-09-04 10:25:59,下架,2025-08-13 14:45:40,169.0,0.0,0,0,,,0,swd,0,0,0,0,婚纱 BRIDE,False,725,False,,F,,F
2026-08-01--2026-08-31,,SWD10896,BRIDE,2023-05-11 14:37:59,下架,,175.0,0.0,0,0,,,0,swd,0,0,0,0,婚纱 BRIDE,False,1207,False,,F,,F
2026-08-01--2026-08-31,,SWD10897,BRIDE,2024-08-29 14:38:21,下架,2026-08-26 12:07:54,180.0,0.0,0,0,,,0,swd,0,0,0,0,婚纱 BRIDE,False,731,False,,F,,F
2026-08-01--2026-08-31,,SWD10898,BRIDE,2024-08-23 14:50:36,上架,,160.0,0.0,0,0,,,0,swd,0,0,0,0,婚纱 BRIDE,True,737,False,,F,,F
2026-08-01--2026-08-31,,SWD10901,BRIDE,2023-05-11 16:08:11,下架,,200.0,0.0,0,0,,,0,swd,0,0,0,0,婚纱 BRIDE,False,1207,False,,F,,F
2026-08-01--2026-08-31,,SWD10902,BRIDE,2024-08-22 16:50:53,下架,2025-08-13 14:45:40,180.0,0.0,0,0,,,0,swd,0,0,0,0,婚纱 BRIDE,False,738,False,,F,,F
2026-08-01--2026-08-31,,SWD10903,BRIDE,2023-05-11 16:15:34,下架,,149.0,0.0,0,0,,,0,swd,0,0,0,0,婚纱 BRIDE,False,1207,False,,F,,F
2026-08-01--2026-08-31,,SWD10843,BRIDE,2024-08-20 18:28:22,下架,2026-06-04 17:14:18,169.0,0.0,0,0,,,0,swd,0,0,0,0,婚纱 BRIDE,False,740,False,,F,,F
2026-08-01--2026-08-31,,SWD10905,BRIDE,2024-08-29 14:40:44,下架,2025-08-13 14:45:40,219.0,0.0,0,1,2023-06-13 19:17:56,,0,swd,0,0,0,0,婚纱 BRIDE,False,731,False,,F,,F
2026-08-01--2026-08-31,,SWD10906,BRIDE,2023-05-16 14:15:58,下架,,199.0,0.0,0,0,,,0,swd,0,0,0,0,婚纱 BRIDE,False,1202,False,,F,,F
2026-08-01--2026-08-31,,SWD10907,BRIDE,2024-09-04 11:06:36,下架,2025-08-13 14:45:39,199.0,0.0,0,0,,,0,swd,0,0,0,0,婚纱 BRIDE,False,725,False,,F,,F
2026-08-01--2026-08-31,,SWD10908,BRIDE,2023-05-16 16:39:34,下架,,220.0,0.0,0,0,,,0,swd,0,0,0,0,婚纱 BRIDE,False,1202,False,,F,,F
2026-08-01--2026-08-31,,SWD10909,BRIDE,2024-08-23 16:40:54,上架,,139.0,0.0,0,0,,,0,swd,0,0,0,0,婚纱 BRIDE,True,737,False,,F,,F
2026-08-01--2026-08-31,,SWD10912,BRIDE,2023-05-16 17:37:47,下架,,149.0,0.0,0,0,,,0,swd,0,0,0,0,婚纱 BRIDE,False,1202,False,,F,,F
2026-08-01--2026-08-31,,SWD10913,BRIDE,2024-09-04 11:07:29,下架,2026-07-10 11:18:18,149.0,0.0,0,0,,,0,swd,0,0,0,0,婚纱 BRIDE,False,725,False,,F,,F
2026-08-01--2026-08-31,,SWD10915,BRIDE,2024-09-04 11:07:11,下架,2026-07-10 11:18:18,139.0,0.0,0,0,,,0,swd,0,0,0,0,婚纱 BRIDE,False,725,False,,F,,F
2026-08-01--2026-08-31,,SWD10916,BRIDE,2023-05-17 14:44:38,下架,,189.0,0.0,0,0,,,0,swd,0,0,0,0,婚纱 BRIDE,False,1201,False,,F,,F
2026-08-01--2026-08-31,,SWD10917,BRIDE,2024-08-22 16:49:49,下架,2026-06-04 17:14:18,149.0,0.0,0,0,,,0,swd,0,0,0,0,婚纱 BRIDE,False,738,False,,F,,F
2026-08-01--2026-08-31,,SWD10918,BRIDE,2023-05-17 14:47:50,下架,,169.0,0.0,0,0,,,0,swd,0,0,0,0,婚纱 BRIDE,False,1201,False,,F,,F
2026-08-01--2026-08-31,,SWD10904,BRIDE,2024-09-04 11:07:20,下架,2026-07-10 11:21:26,179.0,0.0,0,0,,,0,swd,0,0,0,0,婚纱 BRIDE,False,725,False,,F,,F
2026-08-01--2026-08-31,,SWD10844,BRIDE,2024-08-20 00:32:42,下架,2025-08-13 14:45:40,249.0,0.0,0,0,,,0,swd,0,0,0,0,婚纱 BRIDE,False,740,False,,F,,F
2026-08-01--2026-08-31,,SWD10847,BRIDE,2024-08-20 20:36:22,下架,2026-06-11 16:49:37,185.0,0.0,0,0,,,0,swd,0,0,0,0,婚纱 BRIDE,False,740,False,,F,,F
2026-08-01--2026-08-31,,SWD10850,BRIDE,2024-08-16 20:40:20,上架,,159.0,0.0,0,7,2024-12-08 06:17:57,,0,swd,0,0,0,0,婚纱 BRIDE,True,744,False,,F,,F
2026-08-01--2026-08-31,,SWD10851,BRIDE,2024-08-21 18:41:45,上架,,190.0,0.0,0,6,2026-06-26 14:49:37,,0,swd,0,0,0,0,婚纱 BRIDE,True,739,False,,F,,F
2026-08-01--2026-08-31,,SWD10852,BRIDE,2023-05-10 16:50:53,下架,,149.0,0.0,0,0,,,0,swd,0,0,0,0,婚纱 BRIDE,False,1208,False,,F,,F
2026-08-01--2026-08-31,,SWD10853,BRIDE,2023-05-10 16:52:30,下架,,159.0,0.0,0,0,,,0,swd,0,0,0,0,婚纱 BRIDE,False,1208,False,,F,,F
2026-08-01--2026-08-31,,SWD10855,BRIDE,2024-08-26 18:05:17,下架,2025-08-13 14:45:40,149.0,0.0,0,0,,,0,swd,0,0,0,0,婚纱 BRIDE,False,734,False,,F,,F
2026-08-01--2026-08-31,,SWD10856,BRIDE,2024-08-22 16:49:12,下架,2026-06-04 17:14:18,149.0,0.0,0,0,,,0,swd,0,0,0,0,婚纱 BRIDE,False,738,False,,F,,F
2026-08-01--2026-08-31,,SWD10861,BRIDE,2023-05-10 17:15:34,下架,2023-05-23 10:13:35,149.0,0.0,0,0,,,0,swd,0,0,0,0,婚纱 BRIDE,False,1208,False,,F,,F
2026-08-01--2026-08-31,,SWD10865,BRIDE,2024-09-04 10:27:06,下架,2025-08-13 14:45:40,169.0,0.0,0,0,,,0,swd,0,0,0,0,婚纱 BRIDE,False,725,False,,F,,F
2026-08-01--2026-08-31,,SWD10882,BRIDE,2023-05-11 09:25:53,下架,,149.0,0.0,0,0,,,0,swd,0,0,0,0,婚纱 BRIDE,False,1207,False,,F,,F
2026-08-01--2026-08-31,,SWD10868,BRIDE,2023-05-10 17:56:19,下架,,179.0,0.0,0,0,,,0,swd,0,0,0,0,婚纱 BRIDE,False,1208,False,,F,,F
2026-08-01--2026-08-31,,SWD10869,BRIDE,2024-08-20 00:38:18,下架,2026-06-04 17:14:18,199.0,0.0,0,7,2024-12-23 06:11:15,,0,swd,0,0,0,0,婚纱 BRIDE,False,740,False,,F,,F
2026-08-01--2026-08-31,,SWD10871,BRIDE,2023-05-10 20:01:15,下架,,147.0,0.0,0,0,,,0,swd,0,0,0,0,婚纱 BRIDE,False,1208,False,,F,,F
2026-08-01--2026-08-31,,SWD10872,BRIDE,2024-09-04 10:26:46,下架,2025-08-13 14:45:40,149.0,0.0,0,0,,,0,swd,0,0,0,0,婚纱 BRIDE,False,725,False,,F,,F
2026-08-01--2026-08-31,,SWD10873,BRIDE,2023-05-10 20:14:28,下架,,160.0,0.0,0,0,,,0,swd,0,0,0,0,婚纱 BRIDE,False,1208,False,,F,,F
2026-08-01--2026-08-31,,SWD10874,BRIDE,2024-08-20 20:37:04,上架,,200.0,0.0,0,0,,,0,swd,0,0,0,0,婚纱 BRIDE,True,740,False,,F,,F
2026-08-01--2026-08-31,,SWD10876,BRIDE,2024-08-20 20:37:20,下架,2025-08-13 14:45:40,179.0,0.0,0,1,2024-01-06 00:00:00,2024-01-06,2,swd,0,0,0,0,婚纱 BRIDE,False,740,False,,F,,F
2026-08-01--2026-08-31,,SWD10877,BRIDE,2024-09-12 12:13:40,下架,2026-06-04 17:14:18,149.0,0.0,0,0,,,0,swd,0,0,0,0,婚纱 BRIDE,False,717,False,,F,,F
2026-08-01--2026-08-31,,SWD10878,BRIDE,2024-08-22 16:48:28,下架,2026-06-04 17:14:18,230.0,0.0,0,3,2024-12-16 01:57:30,,0,swd,0,0,0,0,婚纱 BRIDE,False,738,False,,F,,F
2026-08-01--2026-08-31,,SWD10879,BRIDE,2024-09-04 10:26:57,下架,2026-07-10 11:21:26,125.0,0.0,0,0,,,0,swd,0,0,0,0,婚纱 BRIDE,False,725,False,,F,,F
2026-08-01--2026-08-31,,SWD10880,BRIDE,2023-05-10 21:36:15,下架,,120.0,0.0,0,0,,,0,swd,0,0,0,0,婚纱 BRIDE,False,1208,False,,F,,F
2026-08-01--2026-08-31,,SWD10867,BRIDE,2023-05-10 17:53:02,下架,,149.0,0.0,0,0,,,0,swd,0,0,0,0,婚纱 BRIDE,False,1208,False,,F,,F
2026-08-01--2026-08-31,,SWD10182,BRIDE,2024-11-21 16:41:27,下架,2026-07-10 11:18:20,139.0,0.0,0,6,2024-10-11 00:00:00,2024-09-19,3,swd,0,0,0,0,婚纱 BRIDE,False,647,False,,F,,F
2026-08-01--2026-08-31,,SWD10185,BRIDE,2024-08-21 11:46:37,下架,2026-07-10 11:21:27,109.0,0.0,0,0,,,0,swd,0,0,0,0,婚纱 BRIDE,False,739,False,,F,,F
2026-08-01--2026-08-31,,SWD10187,BRIDE,2024-08-27 10:13:01,下架,2025-08-13 14:45:48,110.0,0.0,0,7,2024-09-10 07:29:05,,0,swd,0,0,0,0,婚纱 BRIDE,False,733,False,,F,,F
2026-08-01--2026-08-31,,SWD10188,BRIDE,2024-08-21 11:47:29,上架,,159.0,0.0,0,8,2024-07-26 02:48:16,,0,swd,0,0,0,0,婚纱 BRIDE,True,739,False,,F,,F
2026-08-01--2026-08-31,,SWD10190,BRIDE,2024-08-22 11:25:37,下架,2025-08-13 14:45:47,159.0,0.0,0,1,2023-02-05 00:00:00,,0,swd,0,0,0,0,婚纱 BRIDE,False,738,False,,F,,F
2026-08-01--2026-08-31,,SWD10191,BRIDE,2023-02-23 20:37:21,下架,2023-05-31 10:19:07,237.0,0.0,0,2,2023-02-25 00:00:00,2023-02-25,4,swd,0,0,0,0,婚纱 BRIDE,False,1284,False,,F,,F
2026-08-01--2026-08-31,,SWD10192,BRIDE,2023-02-23 20:46:57,下架,2023-05-31 09:59:55,240.0,0.0,0,0,,,0,swd,0,0,0,0,婚纱 BRIDE,False,1284,False,,F,,F
2026-08-01--2026-08-31,,SWD10193,BRIDE,2023-02-23 20:54:40,下架,2023-05-31 10:17:49,139.0,0.0,0,0,,,0,swd,0,0,0,0,婚纱 BRIDE,False,1284,False,,F,,F
2026-08-01--2026-08-31,,SWD10194,BRIDE,2023-02-23 21:12:37,下架,2023-05-31 10:18:10,148.0,0.0,0,0,,,0,swd,0,0,0,0,婚纱 BRIDE,False,1284,False,,F,,F
2026-08-01--2026-08-31,,SWD10195,BRIDE,2023-02-23 21:18:39,下架,2023-05-31 10:08:10,148.0,0.0,0,0,,,0,swd,0,0,0,0,婚纱 BRIDE,False,1284,False,,F,,F
2026-08-01--2026-08-31,,SWD10539,BRIDE,2024-08-21 12:05:13,下架,2026-06-04 17:14:21,240.0,0.0,0,0,,,0,swd,0,0,0,0,婚纱 BRIDE,False,739,False,,F,,F
2026-08-01--2026-08-31,,SWD10197,BRIDE,2024-08-27 10:13:59,下架,2026-07-10 11:18:20,199.0,0.0,0,0,,,0,swd,0,0,0,0,婚纱 BRIDE,False,733,False,,F,,F
2026-08-01--2026-08-31,,SWD10198,BRIDE,2024-08-22 11:24:26,下架,2026-07-10 11:18:20,149.0,0.0,0,0,,,0,swd,0,0,0,0,婚纱 BRIDE,False,738,False,,F,,F
2026-08-01--2026-08-31,,SWD10202,BRIDE,2023-02-24 18:21:39,下架,,249.0,0.0,0,0,,,0,swd,0,0,0,0,婚纱 BRIDE,False,1283,False,,F,,F
2026-08-01--2026-08-31,,SWD10203,BRIDE,2023-02-24 19:45:49,下架,,140.0,0.0,0,0,,,0,swd,0,0,0,0,婚纱 BRIDE,False,1283,False,,F,,F
2026-08-01--2026-08-31,,SWD10204,BRIDE,2023-02-24 19:57:56,下架,2023-12-09 17:17:28,189.0,0.0,0,0,,,0,swd,0,0,0,0,婚纱 BRIDE,False,1283,False,,F,,F
2026-08-01--2026-08-31,,SWD10205,BRIDE,2023-02-24 20:40:35,下架,2023-05-31 10:00:26,269.0,0.0,0,4,2023-02-10 00:00:00,2023-02-10,3,swd,0,0,0,0,婚纱 BRIDE,False,1283,False,,F,,F
2026-08-01--2026-08-31,,SWD10206,BRIDE,2023-02-27 15:38:53,下架,2023-05-31 10:07:11,149.0,0.0,0,5,2023-02-16 00:00:00,2023-02-16,7,swd,0,0,0,0,婚纱 BRIDE,False,1280,False,,F,,F
2026-08-01--2026-08-31,,SWD10207,BRIDE,2023-02-27 15:53:35,下架,2023-05-31 10:21:21,140.0,0.0,0,4,2023-03-04 00:00:00,2023-03-04,6,swd,0,0,0,0,婚纱 BRIDE,False,1280,False,,F,,F
2026-08-01--2026-08-31,,SWD10208,BRIDE,2023-02-27 15:57:42,下架,2023-05-31 09:59:04,148.0,0.0,0,4,2023-03-01 00:00:00,2023-03-01,4,swd,0,0,0,0,婚纱 BRIDE,False,1280,False,,F,,F
2026-08-01--2026-08-31,,SWD10210,BRIDE,2024-08-21 11:47:17,下架,2026-06-04 17:14:25,140.0,0.0,0,0,,,0,swd,0,0,0,0,婚纱 BRIDE,False,739,False,,F,,F
2026-08-01--2026-08-31,,SWD10196,BRIDE,2023-02-23 21:24:11,下架,2023-05-31 10:18:30,148.0,0.0,0,7,2023-03-14 00:00:00,2023-03-14,8,swd,0,0,0,0,婚纱 BRIDE,False,1284,False,,F,,F
2026-08-01--2026-08-31,,SWD10146,PROM DRESSES,2023-02-15 16:45:08,下架,2023-10-14 12:16:27,139.0,0.0,0,0,,,0,swd,0,0,0,0,婚纱 BRIDE,False,1292,False,,F,,F
2026-08-01--2026-08-31,,SWD10147,BRIDE,2023-02-22 20:03:19,下架,2023-04-14 10:35:44,148.0,0.0,0,0,,,0,swd,0,0,0,0,婚纱 BRIDE,False,1285,False,,F,,F
2026-08-01--2026-08-31,,SWD10148,BRIDE,2024-08-16 17:26:36,下架,2026-07-10 11:18:20,149.0,0.0,0,16,2024-04-11 00:00:00,2024-04-11,3,swd,0,0,0,0,婚纱 BRIDE,False,744,False,,F,,F
2026-08-01--2026-08-31,,SWD10149,BRIDE,2023-02-23 14:48:38,下架,2023-04-14 10:35:28,149.0,0.0,0,0,,,0,swd,0,0,0,0,婚纱 BRIDE,False,1284,False,,F,,F
2026-08-01--2026-08-31,,SWD10150,BRIDE,2023-02-23 15:02:43,下架,2023-04-14 10:36:03,149.0,0.0,0,0,,,0,swd,0,0,0,0,婚纱 BRIDE,False,1284,False,,F,,F
2026-08-01--2026-08-31,,SWD10151,BRIDE,2023-02-23 15:17:58,下架,2023-04-14 10:34:57,149.0,0.0,0,3,,2023-02-25,3,swd,0,0,0,0,婚纱 BRIDE,False,1284,False,,F,,F
2026-08-01--2026-08-31,,SWD10152,BRIDE,2024-08-29 18:52:08,上架,,149.0,0.0,0,4,2026-06-19 00:00:00,2022-10-06,1,swd,0,0,0,0,婚纱 BRIDE,True,731,False,,F,,F
2026-08-01--2026-08-31,,SWD10153,BRIDE,2023-02-23 15:35:58,下架,2023-12-09 17:17:28,180.0,0.0,0,0,,,0,swd,0,0,0,0,婚纱 BRIDE,False,1284,False,,F,,F
2026-08-01--2026-08-31,,SWD10154,BRIDE,2023-02-23 15:44:08,下架,2023-05-23 10:09:00,180.0,0.0,0,0,,,0,swd,0,0,0,0,婚纱 BRIDE,False,1284,False,,F,,F
2026-08-01--2026-08-31,,SWD10156,BRIDE,2024-08-20 19:00:23,上架,,160.0,0.0,0,27,2026-08-11 20:18:42,2026-07-30,7,swd,0,0,0,0,婚纱 BRIDE,True,740,False,,F,,F
2026-08-01--2026-08-31,,SWD10181,BRIDE,2024-08-22 18:05:19,下架,2026-06-04 17:14:25,199.0,0.0,0,5,2026-04-24 00:00:00,,0,swd,0,0,0,0,婚纱 BRIDE,False,738,False,,F,,F
2026-08-01--2026-08-31,,SWD10158,BRIDE,2024-08-21 11:47:46,下架,2025-08-13 14:45:48,180.0,0.0,0,0,,,0,swd,0,0,0,0,婚纱 BRIDE,False,739,False,,F,,F
2026-08-01--2026-08-31,,SWD10162,BRIDE,2023-02-23 16:45:36,下架,,140.0,0.0,0,0,,,0,swd,0,0,0,0,婚纱 BRIDE,False,1284,False,,F,,F
2026-08-01--2026-08-31,,SWD10164,BRIDE,2024-08-23 16:50:09,下架,2026-06-04 17:14:26,179.0,0.0,0,0,,,0,swd,0,0,0,0,婚纱 BRIDE,False,737,False,,F,,F
2026-08-01--2026-08-31,,SWD10166,BRIDE,2024-08-20 19:05:08,上架,,119.0,0.0,0,4,2023-03-15 00:00:00,2023-03-15,4,swd,0,0,0,0,婚纱 BRIDE,True,740,False,,F,,F
2026-08-01--2026-08-31,,SWD10169,BRIDE,2023-02-23 17:42:11,下架,2023-05-31 10:08:53,139.0,0.0,0,4,2023-02-25 00:00:00,2023-02-25,5,swd,0,0,0,0,婚纱 BRIDE,False,1284,False,,F,,F
2026-08-01--2026-08-31,,SWD10172,BRIDE,2024-08-22 18:05:35,下架,2026-07-10 11:21:27,160.0,0.0,0,0,,,0,swd,0,0,0,0,婚纱 BRIDE,False,738,False,,F,,F
2026-08-01--2026-08-31,,SWD10174,BRIDE,2023-02-23 18:19:48,下架,2023-12-09 17:17:28,180.0,0.0,0,0,,,0,swd,0,0,0,0,婚纱 BRIDE,False,1284,False,,F,,F
2026-08-01--2026-08-31,,SWD10175,BRIDE,2024-08-21 11:46:46,下架,2026-06-04 17:14:26,180.0,0.0,0,0,,,0,swd,0,0,0,0,婚纱 BRIDE,False,739,False,,F,,F
2026-08-01--2026-08-31,,SWD10177,BRIDE,2023-02-23 18:37:45,下架,,180.0,0.0,0,0,,,0,swd,0,0,0,0,婚纱 BRIDE,False,1284,False,,F,,F
2026-08-01--2026-08-31,,SWD10178,BRIDE,2024-08-23 16:49:46,下架,2026-08-05 12:06:03,179.0,0.0,0,0,,,0,swd,0,0,0,0,婚纱 BRIDE,False,737,False,,F,,F
2026-08-01--2026-08-31,,SWD10180,BRIDE,2024-08-27 10:13:45,下架,2025-08-13 14:45:48,199.0,0.0,0,0,,,0,swd,0,0,0,0,婚纱 BRIDE,False,733,False,,F,,F
2026-08-01--2026-08-31,,SWD10157,BRIDE,2024-08-22 18:05:01,上架,,160.0,0.0,0,12,2024-10-15 07:28:08,,0,swd,0,0,0,0,婚纱 BRIDE,True,738,False,,F,,F
2026-08-01--2026-08-31,,SWD10246,BRIDE,2024-08-20 14:50:30,上架,,179.0,0.0,0,7,2025-03-20 02:01:31,,0,swd,0,0,0,0,婚纱 BRIDE,True,740,False,,F,,F
2026-08-01--2026-08-31,,SWD10248,BRIDE,2024-08-30 12:12:10,下架,2026-07-10 11:18:20,199.0,0.0,0,0,,,0,swd,0,0,0,0,婚纱 BRIDE,False,730,False,,F,,F
2026-08-01--2026-08-31,,SWD10250,BRIDE,2024-08-22 18:06:05,上架,,209.0,0.0,0,0,,,0,swd,0,0,0,0,婚纱 BRIDE,True,738,False,,F,,F
2026-08-01--2026-08-31,,SWD10251,BRIDE,2024-08-23 16:53:53,上架,,179.0,0.0,0,8,2026-07-14 00:00:00,,0,swd,0,0,0,0,婚纱 BRIDE,True,737,False,,F,,F
2026-08-01--2026-08-31,,SWD10253,BRIDE,2024-08-21 11:47:38,下架,2026-08-05 12:06:03,199.0,0.0,0,0,,,0,swd,0,0,0,0,婚纱 BRIDE,False,739,False,,F,,F
2026-08-01--2026-08-31,,SWD10254,BRIDE,2024-08-20 19:04:29,下架,2026-06-04 17:14:25,169.0,0.0,0,0,,,0,swd,0,0,0,0,婚纱 BRIDE,False,740,False,,F,,F
2026-08-01--2026-08-31,,SWD10255,BRIDE,2024-08-27 10:14:09,下架,2025-08-13 14:45:47,189.0,0.0,0,0,,,0,swd,0,0,0,0,婚纱 BRIDE,False,733,False,,F,,F
2026-08-01--2026-08-31,,SWD10256,BRIDE,2024-08-23 16:53:34,下架,2026-06-04 17:14:25,169.0,0.0,0,3,2023-01-16 00:00:00,2023-01-16,3,swd,0,0,0,0,婚纱 BRIDE,False,737,False,,F,,F
2026-08-01--2026-08-31,,SWD10257,BRIDE,2024-08-15 15:18:35,上架,,159.0,0.0,0,40,2026-06-10 00:00:00,2024-03-06,8,swd,0,0,0,0,婚纱 BRIDE,True,745,False,,F,,F
2026-08-01--2026-08-31,,SWD10258,BRIDE,2024-08-16 04:33:40,下架,2026-07-10 11:21:27,149.0,0.0,0,31,2024-05-12 00:00:00,,0,swd,0,0,0,0,婚纱 BRIDE,False,744,False,,F,,F
2026-08-01--2026-08-31,,SWD10212,BRIDE,2024-11-28 11:05:35,下架,2026-07-10 11:21:27,168.0,0.0,0,22,2023-12-18 06:30:33,2023-12-18,6,swd,0,0,0,0,婚纱 BRIDE,False,640,False,,F,,F
2026-08-01--2026-08-31,,SWD10260,BRIDE,2024-08-16 16:39:36,下架,2026-06-04 17:14:24,139.0,0.0,0,8,2023-05-21 00:00:00,2023-03-11,1,swd,0,0,0,0,婚纱 BRIDE,False,744,False,,F,,F
2026-08-01--2026-08-31,,SWD10261,BRIDE,2023-03-03 17:35:22,下架,,149.0,0.0,0,0,,,0,swd,0,0,0,0,婚纱 BRIDE,False,1276,False,,F,,F
2026-08-01--2026-08-31,,SWD10262,BRIDE,2023-03-03 17:39:55,下架,,169.0,0.0,0,0,,,0,swd,0,0,0,0,婚纱 BRIDE,False,1276,False,,F,,F
2026-08-01--2026-08-31,,SWD10263,BRIDE,2024-08-23 16:54:11,下架,2026-06-04 17:14:24,149.0,0.0,0,4,2025-07-01 00:00:00,2025-07-01,3,swd,0,0,0,0,婚纱 BRIDE,False,737,False,,F,,F
2026-08-01--2026-08-31,,SWD10266,BRIDE,2024-08-19 23:24:41,上架,,259.0,0.0,0,5,2026-07-12 18:44:10,,0,swd,0,0,0,0,婚纱 BRIDE,True,741,False,,F,,F
2026-08-01--2026-08-31,,SWD10267,BRIDE,2023-03-03 19:22:57,下架,,159.0,0.0,0,0,,,0,swd,0,0,0,0,婚纱 BRIDE,False,1276,False,,F,,F
2026-08-01--2026-08-31,,SWD10268,BRIDE,2024-08-27 10:16:38,下架,2026-08-05 12:06:03,159.0,0.0,0,0,,,0,swd,0,0,0,0,婚纱 BRIDE,False,733,False,,F,,F
2026-08-01--2026-08-31,,SWD10269,BRIDE,2024-08-27 10:16:04,下架,2026-06-04 17:14:24,248.0,0.0,0,0,,,0,swd,0,0,0,0,婚纱 BRIDE,False,733,False,,F,,F
2026-08-01--2026-08-31,,SWD10270,BRIDE,2023-03-03 19:52:37,下架,,150.0,0.0,0,0,,,0,swd,0,0,0,0,婚纱 BRIDE,False,1276,False,,F,,F
2026-08-01--2026-08-31,,SWD10271,BRIDE,2024-08-20 16:49:10,上架,,99.0,0.0,0,0,,,0,swd,0,0,0,0,婚纱 BRIDE,True,740,False,,F,,F
2026-08-01--2026-08-31,,SWD10259,BRIDE,2024-08-27 10:16:50,下架,2025-08-13 14:45:47,149.0,0.0,0,0,,,0,swd,0,0,0,0,婚纱 BRIDE,False,733,False,,F,,F
2026-08-01--2026-08-31,,SWD10213,BRIDE,2023-02-27 20:28:47,下架,2023-12-09 17:17:28,150.0,0.0,0,0,,,0,swd,0,0,0,0,婚纱 BRIDE,False,1280,False,,F,,F
2026-08-01--2026-08-31,,SWD10214,BRIDE,2023-02-27 20:55:51,下架,2023-12-09 17:17:28,180.0,0.0,0,0,,,0,swd,0,0,0,0,婚纱 BRIDE,False,1280,False,,F,,F
2026-08-01--2026-08-31,,SWD10215,BRIDE,2024-08-23 16:50:32,下架,2025-08-13 14:45:47,190.0,0.0,0,3,2023-03-01 00:00:00,2023-03-01,6,swd,0,0,0,0,婚纱 BRIDE,False,737,False,,F,,F
2026-08-01--2026-08-31,,SWD10216,BRIDE,2023-02-28 11:43:42,下架,2023-12-09 17:17:28,320.0,0.0,0,0,,,0,swd,0,0,0,0,婚纱 BRIDE,False,1279,False,,F,,F
2026-08-01--2026-08-31,,SWD10217,BRIDE,2024-08-23 16:53:25,下架,2026-06-04 17:14:25,260.0,0.0,0,0,,,0,swd,0,0,0,0,婚纱 BRIDE,False,737,False,,F,,F
2026-08-01--2026-08-31,,SWD10219,BRIDE,2024-08-20 21:18:41,下架,2026-07-10 11:21:27,250.0,0.0,0,0,,,0,swd,0,0,0,0,婚纱 BRIDE,False,740,False,,F,,F
2026-08-01--2026-08-31,,SWD10220,BRIDE,2023-02-28 14:02:12,下架,,320.0,0.0,0,0,,,0,swd,0,0,0,0,婚纱 BRIDE,False,1279,False,,F,,F
2026-08-01--2026-08-31,,SWD10221,BRIDE,2023-02-28 14:14:02,下架,,139.0,0.0,0,4,2023-03-01 00:00:00,2023-03-01,4,swd,0,0,0,0,婚纱 BRIDE,False,1279,False,,F,,F
2026-08-01--2026-08-31,,SWD10222,BRIDE,2023-02-28 14:22:43,下架,2023-12-09 17:17:28,320.0,0.0,0,0,,,0,swd,0,0,0,0,婚纱 BRIDE,False,1279,False,,F,,F
2026-08-01--2026-08-31,,SWD10223,BRIDE,2024-08-20 14:50:22,下架,2026-06-04 17:14:25,179.0,0.0,0,0,,,0,swd,0,0,0,0,婚纱 BRIDE,False,740,False,,F,,F
2026-08-01--2026-08-31,,SWD10244,BRIDE,2023-03-02 10:57:52,下架,,229.0,0.0,0,0,,,0,swd,0,0,0,0,婚纱 BRIDE,False,1277,False,,F,,F
2026-08-01--2026-08-31,,SWD10229,BRIDE,2024-08-20 19:05:58,下架,2026-08-26 12:07:54,159.0,0.0,0,5,2026-04-09 00:00:00,,0,swd,0,0,0,0,婚纱 BRIDE,False,740,False,,F,,F
2026-08-01--2026-08-31,,SWD10233,BRIDE,2024-08-27 10:12:18,下架,2025-08-13 14:45:47,180.0,0.0,0,0,,,0,swd,0,0,0,0,婚纱 BRIDE,False,733,False,,F,,F
2026-08-01--2026-08-31,,SWD10234,BRIDE,2024-08-22 18:06:14,下架,2026-06-04 17:14:25,120.0,0.0,0,0,,,0,swd,0,0,0,0,婚纱 BRIDE,False,738,False,,F,,F
2026-08-01--2026-08-31,,SWD10235,BRIDE,2023-02-28 16:17:19,下架,,159.0,0.0,0,0,,,0,swd,0,0,0,0,婚纱 BRIDE,False,1279,False,,F,,F
2026-08-01--2026-08-31,,SWD10236,BRIDE,2024-08-27 10:15:13,下架,2025-08-13 14:45:47,160.0,0.0,0,0,,,0,swd,0,0,0,0,婚纱 BRIDE,False,733,False,,F,,F
2026-08-01--2026-08-31,,SWD10237,BRIDE,2024-08-16 13:39:03,上架,,279.0,0.0,0,10,2026-08-04 00:00:00,,0,swd,0,0,0,0,婚纱 BRIDE,True,744,False,,F,,F
2026-08-01--2026-08-31,,SWD10238,BRIDE,2024-08-27 10:16:58,下架,2026-06-04 17:14:25,180.0,0.0,0,0,,,0,swd,0,0,0,0,婚纱 BRIDE,False,733,False,,F,,F
2026-08-01--2026-08-31,,SWD10239,BRIDE,2024-08-19 16:24:52,上架,,149.0,0.0,0,0,,,0,swd,0,0,0,0,婚纱 BRIDE,True,741,False,,F,,F
2026-08-01--2026-08-31,,SWD10240,BRIDE,2024-08-27 10:15:38,下架,2026-07-10 11:21:27,218.0,0.0,0,0,,,0,swd,0,0,0,0,婚纱 BRIDE,False,733,False,,F,,F
2026-08-01--2026-08-31,,SWD10241,BRIDE,2023-03-01 21:51:52,下架,,220.0,0.0,0,0,,,0,swd,0,0,0,0,婚纱 BRIDE,False,1278,False,,F,,F
2026-08-01--2026-08-31,,SWD10242,BRIDE,2024-08-30 12:12:38,下架,2025-08-13 14:45:47,260.0,0.0,0,1,2023-04-27 00:00:00,2023-04-27,2,swd,0,0,0,0,婚纱 BRIDE,False,730,False,,F,,F
2026-08-01--2026-08-31,,SWD10226,BRIDE,2024-08-19 18:25:05,上架,,149.0,0.0,0,23,2026-06-10 18:30:37,,0,swd,0,0,0,0,婚纱 BRIDE,True,741,False,,F,,F
2026-08-01--2026-08-31,,SWD13375,BRIDE,2026-08-13 14:37:47,上架,,129.0,0.0,0,0,,,0,swd,0,0,0,0,婚纱 BRIDE,True,17,True,≤30天,F,,F
2026-08-01--2026-08-31,,SWD13462,BRIDE,2026-08-13 14:39:00,上架,,159.0,0.0,0,0,,,0,swd,0,0,0,0,婚纱 BRIDE,True,17,True,≤30天,F,,F
2026-08-01--2026-08-31,,SWD13468,BRIDE,2026-08-13 14:33:55,上架,,139.0,0.0,0,0,,,0,swd,0,0,0,0,婚纱 BRIDE,True,17,True,≤30天,F,,F
2026-08-01--2026-08-31,,SWD13474,BRIDE,2026-08-13 14:34:59,上架,,169.0,0.0,0,0,,,0,swd,0,0,0,0,婚纱 BRIDE,True,17,True,≤30天,F,,F
2026-08-01--2026-08-31,,SWD13379,BRIDE,2026-08-14 15:12:12,上架,,229.0,0.0,0,0,,,0,swd,0,0,0,0,婚纱 BRIDE,True,16,True,≤30天,F,,F
2026-08-01--2026-08-31,,SWD13390,BRIDE,2026-08-14 15:15:06,上架,,199.0,0.0,0,0,,,0,swd,0,0,0,0,婚纱 BRIDE,True,16,True,≤30天,F,,F
2026-08-01--2026-08-31,,SWD13396,BRIDE,2026-08-14 15:01:36,上架,,199.0,0.0,0,0,,,0,swd,0,0,0,0,婚纱 BRIDE,True,16,True,≤30天,F,,F
2026-08-01--2026-08-31,,SWD13475,BRIDE,2026-08-19 15:02:55,上架,,129.0,0.0,0,0,,,0,swd,0,0,0,0,婚纱 BRIDE,True,11,True,≤30天,F,,F
2026-08-01--2026-08-31,,SWD10050,BRIDE,2024-08-16 08:25:31,下架,,149.0,0.0,0,20,2023-10-23 00:00:00,2022-10-21,5,swd,0,0,0,0,婚纱 BRIDE,False,744,False,,F,,F
2026-08-01--2026-08-31,,SWD10051,BRIDE,2024-08-27 09:59:45,下架,2025-08-13 14:45:49,149.0,0.0,0,0,,,0,swd,0,0,0,0,婚纱 BRIDE,False,733,False,,F,,F
2026-08-01--2026-08-31,,SWD10145,BRIDE,2023-01-12 16:30:48,下架,2023-01-12 16:30:48,169.0,0.0,0,0,,,0,swd,0,0,0,0,婚纱 BRIDE,False,1326,False,,F,,F
2026-08-01--2026-08-31,,SWD10053,BRIDE,2022-11-24 16:08:13,下架,2023-02-28 16:24:37,179.0,0.0,0,4,2022-08-23 00:00:00,2022-08-23,4,swd,0,0,0,0,婚纱 BRIDE,False,1375,False,,F,,F
2026-08-01--2026-08-31,,SWD10055,BRIDE,2024-08-29 18:38:06,下架,2025-08-13 14:45:49,139.0,0.0,0,0,,,0,swd,0,0,0,0,婚纱 BRIDE,False,731,False,,F,,F
2026-08-01--2026-08-31,,SWD10056,BRIDE,2024-08-29 18:37:04,下架,2026-07-10 11:18:20,162.0,0.0,0,0,,,0,swd,0,0,0,0,婚纱 BRIDE,False,731,False,,F,,F
2026-08-01--2026-08-31,,SWD10057,BRIDE,2024-08-29 18:37:49,下架,2025-08-13 14:45:49,171.0,0.0,0,0,,,0,swd,0,0,0,0,婚纱 BRIDE,False,731,False,,F,,F
2026-08-01--2026-08-31,,SWD10061,BRIDE,2024-08-20 16:47:30,下架,2025-08-13 14:45:49,209.0,0.0,0,2,2023-04-18 00:00:00,,0,swd,0,0,0,0,婚纱 BRIDE,False,740,False,,F,,F
2026-08-01--2026-08-31,,SWD10063,BRIDE,2022-11-24 16:52:56,下架,2024-01-26 16:09:05,214.0,0.0,0,0,,,0,swd,0,0,0,0,婚纱 BRIDE,False,1375,False,,F,,F
2026-08-01--2026-08-31,,SWD10064,BRIDE,2022-11-24 16:56:10,下架,2022-12-08 16:20:21,111.0,0.0,0,0,,,0,swd,0,0,0,0,婚纱 BRIDE,False,1375,False,,F,,F
2026-08-01--2026-08-31,,SWD10065,BRIDE,2022-11-24 17:00:12,下架,2024-01-26 16:08:46,214.0,0.0,0,0,,,0,swd,0,0,0,0,婚纱 BRIDE,False,1375,False,,F,,F
2026-08-01--2026-08-31,,SWD10066,BRIDE,2024-08-27 10:00:57,下架,2026-07-10 11:21:27,299.0,0.0,0,0,,,0,swd,0,0,0,0,婚纱 BRIDE,False,733,False,,F,,F
2026-08-01--2026-08-31,,SWD10067,BRIDE,2022-11-24 17:07:06,下架,2024-01-26 16:08:27,192.0,0.0,0,0,,,0,swd,0,0,0,0,婚纱 BRIDE,False,1375,False,,F,,F
2026-08-01--2026-08-31,,SWD10052,BRIDE,2022-11-24 16:01:53,下架,2022-12-08 16:13:47,149.0,0.0,0,0,,,0,swd,0,0,0,0,婚纱 BRIDE,False,1375,False,,F,,F
2026-08-01--2026-08-31,,SWD10002,BRIDE,2022-11-23 18:22:03,下架,2023-02-28 16:25:08,229.0,0.0,0,0,,,0,swd,0,0,0,0,婚纱 BRIDE,False,1376,False,,F,,F
2026-08-01--2026-08-31,,SWD10003,BRIDE,2024-08-20 19:00:36,下架,2025-08-13 14:45:49,229.0,0.0,0,2,2022-11-08 00:00:00,,0,swd,0,0,0,0,婚纱 BRIDE,False,740,False,,F,,F
2026-08-01--2026-08-31,,SWD10004,BRIDE,2024-08-16 05:59:41,下架,2026-06-04 17:14:28,149.0,0.0,0,8,2025-06-30 23:14:28,2023-01-13,1,swd,0,0,0,0,婚纱 BRIDE,False,744,False,,F,,F
2026-08-01--2026-08-31,,SWD10005,BRIDE,2022-11-23 18:39:55,下架,2023-02-28 16:24:23,189.0,0.0,0,0,,,0,swd,0,0,0,0,婚纱 BRIDE,False,1376,False,,F,,F
2026-08-01--2026-08-31,,SWD10008,BRIDE,2024-08-19 21:22:38,上架,,229.0,0.0,0,10,2023-12-31 08:54:48,,0,swd,0,0,0,0,婚纱 BRIDE,True,741,False,,F,,F
2026-08-01--2026-08-31,,SWD10009,BRIDE,2024-08-21 11:41:03,下架,2026-06-04 17:14:28,178.0,0.0,0,0,,,0,swd,0,0,0,0,婚纱 BRIDE,False,739,False,,F,,F
2026-08-01--2026-08-31,,SWD10010,BRIDE,2022-11-23 19:09:07,下架,2023-06-01 20:14:19,159.0,0.0,0,0,,,0,swd,0,0,0,0,婚纱 BRIDE,False,1376,False,,F,,F
2026-08-01--2026-08-31,,SWD10012,BRIDE,2022-11-23 19:19:28,下架,2024-01-26 16:11:54,189.0,0.0,0,0,,,0,swd,0,0,0,0,婚纱 BRIDE,False,1376,False,,F,,F
2026-08-01--2026-08-31,,SWD10013,BRIDE,2022-11-23 19:22:46,下架,2024-01-26 16:11:35,159.0,0.0,0,0,,,0,swd,0,0,0,0,婚纱 BRIDE,False,1376,False,,F,,F
2026-08-01--2026-08-31,,SWD10014,BRIDE,2022-11-23 19:30:03,下架,2024-01-26 16:11:17,179.0,0.0,0,0,,,0,swd,0,0,0,0,婚纱 BRIDE,False,1376,False,,F,,F
2026-08-01--2026-08-31,,SWD13370,BRIDE,2026-08-13 14:38:03,上架,,119.0,0.0,0,0,,,0,swd,0,0,0,0,婚纱 BRIDE,True,17,True,≤30天,F,,F
2026-08-01--2026-08-31,,SWD10016,BRIDE,2024-08-16 18:07:41,下架,2026-06-04 17:14:27,199.0,0.0,0,4,2022-11-15 00:00:00,,0,swd,0,0,0,0,婚纱 BRIDE,False,744,False,,F,,F
2026-08-01--2026-08-31,,SWD10017,BRIDE,2024-08-19 19:36:19,下架,2026-06-04 17:14:27,169.0,0.0,0,23,2024-05-12 00:00:00,,0,swd,0,0,0,0,婚纱 BRIDE,False,741,False,,F,,F
2026-08-01--2026-08-31,,SWD13482,BRIDE,2026-08-04 17:44:41,下架,2026-08-26 18:52:33,499.0,0.0,0,0,,,0,swd,0,0,0,0,婚纱 BRIDE,False,26,True,≤30天,F,,F
2026-08-01--2026-08-31,,SWD13487,BRIDE,2026-08-07 18:17:24,下架,2026-08-12 14:33:25,560.0,0.0,0,0,,,0,swd,0,0,0,0,婚纱 BRIDE,False,23,True,≤30天,F,,F
2026-08-01--2026-08-31,,SWD13433,BRIDE,2026-08-11 16:07:10,上架,,329.0,0.0,0,0,,,0,swd,0,0,0,0,婚纱 BRIDE,True,19,True,≤30天,F,,F
2026-08-01--2026-08-31,,SWD13550,BRIDE,2026-08-28 17:18:43,上架,,285.0,0.0,0,0,,,0,swd,0,0,0,0,婚纱 BRIDE,True,2,True,≤30天,F,,F
2026-08-01--2026-08-31,,SWD13490,BRIDE,2026-08-11 18:03:16,上架,,199.0,0.0,0,0,,,0,swd,0,0,0,0,婚纱 BRIDE,True,19,True,≤30天,F,,F
2026-08-01--2026-08-31,,SWD13371,BRIDE,2026-08-12 10:38:10,上架,,129.0,0.0,0,0,,,0,swd,0,0,0,0,婚纱 BRIDE,True,18,True,≤30天,F,,F
2026-08-01--2026-08-31,,SWD13395,BRIDE,2026-08-12 10:39:20,上架,,139.0,0.0,0,0,,,0,swd,0,0,0,0,婚纱 BRIDE,True,18,True,≤30天,F,,F
2026-08-01--2026-08-31,,SWD13466,BRIDE,2026-08-12 10:55:53,上架,,159.0,0.0,0,0,,,0,swd,0,0,0,0,婚纱 BRIDE,True,18,True,≤30天,F,,F
2026-08-01--2026-08-31,,SWD13491,BRIDE,2026-08-12 10:09:40,下架,2026-08-17 09:41:25,367.0,0.0,0,0,,,0,swd,0,0,0,0,婚纱 BRIDE,False,18,True,≤30天,F,,F
2026-08-01--2026-08-31,,SWD10015,BRIDE,2024-08-21 11:40:54,上架,,189.0,0.0,0,5,2026-04-08 00:00:00,,0,swd,0,0,0,0,婚纱 BRIDE,True,739,False,,F,,F
2026-08-01--2026-08-31,,SWD10113,BRIDE,2022-12-24 18:18:09,下架,,199.0,0.0,0,0,,,0,swd,0,0,0,0,婚纱 BRIDE,False,1345,False,,F,,F
2026-08-01--2026-08-31,,SWD10114,BRIDE,2022-12-24 18:19:46,下架,2023-06-25 10:52:07,219.0,0.0,0,0,,,0,swd,0,0,0,0,婚纱 BRIDE,False,1345,False,,F,,F
2026-08-01--2026-08-31,,SWD10115,BRIDE,2022-12-24 18:21:32,下架,2023-06-25 10:53:00,235.0,0.0,0,0,,,0,swd,0,0,0,0,婚纱 BRIDE,False,1345,False,,F,,F
2026-08-01--2026-08-31,,SWD10116,BRIDE,2022-12-24 18:23:33,下架,2022-12-24 18:23:33,159.0,0.0,0,0,,,0,swd,0,0,0,0,婚纱 BRIDE,False,1345,False,,F,,F
2026-08-01--2026-08-31,,SWD10117,BRIDE,2022-12-24 18:26:20,下架,2022-12-24 18:26:20,139.0,0.0,0,0,,,0,swd,0,0,0,0,婚纱 BRIDE,False,1345,False,,F,,F
2026-08-01--2026-08-31,,SWD10118,BRIDE,2022-12-24 18:28:04,下架,2022-12-24 18:28:04,159.0,0.0,0,0,,,0,swd,0,0,0,0,婚纱 BRIDE,False,1345,False,,F,,F
2026-08-01--2026-08-31,,SWD10119,BRIDE,2022-12-24 18:29:43,下架,2022-12-24 18:29:43,219.0,0.0,0,0,,,0,swd,0,0,0,0,婚纱 BRIDE,False,1345,False,,F,,F
2026-08-01--2026-08-31,,SWD10120,BRIDE,2024-08-29 18:42:26,上架,,209.0,0.0,0,0,,,0,swd,0,0,0,0,婚纱 BRIDE,True,731,False,,F,,F
2026-08-01--2026-08-31,,SWD10121,BRIDE,2024-08-21 19:45:59,下架,2026-08-05 12:06:03,195.0,0.0,0,0,,,0,swd,0,0,0,0,婚纱 BRIDE,False,739,False,,F,,F
2026-08-01--2026-08-31,,SWD10122,BRIDE,2024-08-27 10:03:53,下架,2025-08-13 14:45:48,179.0,0.0,0,0,,,0,swd,0,0,0,0,婚纱 BRIDE,False,733,False,,F,,F
2026-08-01--2026-08-31,,SWD10068,BRIDE,2022-11-24 17:36:12,下架,2023-02-28 16:25:40,234.0,0.0,0,0,,,0,swd,0,0,0,0,婚纱 BRIDE,False,1375,False,,F,,F
2026-08-01--2026-08-31,,SWD10125,BRIDE,2024-08-29 18:43:49,上架,,179.0,0.0,0,0,,,0,swd,0,0,0,0,婚纱 BRIDE,True,731,False,,F,,F
2026-08-01--2026-08-31,,SWD10126,BRIDE,2023-01-12 15:36:21,下架,,156.0,0.0,0,0,,,0,swd,0,0,0,0,婚纱 BRIDE,False,1326,False,,F,,F
2026-08-01--2026-08-31,,SWD10127,BRIDE,2023-01-12 15:38:14,下架,2023-01-12 15:38:14,136.0,0.0,0,0,,,0,swd,0,0,0,0,婚纱 BRIDE,False,1326,False,,F,,F
2026-08-01--2026-08-31,,SWD10128,BRIDE,2023-01-12 15:39:41,下架,,179.0,0.0,0,0,,,0,swd,0,0,0,0,婚纱 BRIDE,False,1326,False,,F,,F
2026-08-01--2026-08-31,,SWD10129,BRIDE,2024-08-27 10:10:19,下架,2026-06-04 17:14:26,149.0,0.0,0,0,,,0,swd,0,0,0,0,婚纱 BRIDE,False,733,False,,F,,F
2026-08-01--2026-08-31,,SWD10134,BRIDE,2023-01-12 16:07:43,下架,2023-01-12 16:07:43,155.0,0.0,0,0,,,0,swd,0,0,0,0,婚纱 BRIDE,False,1326,False,,F,,F
2026-08-01--2026-08-31,,SWD10139,BRIDE,2024-08-22 18:04:02,下架,2026-07-10 11:18:20,159.0,0.0,0,0,,,0,swd,0,0,0,0,婚纱 BRIDE,False,738,False,,F,,F
2026-08-01--2026-08-31,,SWD10140,BRIDE,2023-01-12 16:17:18,下架,2023-01-12 16:17:18,169.0,0.0,0,0,,,0,swd,0,0,0,0,婚纱 BRIDE,False,1326,False,,F,,F
2026-08-01--2026-08-31,,SWD10141,BRIDE,2024-08-20 19:02:35,下架,2026-07-10 11:21:27,219.0,0.0,0,0,,,0,swd,0,0,0,0,婚纱 BRIDE,False,740,False,,F,,F
2026-08-01--2026-08-31,,SWD10143,BRIDE,2024-08-22 18:03:36,下架,2025-08-13 14:45:48,219.0,0.0,0,0,,,0,swd,0,0,0,0,婚纱 BRIDE,False,738,False,,F,,F
2026-08-01--2026-08-31,,SWD10144,BRIDE,2024-08-29 18:44:28,下架,2026-06-04 17:14:26,175.0,0.0,0,0,,,0,swd,0,0,0,0,婚纱 BRIDE,False,731,False,,F,,F
2026-08-01--2026-08-31,,SWD10123,BRIDE,2022-12-24 18:40:49,下架,2022-12-24 18:40:49,239.0,0.0,0,0,,,0,swd,0,0,0,0,婚纱 BRIDE,False,1345,False,,F,,F
2026-08-01--2026-08-31,,SWD10070,BRIDE,2024-08-27 10:01:06,下架,2025-08-13 14:45:49,256.0,0.0,0,0,,,0,swd,0,0,0,0,婚纱 BRIDE,False,733,False,,F,,F
2026-08-01--2026-08-31,,SWD10072,BRIDE,2022-11-25 09:52:49,下架,2023-05-31 09:59:16,199.0,0.0,0,6,2023-04-14 00:00:00,2023-04-14,4,swd,0,0,0,0,婚纱 BRIDE,False,1374,False,,F,,F
2026-08-01--2026-08-31,,SWD10073,BRIDE,2024-08-20 16:47:38,下架,2025-08-13 14:45:48,139.0,0.0,0,8,2023-04-28 00:00:00,2023-04-21,4,swd,0,0,0,0,婚纱 BRIDE,False,740,False,,F,,F
2026-08-01--2026-08-31,,SWD10075,BRIDE,2022-12-09 14:46:25,下架,2024-01-19 10:08:20,159.0,0.0,0,41,2024-01-04 10:10:42,2023-12-28,33,swd,0,0,0,0,婚纱 BRIDE,False,1360,False,,F,,F
2026-08-01--2026-08-31,,SWD10077,BRIDE,2024-08-22 17:57:39,下架,2026-08-05 12:06:03,299.0,0.0,0,1,2022-03-19 00:00:00,2022-03-19,5,swd,0,0,0,0,婚纱 BRIDE,False,738,False,,F,,F
2026-08-01--2026-08-31,,SWD10080,BRIDE,2024-08-21 19:36:54,下架,2025-08-13 14:45:48,179.0,0.0,0,8,2022-09-09 00:00:00,2022-06-03,11,swd,0,0,0,0,婚纱 BRIDE,False,739,False,,F,,F
2026-08-01--2026-08-31,,SWD10081,BRIDE,2024-08-19 23:24:02,上架,,199.0,0.0,0,5,2022-08-15 00:00:00,2022-04-06,5,swd,0,0,0,0,婚纱 BRIDE,True,741,False,,F,,F
2026-08-01--2026-08-31,,SWD10083,BRIDE,2024-08-23 16:45:13,下架,2025-08-13 14:45:48,269.0,0.0,0,5,2022-09-03 00:00:00,2022-09-03,3,swd,0,0,0,0,婚纱 BRIDE,False,737,False,,F,,F
2026-08-01--2026-08-31,,SWD10084,BRIDE,2024-08-20 01:02:04,下架,2026-08-26 12:07:54,159.0,0.0,0,5,2026-06-07 22:37:57,,0,swd,0,0,0,0,婚纱 BRIDE,False,740,False,,F,,F
2026-08-01--2026-08-31,,SWD10087,BRIDE,2024-08-20 00:58:31,下架,2026-06-04 17:14:26,219.0,0.0,0,6,2023-07-29 16:50:50,,0,swd,0,0,0,0,婚纱 BRIDE,False,740,False,,F,,F
2026-08-01--2026-08-31,,SWD10112,BRIDE,2022-12-24 18:16:23,下架,2023-06-25 10:53:50,217.0,0.0,0,7,2023-04-28 00:00:00,2023-04-28,6,swd,0,0,0,0,婚纱 BRIDE,False,1345,False,,F,,F
2026-08-01--2026-08-31,,SWD10090,BRIDE,2024-08-23 16:44:38,下架,2026-07-10 11:18:20,319.0,0.0,0,6,2022-11-15 00:00:00,,0,swd,0,0,0,0,婚纱 BRIDE,False,737,False,,F,,F
2026-08-01--2026-08-31,,SWD10093,BRIDE,2024-08-16 12:49:16,上架,,199.0,0.0,0,8,2026-05-02 00:00:00,2026-05-02,6,swd,0,0,0,0,婚纱 BRIDE,True,744,False,,F,,F
2026-08-01--2026-08-31,,SWD10096,BRIDE,2024-08-29 18:49:28,下架,2025-08-13 14:45:48,219.0,0.0,0,9,2022-09-02 00:00:00,2022-09-02,12,swd,0,0,0,0,婚纱 BRIDE,False,731,False,,F,,F
2026-08-01--2026-08-31,,SWD10097,BRIDE,2022-12-09 17:10:22,下架,2023-05-31 10:00:46,159.0,0.0,0,13,2023-02-16 00:00:00,2023-02-16,10,swd,0,0,0,0,婚纱 BRIDE,False,1360,False,,F,,F
2026-08-01--2026-08-31,,SWD10099,BRIDE,2024-08-19 19:45:31,下架,2026-06-04 17:14:26,179.0,0.0,0,5,2022-10-19 00:00:00,,0,swd,0,0,0,0,婚纱 BRIDE,False,741,False,,F,,F
2026-08-01--2026-08-31,,SWD10100,BRIDE,2024-08-21 11:40:30,下架,2025-08-13 14:45:48,179.0,0.0,0,4,2022-10-19 00:00:00,,0,swd,0,0,0,0,婚纱 BRIDE,False,739,False,,F,,F
2026-08-01--2026-08-31,,SWD10101,BRIDE,2024-08-21 11:43:07,下架,2026-07-10 11:18:20,169.0,0.0,0,4,2022-06-15 00:00:00,,0,swd,0,0,0,0,婚纱 BRIDE,False,739,False,,F,,F
2026-08-01--2026-08-31,,SWD10103,BRIDE,2022-12-09 17:41:13,下架,2023-02-09 17:13:01,279.0,0.0,0,4,2022-10-19 00:00:00,,0,swd,0,0,0,0,婚纱 BRIDE,False,1360,False,,F,,F
2026-08-01--2026-08-31,,SWD10104,BRIDE,2022-12-09 17:45:58,下架,,189.0,0.0,0,3,2022-11-15 00:00:00,,0,swd,0,0,0,0,婚纱 BRIDE,False,1360,False,,F,,F
2026-08-01--2026-08-31,,SWD10109,BRIDE,2022-12-24 18:06:35,下架,2023-06-25 10:49:22,236.0,0.0,0,0,,,0,swd,0,0,0,0,婚纱 BRIDE,False,1345,False,,F,,F
2026-08-01--2026-08-31,,SWD10111,BRIDE,2024-08-21 11:42:49,下架,2026-07-10 11:18:20,249.0,0.0,0,1,2025-08-12 20:54:52,2025-08-13,2,swd,0,0,0,0,婚纱 BRIDE,False,739,False,,F,,F
2026-08-01--2026-08-31,,SWD10088,BRIDE,2024-08-21 19:47:05,上架,,189.0,0.0,0,9,2026-05-17 16:00:00,,0,swd,0,0,0,0,婚纱 BRIDE,True,739,False,,F,,F
2026-08-01--2026-08-31,,SWD10449,BRIDE,2023-03-29 17:09:10,下架,2024-01-19 10:07:45,128.0,0.0,0,10,2023-12-27 09:31:24,,0,swd,0,0,0,0,婚纱 BRIDE,False,1250,False,,F,,F
2026-08-01--2026-08-31,,SWD10451,BRIDE,2024-08-30 12:20:19,下架,2026-06-04 17:14:22,130.0,0.0,0,0,,,0,swd,0,0,0,0,婚纱 BRIDE,False,730,False,,F,,F
2026-08-01--2026-08-31,,SWD10454,BRIDE,2023-03-29 17:27:34,下架,,128.0,0.0,0,0,,,0,swd,0,0,0,0,婚纱 BRIDE,False,1250,False,,F,,F
2026-08-01--2026-08-31,,SWD10458,BRIDE,2024-08-16 16:55:47,上架,,130.0,0.0,0,7,2025-01-14 02:59:31,,0,swd,0,0,0,0,婚纱 BRIDE,True,744,False,,F,,F
2026-08-01--2026-08-31,,SWD10459,BRIDE,2024-08-22 11:40:19,下架,2026-06-04 17:14:22,128.0,0.0,0,0,,,0,swd,0,0,0,0,婚纱 BRIDE,False,738,False,,F,,F
2026-08-01--2026-08-31,,SWD10461,BRIDE,2024-08-20 14:50:12,上架,,130.0,0.0,0,3,2026-06-19 12:13:31,,0,swd,0,0,0,0,婚纱 BRIDE,True,740,False,,F,,F
2026-08-01--2026-08-31,,SWD10462,BRIDE,2023-03-29 19:52:17,下架,,128.0,0.0,0,0,,,0,swd,0,0,0,0,婚纱 BRIDE,False,1250,False,,F,,F
2026-08-01--2026-08-31,,SWD10464,BRIDE,2023-03-30 18:32:41,下架,,149.0,0.0,0,0,,,0,swd,0,0,0,0,婚纱 BRIDE,False,1249,False,,F,,F
2026-08-01--2026-08-31,,SWD10465,BRIDE,2023-03-30 18:34:15,下架,2023-12-09 17:17:28,149.0,0.0,0,1,2023-04-05 00:00:00,2023-04-05,6,swd,0,0,0,0,婚纱 BRIDE,False,1249,False,,F,,F
2026-08-01--2026-08-31,,SWD10466,BRIDE,2024-08-23 17:18:03,下架,2025-08-13 14:45:46,149.0,0.0,0,0,,,0,swd,0,0,0,0,婚纱 BRIDE,False,737,False,,F,,F
2026-08-01--2026-08-31,,SWD10273,BRIDE,2024-08-19 23:32:37,下架,2026-06-04 17:14:24,260.0,0.0,0,10,2024-08-08 02:14:52,,0,swd,0,0,0,0,婚纱 BRIDE,False,741,False,,F,,F
2026-08-01--2026-08-31,,SWD10470,BRIDE,2024-09-06 15:57:19,下架,2026-08-05 12:06:03,178.0,0.0,0,9,2024-09-04 08:58:34,,0,swd,0,0,0,0,婚纱 BRIDE,False,723,False,,F,,F
2026-08-01--2026-08-31,,SWD10471,BRIDE,2024-08-19 16:25:45,下架,2026-08-26 12:07:54,229.0,0.0,0,2,2023-02-08 00:00:00,2023-02-08,7,swd,0,0,0,0,婚纱 BRIDE,False,741,False,,F,,F
2026-08-01--2026-08-31,,SWD10472,BRIDE,2023-03-31 15:26:19,下架,,149.0,0.0,0,0,,,0,swd,0,0,0,0,婚纱 BRIDE,False,1248,False,,F,,F
2026-08-01--2026-08-31,,SWD10473,BRIDE,2024-08-22 11:39:24,下架,2025-08-13 14:45:46,195.0,0.0,0,0,,,0,swd,0,0,0,0,婚纱 BRIDE,False,738,False,,F,,F
2026-08-01--2026-08-31,,SWD10474,BRIDE,2024-08-22 11:39:06,下架,2026-07-10 11:21:26,149.0,0.0,0,2,2023-03-14 00:00:00,2023-03-14,9,swd,0,0,0,0,婚纱 BRIDE,False,738,False,,F,,F
2026-08-01--2026-08-31,,SWD10475,BRIDE,2024-08-27 10:27:43,下架,2025-08-13 14:45:46,149.0,0.0,0,2,2023-01-10 00:00:00,2023-01-10,10,swd,0,0,0,0,婚纱 BRIDE,False,733,False,,F,,F
2026-08-01--2026-08-31,,SWD10477,BRIDE,2023-03-31 16:47:51,下架,,149.0,0.0,0,0,,,0,swd,0,0,0,0,婚纱 BRIDE,False,1248,False,,F,,F
2026-08-01--2026-08-31,,SWD10478,BRIDE,2024-08-23 17:01:00,下架,2025-08-13 14:45:45,139.0,0.0,0,0,,,0,swd,0,0,0,0,婚纱 BRIDE,False,737,False,,F,,F
2026-08-01--2026-08-31,,SWD10479,BRIDE,2023-03-31 16:51:32,下架,,169.0,0.0,0,0,,,0,swd,0,0,0,0,婚纱 BRIDE,False,1248,False,,F,,F
2026-08-01--2026-08-31,,SWD10480,BRIDE,2024-08-30 12:21:26,下架,2026-07-10 11:18:19,169.0,0.0,0,0,,,0,swd,0,0,0,0,婚纱 BRIDE,False,730,False,,F,,F
2026-08-01--2026-08-31,,SWD10468,BRIDE,2023-03-30 18:40:42,下架,,149.0,0.0,0,2,2023-03-05 00:00:00,2023-03-05,5,swd,0,0,0,0,婚纱 BRIDE,False,1249,False,,F,,F
2026-08-01--2026-08-31,,SWD10415,BRIDE,2024-08-30 12:19:45,下架,2026-07-10 11:18:19,195.0,0.0,0,0,,,0,swd,0,0,0,0,婚纱 BRIDE,False,730,False,,F,,F
2026-08-01--2026-08-31,,SWD10416,BRIDE,2023-03-28 15:05:50,下架,,188.0,0.0,0,0,,,0,swd,0,0,0,0,婚纱 BRIDE,False,1251,False,,F,,F
2026-08-01--2026-08-31,,SWD10417,BRIDE,2024-08-16 07:53:44,下架,2026-08-05 12:06:03,220.0,0.0,0,30,2026-06-08 22:24:39,,0,swd,0,0,0,0,婚纱 BRIDE,False,744,False,,F,,F
2026-08-01--2026-08-31,,SWD10418,BRIDE,2023-03-28 16:00:31,下架,2023-12-09 17:17:28,149.0,0.0,0,0,,,0,swd,0,0,0,0,婚纱 BRIDE,False,1251,False,,F,,F
2026-08-01--2026-08-31,,SWD10419,BRIDE,2023-03-28 16:01:59,上架,,159.0,0.0,0,1,2023-01-04 00:00:00,2023-01-04,1,swd,0,0,0,0,婚纱 BRIDE,True,1251,False,,F,,F
2026-08-01--2026-08-31,,SWD10420,BRIDE,2024-08-30 12:18:46,上架,,159.0,0.0,0,6,2026-07-19 00:00:00,2023-02-08,2,swd,0,0,0,0,婚纱 BRIDE,True,730,False,,F,,F
2026-08-01--2026-08-31,,SWD10421,BRIDE,2024-08-27 10:28:10,下架,2026-07-10 11:18:19,149.0,0.0,0,0,,,0,swd,0,0,0,0,婚纱 BRIDE,False,733,False,,F,,F
2026-08-01--2026-08-31,,SWD10422,BRIDE,2024-08-22 11:40:08,下架,2026-06-04 17:14:22,240.0,0.0,0,5,2023-03-09 00:00:00,2023-03-09,6,swd,0,0,0,0,婚纱 BRIDE,False,738,False,,F,,F
2026-08-01--2026-08-31,,SWD10423,BRIDE,2024-08-22 18:10:43,下架,2026-08-26 12:07:54,99.0,0.0,0,7,2024-05-27 02:58:27,,0,swd,0,0,0,0,婚纱 BRIDE,False,738,False,,F,,F
2026-08-01--2026-08-31,,SWD10425,BRIDE,2023-03-28 17:02:35,下架,,240.0,0.0,0,0,,,0,swd,0,0,0,0,婚纱 BRIDE,False,1251,False,,F,,F
2026-08-01--2026-08-31,,SWD10446,BRIDE,2024-08-21 11:49:35,下架,2026-07-10 11:18:19,189.0,0.0,0,5,2026-06-30 16:00:00,,0,swd,0,0,0,0,婚纱 BRIDE,False,739,False,,F,,F
2026-08-01--2026-08-31,,SWD10427,BRIDE,2023-03-28 17:29:12,下架,,155.0,0.0,0,0,,,0,swd,0,0,0,0,婚纱 BRIDE,False,1251,False,,F,,F
2026-08-01--2026-08-31,,SWD10428,BRIDE,2023-03-28 17:30:55,下架,2024-01-19 10:11:22,169.0,0.0,0,10,2024-01-03 08:02:27,,0,swd,0,0,0,0,婚纱 BRIDE,False,1251,False,,F,,F
2026-08-01--2026-08-31,,SWD10429,BRIDE,2023-03-28 17:32:50,下架,2024-01-19 10:11:00,159.0,0.0,0,10,2023-09-27 08:49:14,,0,swd,0,0,0,0,婚纱 BRIDE,False,1251,False,,F,,F
2026-08-01--2026-08-31,,SWD10431,BRIDE,2023-03-28 20:27:10,下架,2023-12-09 17:17:28,149.0,0.0,0,2,2023-02-28 00:00:00,2023-02-28,2,swd,0,0,0,0,婚纱 BRIDE,False,1251,False,,F,,F
2026-08-01--2026-08-31,,SWD10432,BRIDE,2023-03-28 20:41:27,下架,2023-12-09 17:17:28,139.0,0.0,0,0,,,0,swd,0,0,0,0,婚纱 BRIDE,False,1251,False,,F,,F
2026-08-01--2026-08-31,,SWD10433,BRIDE,2024-08-22 11:39:58,下架,2026-07-10 11:21:26,130.0,0.0,0,0,,,0,swd,0,0,0,0,婚纱 BRIDE,False,738,False,,F,,F
2026-08-01--2026-08-31,,SWD10437,BRIDE,2023-03-29 14:14:21,下架,2026-07-10 11:18:19,199.0,0.0,0,6,2026-07-13 16:00:00,,0,swd,0,0,0,0,婚纱 BRIDE,False,1250,False,,F,,F
2026-08-01--2026-08-31,,SWD10439,BRIDE,2024-08-21 11:50:05,上架,,169.0,0.0,0,7,2026-07-09 16:00:00,2026-03-08,3,swd,0,0,0,0,婚纱 BRIDE,True,739,False,,F,,F
2026-08-01--2026-08-31,,SWD10442,BRIDE,2023-03-29 14:27:55,下架,,249.0,0.0,0,0,,,0,swd,0,0,0,0,婚纱 BRIDE,False,1250,False,,F,,F
2026-08-01--2026-08-31,,SWD10443,BRIDE,2023-03-29 14:28:06,下架,,140.0,0.0,0,0,,,0,swd,0,0,0,0,婚纱 BRIDE,False,1250,False,,F,,F
2026-08-01--2026-08-31,,SWD10444,BRIDE,2023-03-29 14:31:30,下架,,168.0,0.0,0,0,,,0,swd,0,0,0,0,婚纱 BRIDE,False,1250,False,,F,,F
2026-08-01--2026-08-31,,SWD10426,BRIDE,2024-08-22 11:40:28,下架,2026-07-10 11:21:26,149.0,0.0,0,10,2024-01-02 09:03:24,,0,swd,0,0,0,0,婚纱 BRIDE,False,738,False,,F,,F
2026-08-01--2026-08-31,,SWD10516,BRIDE,2024-08-23 16:40:47,下架,,159.0,0.0,0,4,2025-01-12 03:22:10,,0,swd,0,0,0,0,婚纱 BRIDE,False,737,False,,F,,F
2026-08-01--2026-08-31,,SWD10517,BRIDE,2023-04-13 13:51:33,下架,,220.0,0.0,0,0,,,0,swd,0,0,0,0,婚纱 BRIDE,False,1235,False,,F,,F
2026-08-01--2026-08-31,,SWD10518,BRIDE,2024-08-16 08:09:54,下架,2025-08-13 14:45:45,170.0,0.0,0,24,2024-06-08 00:00:00,2024-06-08,1,swd,0,0,0,0,婚纱 BRIDE,False,744,False,,F,,F
2026-08-01--2026-08-31,,SWD10519,BRIDE,2023-04-13 14:17:53,下架,,160.0,0.0,0,0,,,0,swd,0,0,0,0,婚纱 BRIDE,False,1235,False,,F,,F
2026-08-01--2026-08-31,,SWD10520,BRIDE,2023-04-13 14:43:52,下架,2026-07-10 11:21:26,180.0,0.0,0,5,2024-12-17 01:47:58,,0,swd,0,0,0,0,婚纱 BRIDE,False,1235,False,,F,,F
2026-08-01--2026-08-31,,SWD10521,BRIDE,2023-04-13 16:19:41,下架,,180.0,0.0,0,0,,,0,swd,0,0,0,0,婚纱 BRIDE,False,1235,False,,F,,F
2026-08-01--2026-08-31,,SWD10522,BRIDE,2023-04-13 16:23:20,下架,2025-08-13 14:45:45,220.0,0.0,0,0,,,0,swd,0,0,0,0,婚纱 BRIDE,False,1235,False,,F,,F
2026-08-01--2026-08-31,,SWD10523,BRIDE,2023-04-13 16:25:50,下架,2025-08-13 14:45:45,160.0,0.0,0,0,,,0,swd,0,0,0,0,婚纱 BRIDE,False,1235,False,,F,,F
2026-08-01--2026-08-31,,SWD10524,BRIDE,2023-04-13 16:28:34,下架,,160.0,0.0,0,0,,,0,swd,0,0,0,0,婚纱 BRIDE,False,1235,False,,F,,F
2026-08-01--2026-08-31,,SWD10525,BRIDE,2024-08-27 10:47:32,下架,2026-07-10 11:18:19,149.0,0.0,0,0,,,0,swd,0,0,0,0,婚纱 BRIDE,False,733,False,,F,,F
2026-08-01--2026-08-31,,SWD10481,BRIDE,2023-03-31 16:56:26,下架,,159.0,0.0,0,0,,,0,swd,0,0,0,0,婚纱 BRIDE,False,1248,False,,F,,F
2026-08-01--2026-08-31,,SWD10528,BRIDE,2024-08-21 09:52:17,上架,,149.0,0.0,0,0,,,0,swd,0,0,0,0,婚纱 BRIDE,True,739,False,,F,,F
2026-08-01--2026-08-31,,SWD10529,BRIDE,2024-08-19 21:27:48,下架,2026-06-04 17:14:21,180.0,0.0,0,10,2023-12-17 09:09:56,,0,swd,0,0,0,0,婚纱 BRIDE,False,741,False,,F,,F
2026-08-01--2026-08-31,,SWD10530,BRIDE,2023-04-13 17:34:02,下架,,180.0,0.0,0,1,2023-03-20 00:00:00,2023-03-20,1,swd,0,0,0,0,婚纱 BRIDE,False,1235,False,,F,,F
2026-08-01--2026-08-31,,SWD10531,BRIDE,2024-08-27 10:47:11,下架,2025-08-13 14:45:45,149.0,0.0,0,0,,,0,swd,0,0,0,0,婚纱 BRIDE,False,733,False,,F,,F
2026-08-01--2026-08-31,,SWD10532,BRIDE,2023-04-13 18:04:43,下架,,159.0,0.0,0,0,,,0,swd,0,0,0,0,婚纱 BRIDE,False,1235,False,,F,,F
2026-08-01--2026-08-31,,SWD10533,BRIDE,2023-04-13 18:07:20,下架,,149.0,0.0,0,0,,,0,swd,0,0,0,0,婚纱 BRIDE,False,1235,False,,F,,F
2026-08-01--2026-08-31,,SWD10534,BRIDE,2024-08-21 12:04:35,下架,2026-06-04 17:14:21,149.0,0.0,0,1,2024-10-12 00:00:00,2024-10-12,2,swd,0,0,0,0,婚纱 BRIDE,False,739,False,,F,,F
2026-08-01--2026-08-31,,SWD10535,BRIDE,2023-04-13 18:13:35,下架,,149.0,0.0,0,0,,,0,swd,0,0,0,0,婚纱 BRIDE,False,1235,False,,F,,F
2026-08-01--2026-08-31,,SWD10536,BRIDE,2023-04-13 18:15:40,下架,,149.0,0.0,0,0,,,0,swd,0,0,0,0,婚纱 BRIDE,False,1235,False,,F,,F
2026-08-01--2026-08-31,,SWD10537,BRIDE,2024-08-07 12:14:17,下架,2025-08-13 14:45:44,149.0,0.0,0,0,,,0,swd,0,0,0,0,婚纱 BRIDE,False,753,False,,F,,F
2026-08-01--2026-08-31,,SWD10538,BRIDE,2024-08-22 18:11:21,下架,2025-08-13 14:45:44,180.0,0.0,0,0,,,0,swd,0,0,0,0,婚纱 BRIDE,False,738,False,,F,,F
2026-08-01--2026-08-31,,SWD10527,BRIDE,2024-09-06 15:34:46,下架,2025-08-13 14:45:45,149.0,0.0,0,9,2024-09-04 08:58:34,,0,swd,0,0,0,0,婚纱 BRIDE,False,723,False,,F,,F
2026-08-01--2026-08-31,,SWD10482,BRIDE,2024-08-30 12:21:13,下架,2026-08-26 12:07:54,139.0,0.0,0,10,2025-11-22 03:20:10,,0,swd,0,0,0,0,婚纱 BRIDE,False,730,False,,F,,F
2026-08-01--2026-08-31,,SWD10485,BRIDE,2024-09-02 09:26:02,下架,2025-08-13 14:45:45,149.0,0.0,0,0,,,0,swd,0,0,0,0,婚纱 BRIDE,False,727,False,,F,,F
2026-08-01--2026-08-31,,SWD10486,BRIDE,2023-04-04 22:50:00,下架,,149.0,0.0,0,0,,,0,swd,0,0,0,0,婚纱 BRIDE,False,1244,False,,F,,F
2026-08-01--2026-08-31,,SWD10487,BRIDE,2023-04-04 22:56:45,下架,,149.0,0.0,0,0,,,0,swd,0,0,0,0,婚纱 BRIDE,False,1244,False,,F,,F
2026-08-01--2026-08-31,,SWD10488,BRIDE,2024-08-22 18:11:11,下架,2026-06-04 17:14:22,149.0,0.0,0,0,,,0,swd,0,0,0,0,婚纱 BRIDE,False,738,False,,F,,F
2026-08-01--2026-08-31,,SWD10489,BRIDE,2023-04-04 23:07:21,下架,,149.0,0.0,0,0,,,0,swd,0,0,0,0,婚纱 BRIDE,False,1244,False,,F,,F
2026-08-01--2026-08-31,,SWD10492,BRIDE,2023-04-11 16:46:36,下架,,219.0,0.0,0,3,2023-04-02 00:00:00,2023-04-02,3,swd,0,0,0,0,婚纱 BRIDE,False,1237,False,,F,,F
2026-08-01--2026-08-31,,SWD10493,BRIDE,2023-04-11 16:54:27,下架,,189.0,0.0,0,0,,,0,swd,0,0,0,0,婚纱 BRIDE,False,1237,False,,F,,F
2026-08-01--2026-08-31,,SWD10498,BRIDE,2024-08-16 22:22:35,上架,,199.0,0.0,0,13,2026-07-07 16:00:00,2024-06-08,4,swd,0,0,0,0,婚纱 BRIDE,True,744,False,,F,,F
2026-08-01--2026-08-31,,SWD10499,BRIDE,2024-08-21 12:04:44,下架,2025-08-13 14:45:45,199.0,0.0,0,0,,,0,swd,0,0,0,0,婚纱 BRIDE,False,739,False,,F,,F
2026-08-01--2026-08-31,,SWD10515,BRIDE,2023-04-12 15:45:15,下架,,139.0,0.0,0,0,,,0,swd,0,0,0,0,婚纱 BRIDE,False,1236,False,,F,,F
2026-08-01--2026-08-31,,SWD10503,BRIDE,2023-04-11 20:14:51,下架,2025-08-13 14:45:45,149.0,0.0,0,0,,,0,swd,0,0,0,0,婚纱 BRIDE,False,1237,False,,F,,F
2026-08-01--2026-08-31,,SWD10504,BRIDE,2023-04-11 20:16:50,下架,,149.0,0.0,0,0,,,0,swd,0,0,0,0,婚纱 BRIDE,False,1237,False,,F,,F
2026-08-01--2026-08-31,,SWD10505,BRIDE,2023-04-11 20:20:24,上架,,200.0,0.0,0,16,2026-06-01 16:00:00,,0,swd,0,0,0,0,婚纱 BRIDE,True,1237,False,,F,,F
2026-08-01--2026-08-31,,SWD10506,BRIDE,2023-04-11 20:57:24,下架,,160.0,0.0,0,0,,,0,swd,0,0,0,0,婚纱 BRIDE,False,1237,False,,F,,F
2026-08-01--2026-08-31,,SWD10507,BRIDE,2023-04-11 20:59:10,下架,,149.0,0.0,0,0,,,0,swd,0,0,0,0,婚纱 BRIDE,False,1237,False,,F,,F
2026-08-01--2026-08-31,,SWD10508,BRIDE,2023-04-11 21:01:02,下架,2026-07-10 11:18:19,149.0,0.0,0,0,,,0,swd,0,0,0,0,婚纱 BRIDE,False,1237,False,,F,,F
2026-08-01--2026-08-31,,SWD10509,BRIDE,2023-04-11 21:03:52,下架,,170.0,0.0,0,0,,,0,swd,0,0,0,0,婚纱 BRIDE,False,1237,False,,F,,F
2026-08-01--2026-08-31,,SWD10510,BRIDE,2024-08-16 12:43:17,下架,2026-06-04 17:14:22,149.0,0.0,0,6,2023-09-05 16:22:28,2023-04-21,1,swd,0,0,0,0,婚纱 BRIDE,False,744,False,,F,,F
2026-08-01--2026-08-31,,SWD10511,BRIDE,2024-08-27 10:27:52,下架,2025-08-13 14:45:45,170.0,0.0,0,0,,,0,swd,0,0,0,0,婚纱 BRIDE,False,733,False,,F,,F
2026-08-01--2026-08-31,,SWD10512,BRIDE,2024-08-20 14:55:24,下架,2026-07-10 11:18:19,170.0,0.0,0,4,2023-03-18 00:00:00,2023-03-18,4,swd,0,0,0,0,婚纱 BRIDE,False,740,False,,F,,F
2026-08-01--2026-08-31,,SWD10513,BRIDE,2023-04-11 21:11:29,下架,,200.0,0.0,0,10,2023-12-30 08:53:23,,0,swd,0,0,0,0,婚纱 BRIDE,False,1237,False,,F,,F
2026-08-01--2026-08-31,,SWD10500,BRIDE,2024-09-12 13:18:05,下架,2026-06-04 17:14:22,219.0,0.0,0,9,2024-09-09 09:04:35,,0,swd,0,0,0,0,婚纱 BRIDE,False,717,False,,F,,F
2026-08-01--2026-08-31,,SWD10315,BRIDE,2024-08-30 12:16:34,下架,2025-08-13 14:45:46,159.0,0.0,0,1,2023-03-05 00:00:00,2023-03-05,1,swd,0,0,0,0,婚纱 BRIDE,False,730,False,,F,,F
2026-08-01--2026-08-31,,SWD10316,BRIDE,2023-03-16 16:58:41,下架,2023-12-09 17:17:28,180.0,0.0,0,0,,,0,swd,0,0,0,0,婚纱 BRIDE,False,1263,False,,F,,F
2026-08-01--2026-08-31,,SWD10318,BRIDE,2024-08-19 23:32:00,下架,2026-06-04 17:14:23,139.0,0.0,0,3,2026-05-30 10:42:37,2023-02-20,2,swd,0,0,0,0,婚纱 BRIDE,False,741,False,,F,,F
2026-08-01--2026-08-31,,SWD10320,BRIDE,2024-08-16 15:52:07,上架,,249.0,0.0,0,24,2026-07-27 00:00:00,,0,swd,0,0,0,0,婚纱 BRIDE,True,744,False,,F,,F
2026-08-01--2026-08-31,,SWD10321,BRIDE,2023-03-17 15:20:30,下架,,119.0,0.0,0,0,,,0,swd,0,0,0,0,婚纱 BRIDE,False,1262,False,,F,,F
2026-08-01--2026-08-31,,SWD10322,BRIDE,2023-03-17 15:27:15,下架,2023-12-09 17:17:28,119.0,0.0,0,0,,,0,swd,0,0,0,0,婚纱 BRIDE,False,1262,False,,F,,F
2026-08-01--2026-08-31,,SWD10323,BRIDE,2024-08-27 10:18:25,下架,2026-06-04 17:14:23,119.0,0.0,0,0,,,0,swd,0,0,0,0,婚纱 BRIDE,False,733,False,,F,,F
2026-08-01--2026-08-31,,SWD10325,BRIDE,2024-08-27 10:17:59,下架,2026-08-26 12:07:54,119.0,0.0,0,0,,,0,swd,0,0,0,0,婚纱 BRIDE,False,733,False,,F,,F
2026-08-01--2026-08-31,,SWD10326,BRIDE,2024-08-27 10:18:42,下架,2026-04-16 18:37:18,119.0,0.0,0,0,,,0,swd,0,0,0,0,婚纱 BRIDE,False,733,False,,F,,F
2026-08-01--2026-08-31,,SWD10327,BRIDE,2024-08-19 18:26:26,上架,,149.0,0.0,0,28,2026-08-10 14:06:44,,0,swd,0,0,0,0,婚纱 BRIDE,True,741,False,,F,,F
2026-08-01--2026-08-31,,SWD10414,BRIDE,2023-03-28 15:03:02,下架,,188.0,0.0,0,0,,,0,swd,0,0,0,0,婚纱 BRIDE,False,1251,False,,F,,F
2026-08-01--2026-08-31,,SWD10329,BRIDE,2024-08-19 18:25:48,上架,,179.0,0.0,0,10,2026-06-29 15:51:33,,0,swd,0,0,0,0,婚纱 BRIDE,True,741,False,,F,,F
2026-08-01--2026-08-31,,SWD10330,BRIDE,2023-03-17 17:22:16,下架,2023-12-28 17:33:04,149.0,0.0,0,24,2023-03-20 00:00:00,2023-03-20,25,swd,0,0,0,0,婚纱 BRIDE,False,1262,False,,F,,F
2026-08-01--2026-08-31,,SWD10331,BRIDE,2024-08-21 11:49:06,下架,2026-08-05 12:06:03,139.0,0.0,0,0,,,0,swd,0,0,0,0,婚纱 BRIDE,False,739,False,,F,,F
2026-08-01--2026-08-31,,SWD10332,BRIDE,2024-08-21 11:49:26,上架,,169.0,0.0,0,5,2024-12-24 03:42:16,,0,swd,0,0,0,0,婚纱 BRIDE,True,739,False,,F,,F
2026-08-01--2026-08-31,,SWD10335,BRIDE,2023-03-17 18:17:32,下架,,180.0,0.0,0,28,2023-05-30 17:33:05,2023-03-20,37,swd,0,0,0,0,婚纱 BRIDE,False,1262,False,,F,,F
2026-08-01--2026-08-31,,SWD10336,BRIDE,2024-08-27 10:17:45,下架,2026-07-10 11:18:19,189.0,0.0,0,2,2023-03-10 00:00:00,2023-03-10,2,swd,0,0,0,0,婚纱 BRIDE,False,733,False,,F,,F
2026-08-01--2026-08-31,,SWD10337,BRIDE,2023-03-17 18:49:51,下架,2023-12-09 17:17:28,229.0,0.0,0,0,,,0,swd,0,0,0,0,婚纱 BRIDE,False,1262,False,,F,,F
2026-08-01--2026-08-31,,SWD10338,BRIDE,2024-08-23 16:59:48,下架,2026-07-10 11:18:19,239.0,0.0,0,0,,,0,swd,0,0,0,0,婚纱 BRIDE,False,737,False,,F,,F
2026-08-01--2026-08-31,,SWD10342,BRIDE,2024-08-23 16:59:04,上架,,139.0,0.0,0,0,,,0,swd,0,0,0,0,婚纱 BRIDE,True,737,False,,F,,F
2026-08-01--2026-08-31,,SWD10343,BRIDE,2024-08-27 10:19:48,下架,2025-08-13 14:45:46,169.0,0.0,0,0,,,0,swd,0,0,0,0,婚纱 BRIDE,False,733,False,,F,,F
2026-08-01--2026-08-31,,SWD10328,BRIDE,2024-08-19 21:27:58,下架,2026-07-10 11:18:19,179.0,0.0,0,3,2025-06-01 14:20:55,2025-06-01,1,swd,0,0,0,0,婚纱 BRIDE,False,741,False,,F,,F
2026-08-01--2026-08-31,,SWD10274,BRIDE,2024-08-30 12:12:29,下架,2025-08-13 14:45:47,169.0,0.0,0,0,,,0,swd,0,0,0,0,婚纱 BRIDE,False,730,False,,F,,F
2026-08-01--2026-08-31,,SWD10277,BRIDE,2024-08-23 16:58:18,下架,2026-08-26 12:07:54,169.0,0.0,0,0,,,0,swd,0,0,0,0,婚纱 BRIDE,False,737,False,,F,,F
2026-08-01--2026-08-31,,SWD10278,BRIDE,2024-08-22 11:25:01,下架,2025-08-13 14:45:47,169.0,0.0,0,0,,,0,swd,0,0,0,0,婚纱 BRIDE,False,738,False,,F,,F
2026-08-01--2026-08-31,,SWD10281,BRIDE,2024-08-20 21:28:36,下架,2026-06-04 17:14:24,229.0,0.0,0,0,,,0,swd,0,0,0,0,婚纱 BRIDE,False,740,False,,F,,F
2026-08-01--2026-08-31,,SWD10282,BRIDE,2024-08-22 18:07:35,下架,2026-06-04 17:14:24,269.0,0.0,0,0,,,0,swd,0,0,0,0,婚纱 BRIDE,False,738,False,,F,,F
2026-08-01--2026-08-31,,SWD10283,BRIDE,2024-08-30 12:16:05,下架,2026-07-10 11:21:27,249.0,0.0,0,0,,,0,swd,0,0,0,0,婚纱 BRIDE,False,730,False,,F,,F
2026-08-01--2026-08-31,,SWD10285,BRIDE,2024-08-30 12:12:00,下架,2026-06-04 17:14:24,229.0,0.0,0,0,,,0,swd,0,0,0,0,婚纱 BRIDE,False,730,False,,F,,F
2026-08-01--2026-08-31,,SWD10286,BRIDE,2024-08-22 11:34:51,上架,,239.0,0.0,0,15,2026-07-23 00:00:00,,0,swd,0,0,0,0,婚纱 BRIDE,True,738,False,,F,,F
2026-08-01--2026-08-31,,SWD10287,BRIDE,2024-08-20 21:20:44,下架,2026-07-10 11:18:20,169.0,0.0,0,1,2025-05-16 05:59:11,2025-05-16,4,swd,0,0,0,0,婚纱 BRIDE,False,740,False,,F,,F
2026-08-01--2026-08-31,,SWD10288,BRIDE,2024-08-27 10:15:48,下架,2026-06-04 17:14:24,239.0,0.0,0,0,,,0,swd,0,0,0,0,婚纱 BRIDE,False,733,False,,F,,F
2026-08-01--2026-08-31,,SWD10313,BRIDE,2024-08-27 10:17:33,下架,2025-08-13 14:45:46,170.0,0.0,0,0,,,0,swd,0,0,0,0,婚纱 BRIDE,False,733,False,,F,,F
2026-08-01--2026-08-31,,SWD10294,BRIDE,2023-03-10 18:51:59,下架,,169.0,0.0,0,0,,,0,swd,0,0,0,0,婚纱 BRIDE,False,1269,False,,F,,F
2026-08-01--2026-08-31,,SWD10296,BRIDE,2024-08-21 09:49:35,上架,,119.0,0.0,0,26,2026-08-04 16:20:07,,0,swd,0,0,0,0,婚纱 BRIDE,True,739,False,,F,,F
2026-08-01--2026-08-31,,SWD10299,BRIDE,2024-08-22 11:34:39,下架,2026-07-10 11:21:26,139.0,0.0,0,1,2022-12-20 00:00:00,2022-12-20,2,swd,0,0,0,0,婚纱 BRIDE,False,738,False,,F,,F
2026-08-01--2026-08-31,,SWD10301,BRIDE,2024-08-21 11:49:47,上架,,159.0,0.0,0,0,,,0,swd,0,0,0,0,婚纱 BRIDE,True,739,False,,F,,F
2026-08-01--2026-08-31,,SWD10302,BRIDE,2023-03-14 17:27:24,下架,,159.0,0.0,0,0,,,0,swd,0,0,0,0,婚纱 BRIDE,False,1265,False,,F,,F
2026-08-01--2026-08-31,,SWD10306,BRIDE,2023-03-14 18:19:40,下架,2023-12-09 17:17:28,278.0,0.0,0,5,2023-02-10 00:00:00,2023-02-10,6,swd,0,0,0,0,婚纱 BRIDE,False,1265,False,,F,,F
2026-08-01--2026-08-31,,SWD10307,BRIDE,2023-03-14 18:57:54,下架,2023-12-09 17:17:28,300.0,0.0,0,1,2023-03-01 00:00:00,2023-03-01,2,swd,0,0,0,0,婚纱 BRIDE,False,1265,False,,F,,F
2026-08-01--2026-08-31,,SWD10308,BRIDE,2024-08-19 18:26:39,下架,2026-06-04 17:14:23,150.0,0.0,0,0,,,0,swd,0,0,0,0,婚纱 BRIDE,False,741,False,,F,,F
2026-08-01--2026-08-31,,SWD10310,BRIDE,2024-08-27 10:17:16,下架,2026-07-10 11:18:19,120.0,0.0,0,0,,,0,swd,0,0,0,0,婚纱 BRIDE,False,733,False,,F,,F
2026-08-01--2026-08-31,,SWD10311,BRIDE,2024-08-20 16:49:24,下架,2025-08-13 14:45:47,129.0,0.0,0,3,2022-10-07 00:00:00,2022-10-07,2,swd,0,0,0,0,婚纱 BRIDE,False,740,False,,F,,F
2026-08-01--2026-08-31,,SWD10312,BRIDE,2024-08-30 12:16:45,下架,2025-08-13 14:45:46,129.0,0.0,0,0,,,0,swd,0,0,0,0,婚纱 BRIDE,False,730,False,,F,,F
2026-08-01--2026-08-31,,SWD10292,BRIDE,2024-08-23 16:58:37,下架,2026-07-10 11:21:27,150.0,0.0,0,0,,,0,swd,0,0,0,0,婚纱 BRIDE,False,737,False,,F,,F
2026-08-01--2026-08-31,,SWD10383,BRIDE,2024-08-27 10:27:01,下架,2025-08-13 14:45:46,180.0,0.0,0,0,,,0,swd,0,0,0,0,婚纱 BRIDE,False,733,False,,F,,F
2026-08-01--2026-08-31,,SWD10384,BRIDE,2024-08-27 10:19:56,下架,2026-06-04 17:14:23,139.0,0.0,0,8,2025-02-26 08:22:33,,0,swd,0,0,0,0,婚纱 BRIDE,False,733,False,,F,,F
2026-08-01--2026-08-31,,SWD10385,BRIDE,2023-03-24 10:26:10,下架,2024-02-18 16:07:12,139.0,0.0,0,0,,,0,swd,0,0,0,0,婚纱 BRIDE,False,1255,False,,F,,F
2026-08-01--2026-08-31,,SWD10387,BRIDE,2024-08-30 12:19:03,下架,2026-07-10 11:18:19,250.0,0.0,0,0,,,0,swd,0,0,0,0,婚纱 BRIDE,False,730,False,,F,,F
2026-08-01--2026-08-31,,SWD10388,BRIDE,2023-03-24 11:31:01,下架,,250.0,0.0,0,0,,,0,swd,0,0,0,0,婚纱 BRIDE,False,1255,False,,F,,F
2026-08-01--2026-08-31,,SWD10391,BRIDE,2024-08-20 21:28:27,上架,,158.0,0.0,0,7,2024-12-02 11:30:07,,0,swd,0,0,0,0,婚纱 BRIDE,True,740,False,,F,,F
2026-08-01--2026-08-31,,SWD10393,BRIDE,2024-08-27 10:30:16,下架,2026-07-10 11:18:19,120.0,0.0,0,0,,,0,swd,0,0,0,0,婚纱 BRIDE,False,733,False,,F,,F
2026-08-01--2026-08-31,,SWD10394,BRIDE,2023-03-27 16:07:29,下架,2023-05-31 10:10:47,149.0,0.0,0,4,2023-03-15 00:00:00,2023-03-15,4,swd,0,0,0,0,婚纱 BRIDE,False,1252,False,,F,,F
2026-08-01--2026-08-31,,SWD10396,BRIDE,2023-03-27 17:36:51,下架,,99.0,0.0,0,0,,,0,swd,0,0,0,0,婚纱 BRIDE,False,1252,False,,F,,F
2026-08-01--2026-08-31,,SWD10399,BRIDE,2024-08-22 18:11:03,下架,2026-06-04 17:14:22,139.0,0.0,0,0,,,0,swd,0,0,0,0,婚纱 BRIDE,False,738,False,,F,,F
2026-08-01--2026-08-31,,SWD10345,BRIDE,2023-03-21 15:19:16,下架,,199.0,0.0,0,0,,,0,swd,0,0,0,0,婚纱 BRIDE,False,1258,False,,F,,F
2026-08-01--2026-08-31,,SWD10401,BRIDE,2023-03-28 10:58:24,下架,2023-05-31 09:56:57,240.0,0.0,0,1,2023-03-15 00:00:00,2023-03-15,1,swd,0,0,0,0,婚纱 BRIDE,False,1251,False,,F,,F
2026-08-01--2026-08-31,,SWD10402,BRIDE,2023-03-28 11:28:31,下架,2023-05-31 10:16:41,220.0,0.0,0,0,,,0,swd,0,0,0,0,婚纱 BRIDE,False,1251,False,,F,,F
2026-08-01--2026-08-31,,SWD10403,BRIDE,2023-03-28 12:21:55,下架,,139.0,0.0,0,0,,,0,swd,0,0,0,0,婚纱 BRIDE,False,1251,False,,F,,F
2026-08-01--2026-08-31,,SWD10404,BRIDE,2024-08-30 12:19:54,下架,2026-07-10 11:21:26,149.0,0.0,0,0,,,0,swd,0,0,0,0,婚纱 BRIDE,False,730,False,,F,,F
2026-08-01--2026-08-31,,SWD10405,BRIDE,2023-03-28 14:17:11,下架,,178.0,0.0,0,0,,,0,swd,0,0,0,0,婚纱 BRIDE,False,1251,False,,F,,F
2026-08-01--2026-08-31,,SWD10407,BRIDE,2023-03-28 14:23:58,下架,2025-07-03 11:44:51,188.0,0.0,0,0,,,0,swd,0,0,0,0,婚纱 BRIDE,False,1251,False,,F,,F
2026-08-01--2026-08-31,,SWD10408,BRIDE,2023-03-28 14:26:20,下架,,189.0,0.0,0,0,,,0,swd,0,0,0,0,婚纱 BRIDE,False,1251,False,,F,,F
2026-08-01--2026-08-31,,SWD10410,BRIDE,2023-03-28 14:30:09,下架,,148.0,0.0,0,0,,,0,swd,0,0,0,0,婚纱 BRIDE,False,1251,False,,F,,F
2026-08-01--2026-08-31,,SWD10411,BRIDE,2024-08-22 11:34:59,下架,2026-07-10 11:21:26,158.0,0.0,0,0,,,0,swd,0,0,0,0,婚纱 BRIDE,False,738,False,,F,,F
2026-08-01--2026-08-31,,SWD10412,BRIDE,2024-08-30 12:19:20,下架,2026-06-04 17:14:22,199.0,0.0,0,0,,,0,swd,0,0,0,0,婚纱 BRIDE,False,730,False,,F,,F
2026-08-01--2026-08-31,,SWD10413,BRIDE,2024-08-22 11:39:33,下架,2026-07-10 11:18:19,170.0,0.0,0,0,,,0,swd,0,0,0,0,婚纱 BRIDE,False,738,False,,F,,F
2026-08-01--2026-08-31,,SWD10400,BRIDE,2023-03-28 10:43:20,下架,2023-05-31 09:57:13,240.0,0.0,0,2,2023-03-16 00:00:00,2023-03-16,2,swd,0,0,0,0,婚纱 BRIDE,False,1251,False,,F,,F
2026-08-01--2026-08-31,,SWD10346,BRIDE,2024-08-20 16:49:37,上架,,149.0,0.0,0,10,2026-07-14 07:55:26,,0,swd,0,0,0,0,婚纱 BRIDE,True,740,False,,F,,F
2026-08-01--2026-08-31,,SWD10349,BRIDE,2023-03-21 16:13:20,下架,,189.0,0.0,0,0,,,0,swd,0,0,0,0,婚纱 BRIDE,False,1258,False,,F,,F
2026-08-01--2026-08-31,,SWD10352,BRIDE,2024-08-23 16:59:31,下架,2025-08-13 14:45:46,119.0,0.0,0,0,,,0,swd,0,0,0,0,婚纱 BRIDE,False,737,False,,F,,F
2026-08-01--2026-08-31,,SWD10355,BRIDE,2024-08-30 12:17:31,下架,2026-07-10 11:18:19,129.0,0.0,0,4,2026-01-13 00:00:00,,0,swd,0,0,0,0,婚纱 BRIDE,False,730,False,,F,,F
2026-08-01--2026-08-31,,SWD10356,BRIDE,2024-11-28 16:06:35,上架,,159.0,0.0,0,22,2024-03-31 02:12:21,2024-01-22,1,swd,0,0,0,0,婚纱 BRIDE,True,640,False,,F,,F
2026-08-01--2026-08-31,,SWD10358,BRIDE,2024-08-30 12:19:36,下架,2026-06-04 17:14:23,129.0,0.0,0,0,,,0,swd,0,0,0,0,婚纱 BRIDE,False,730,False,,F,,F
2026-08-01--2026-08-31,,SWD10359,BRIDE,2024-08-21 11:50:16,下架,2026-06-04 17:14:23,179.0,0.0,0,0,,,0,swd,0,0,0,0,婚纱 BRIDE,False,739,False,,F,,F
2026-08-01--2026-08-31,,SWD10361,BRIDE,2024-08-27 10:27:10,上架,,149.0,0.0,0,12,2026-07-10 00:00:00,,0,swd,0,0,0,0,婚纱 BRIDE,True,733,False,,F,,F
2026-08-01--2026-08-31,,SWD10363,BRIDE,2024-08-16 17:26:14,下架,2026-08-26 12:07:54,159.0,0.0,0,6,2023-05-08 00:00:00,2023-05-08,1,swd,0,0,0,0,婚纱 BRIDE,False,744,False,,F,,F
2026-08-01--2026-08-31,,SWD10364,BRIDE,2024-08-23 16:58:54,下架,2025-08-13 14:45:46,149.0,0.0,0,0,,,0,swd,0,0,0,0,婚纱 BRIDE,False,737,False,,F,,F
2026-08-01--2026-08-31,,SWD10382,BRIDE,2023-03-22 19:43:35,下架,,139.0,0.0,0,0,,,0,swd,0,0,0,0,婚纱 BRIDE,False,1257,False,,F,,F
2026-08-01--2026-08-31,,SWD10369,BRIDE,2023-03-22 16:34:34,下架,,189.0,0.0,0,0,,,0,swd,0,0,0,0,婚纱 BRIDE,False,1257,False,,F,,F
2026-08-01--2026-08-31,,SWD10370,BRIDE,2023-03-22 16:36:26,下架,,149.0,0.0,0,0,,,0,swd,0,0,0,0,婚纱 BRIDE,False,1257,False,,F,,F
2026-08-01--2026-08-31,,SWD10371,BRIDE,2023-03-22 16:38:59,下架,,139.0,0.0,0,0,,,0,swd,0,0,0,0,婚纱 BRIDE,False,1257,False,,F,,F
2026-08-01--2026-08-31,,SWD10372,BRIDE,2023-03-22 16:40:23,下架,,139.0,0.0,0,0,,,0,swd,0,0,0,0,婚纱 BRIDE,False,1257,False,,F,,F
2026-08-01--2026-08-31,,SWD10373,BRIDE,2023-03-22 16:47:07,下架,,135.0,0.0,0,0,,,0,swd,0,0,0,0,婚纱 BRIDE,False,1257,False,,F,,F
2026-08-01--2026-08-31,,SWD10374,BRIDE,2023-03-22 16:48:41,下架,,179.0,0.0,0,0,,,0,swd,0,0,0,0,婚纱 BRIDE,False,1257,False,,F,,F
2026-08-01--2026-08-31,,SWD10375,BRIDE,2024-08-30 12:18:37,上架,,169.0,0.0,0,11,2026-07-15 00:00:00,,0,swd,0,0,0,0,婚纱 BRIDE,True,730,False,,F,,F
2026-08-01--2026-08-31,,SWD10376,BRIDE,2024-08-20 19:13:30,上架,,169.0,0.0,0,4,2026-07-02 00:00:00,,0,swd,0,0,0,0,婚纱 BRIDE,True,740,False,,F,,F
2026-08-01--2026-08-31,,SWD10379,BRIDE,2024-08-20 21:21:22,下架,2026-06-04 17:14:23,239.0,0.0,0,5,2023-03-16 00:00:00,2023-03-16,6,swd,0,0,0,0,婚纱 BRIDE,False,740,False,,F,,F
2026-08-01--2026-08-31,,SWD10380,BRIDE,2024-08-22 11:38:40,下架,2026-06-04 17:14:23,239.0,0.0,0,5,2023-01-02 00:00:00,2023-01-02,7,swd,0,0,0,0,婚纱 BRIDE,False,738,False,,F,,F
2026-08-01--2026-08-31,,SWD10381,BRIDE,2024-08-22 11:38:49,上架,,139.0,0.0,0,9,2025-11-11 00:00:00,2025-11-11,13,swd,0,0,0,0,婚纱 BRIDE,True,738,False,,F,,F
2026-08-01--2026-08-31,,SWD10365,BRIDE,2024-08-20 16:47:48,下架,2026-07-10 11:18:19,149.0,0.0,0,1,2025-05-12 14:37:26,,0,swd,0,0,0,0,婚纱 BRIDE,False,740,False,,F,,F
2026-08-01--2026-08-31,,SWD11688,BRIDE,2023-08-23 17:28:29,下架,,169.0,0.0,0,0,,,0,swd,0,0,0,0,婚纱 BRIDE,False,1103,False,,F,,F
2026-08-01--2026-08-31,,SWD11690,BRIDE,2023-08-24 10:32:19,下架,,159.0,0.0,0,0,,,0,swd,0,0,0,0,婚纱 BRIDE,False,1102,False,,F,,F
2026-08-01--2026-08-31,,SWD11692,BRIDE,2024-08-28 17:52:22,下架,2025-08-13 14:45:31,165.0,0.0,0,0,,,0,swd,0,0,0,0,婚纱 BRIDE,False,732,False,,F,,F
2026-08-01--2026-08-31,,SWD11693,BRIDE,2024-08-26 17:39:50,下架,2026-06-04 17:14:09,178.0,0.0,0,0,,,0,swd,0,0,0,0,婚纱 BRIDE,False,734,False,,F,,F
2026-08-01--2026-08-31,,SWD11694,BRIDE,2024-11-11 11:33:44,下架,2026-08-26 12:07:53,159.0,0.0,0,0,,,0,swd,0,0,0,0,婚纱 BRIDE,False,657,False,,F,,F
2026-08-01--2026-08-31,,SWD11696,BRIDE,2024-09-03 14:56:01,下架,2025-08-13 14:45:31,149.0,0.0,0,0,,,0,swd,0,0,0,0,婚纱 BRIDE,False,726,False,,F,,F
2026-08-01--2026-08-31,,SWD11697,BRIDE,2023-08-25 14:26:39,下架,,199.0,0.0,0,0,,,0,swd,0,0,0,0,婚纱 BRIDE,False,1101,False,,F,,F
2026-08-01--2026-08-31,,SWD11699,BRIDE,2024-08-28 17:51:14,下架,2026-07-10 11:18:13,219.0,0.0,0,0,,,0,swd,0,0,0,0,婚纱 BRIDE,False,732,False,,F,,F
2026-08-01--2026-08-31,,SWD11700,BRIDE,2023-08-25 17:33:17,下架,2023-09-05 19:07:23,249.0,0.0,0,0,,,0,swd,0,0,0,0,婚纱 BRIDE,False,1101,False,,F,,F
2026-08-01--2026-08-31,,SWD11701,BRIDE,2024-08-22 14:03:02,上架,,178.0,0.0,0,0,,,0,swd,0,0,0,0,婚纱 BRIDE,True,738,False,,F,,F
2026-08-01--2026-08-31,,SWD11033,BRIDE,2023-05-23 18:04:29,下架,2023-06-04 23:34:07,149.0,0.0,0,0,,,0,swd,0,0,0,0,婚纱 BRIDE,False,1195,False,,F,,F
2026-08-01--2026-08-31,,SWD11703,BRIDE,2024-08-28 18:18:53,下架,2025-08-13 14:45:31,179.0,0.0,0,0,,,0,swd,0,0,0,0,婚纱 BRIDE,False,732,False,,F,,F
2026-08-01--2026-08-31,,SWD11704,BRIDE,2024-08-22 14:02:53,下架,2025-08-13 14:45:31,159.0,0.0,0,0,,,0,swd,0,0,0,0,婚纱 BRIDE,False,738,False,,F,,F
2026-08-01--2026-08-31,,SWD11705,BRIDE,2023-08-28 10:59:37,下架,2023-08-29 09:52:00,149.0,0.0,0,0,,,0,swd,0,0,0,0,婚纱 BRIDE,False,1098,False,,F,,F
2026-08-01--2026-08-31,,SWD11706,BRIDE,2023-08-28 15:39:59,下架,,149.0,0.0,0,0,,,0,swd,0,0,0,0,婚纱 BRIDE,False,1098,False,,F,,F
2026-08-01--2026-08-31,,SWD11707,BRIDE,2023-08-28 15:41:52,下架,,149.0,0.0,0,0,,,0,swd,0,0,0,0,婚纱 BRIDE,False,1098,False,,F,,F
2026-08-01--2026-08-31,,SWD11708,BRIDE,2024-08-20 15:42:33,下架,2026-06-04 17:14:09,159.0,0.0,0,11,2024-01-09 09:42:12,,0,swd,0,0,0,0,婚纱 BRIDE,False,740,False,,F,,F
2026-08-01--2026-08-31,,SWD11709,BRIDE,2023-08-28 16:22:04,下架,2023-08-29 10:23:37,129.0,0.0,0,0,,,0,swd,0,0,0,0,婚纱 BRIDE,False,1098,False,,F,,F
2026-08-01--2026-08-31,,SWD11711,BRIDE,2024-09-03 14:56:18,下架,2026-07-10 11:21:25,199.0,0.0,0,0,,,0,swd,0,0,0,0,婚纱 BRIDE,False,726,False,,F,,F
2026-08-01--2026-08-31,,SWD11713,BRIDE,2023-08-28 16:45:09,下架,,229.0,0.0,0,0,,,0,swd,0,0,0,0,婚纱 BRIDE,False,1098,False,,F,,F
2026-08-01--2026-08-31,,SWD11714,BRIDE,2023-08-28 16:45:45,下架,,169.0,0.0,0,0,,,0,swd,0,0,0,0,婚纱 BRIDE,False,1098,False,,F,,F
2026-08-01--2026-08-31,,SWD11702,BRIDE,2023-08-28 10:54:03,下架,,179.0,0.0,0,0,,,0,swd,0,0,0,0,婚纱 BRIDE,False,1098,False,,F,,F
2026-08-01--2026-08-31,,SWD11654,BRIDE,2024-09-03 13:04:40,下架,2025-08-13 14:45:31,155.0,0.0,0,0,,,0,swd,0,0,0,0,婚纱 BRIDE,False,726,False,,F,,F
2026-08-01--2026-08-31,,SWD11655,BRIDE,2024-08-26 17:34:36,下架,,199.0,0.0,0,0,,,0,swd,0,0,0,0,婚纱 BRIDE,False,734,False,,F,,F
2026-08-01--2026-08-31,,SWD11656,BRIDE,2023-08-18 14:16:46,下架,,209.0,0.0,0,0,,,0,swd,0,0,0,0,婚纱 BRIDE,False,1108,False,,F,,F
2026-08-01--2026-08-31,,SWD11657,BRIDE,2023-08-18 14:18:17,下架,,159.0,0.0,0,0,,,0,swd,0,0,0,0,婚纱 BRIDE,False,1108,False,,F,,F
2026-08-01--2026-08-31,,SWD11658,BRIDE,2024-09-03 13:04:14,下架,2026-06-04 17:14:09,179.0,0.0,0,0,,,0,swd,0,0,0,0,婚纱 BRIDE,False,726,False,,F,,F
2026-08-01--2026-08-31,,SWD11660,BRIDE,2023-08-21 16:05:10,下架,,155.0,0.0,0,0,,,0,swd,0,0,0,0,婚纱 BRIDE,False,1105,False,,F,,F
2026-08-01--2026-08-31,,SWD11661,BRIDE,2024-09-03 13:04:32,下架,2025-08-13 14:45:31,169.0,0.0,0,0,,,0,swd,0,0,0,0,婚纱 BRIDE,False,726,False,,F,,F
2026-08-01--2026-08-31,,SWD11663,BRIDE,2023-08-21 16:09:39,下架,,149.0,0.0,0,0,,,0,swd,0,0,0,0,婚纱 BRIDE,False,1105,False,,F,,F
2026-08-01--2026-08-31,,SWD11664,BRIDE,2023-08-21 16:12:03,下架,,159.0,0.0,0,0,,,0,swd,0,0,0,0,婚纱 BRIDE,False,1105,False,,F,,F
2026-08-01--2026-08-31,,SWD11665,BRIDE,2023-08-21 16:13:18,下架,,155.0,0.0,0,0,,,0,swd,0,0,0,0,婚纱 BRIDE,False,1105,False,,F,,F
2026-08-01--2026-08-31,,SWD11687,BRIDE,2023-08-23 17:27:09,下架,,168.0,0.0,0,0,,,0,swd,0,0,0,0,婚纱 BRIDE,False,1103,False,,F,,F
2026-08-01--2026-08-31,,SWD11669,BRIDE,2024-08-19 16:56:35,下架,2026-08-26 12:07:53,149.0,0.0,0,3,2024-01-03 03:00:11,,0,swd,0,0,0,0,婚纱 BRIDE,False,741,False,,F,,F
2026-08-01--2026-08-31,,SWD11671,BRIDE,2024-08-26 17:34:11,下架,2026-08-05 12:06:03,229.0,0.0,0,1,2025-12-02 15:24:19,2025-12-02,1,swd,0,0,0,0,婚纱 BRIDE,False,734,False,,F,,F
2026-08-01--2026-08-31,,SWD11672,BRIDE,2023-08-23 14:33:02,下架,,149.0,0.0,0,0,,,0,swd,0,0,0,0,婚纱 BRIDE,False,1103,False,,F,,F
2026-08-01--2026-08-31,,SWD11673,BRIDE,2023-08-23 14:35:19,下架,,179.0,0.0,0,0,,,0,swd,0,0,0,0,婚纱 BRIDE,False,1103,False,,F,,F
2026-08-01--2026-08-31,,SWD11674,BRIDE,2023-08-23 14:36:38,下架,,155.0,0.0,0,0,,,0,swd,0,0,0,0,婚纱 BRIDE,False,1103,False,,F,,F
2026-08-01--2026-08-31,,SWD11675,BRIDE,2023-08-23 14:38:25,下架,,175.0,0.0,0,0,,,0,swd,0,0,0,0,婚纱 BRIDE,False,1103,False,,F,,F
2026-08-01--2026-08-31,,SWD11677,BRIDE,2024-08-26 17:34:19,下架,2026-07-10 11:18:13,199.0,0.0,0,0,,,0,swd,0,0,0,0,婚纱 BRIDE,False,734,False,,F,,F
2026-08-01--2026-08-31,,SWD11680,BRIDE,2024-08-26 17:39:41,下架,2026-07-10 11:18:13,209.0,0.0,0,0,,,0,swd,0,0,0,0,婚纱 BRIDE,False,734,False,,F,,F
2026-08-01--2026-08-31,,SWD11683,BRIDE,2024-08-28 17:46:59,上架,,155.0,0.0,0,4,2026-06-09 14:22:24,,0,swd,0,0,0,0,婚纱 BRIDE,True,732,False,,F,,F
2026-08-01--2026-08-31,,SWD11684,BRIDE,2023-08-23 17:23:25,下架,,149.0,0.0,0,0,,,0,swd,0,0,0,0,婚纱 BRIDE,False,1103,False,,F,,F
2026-08-01--2026-08-31,,SWD11685,BRIDE,2023-08-23 17:24:53,下架,,169.0,0.0,0,0,,,0,swd,0,0,0,0,婚纱 BRIDE,False,1103,False,,F,,F
2026-08-01--2026-08-31,,SWD11667,BRIDE,2024-08-28 17:41:55,下架,2026-07-10 11:18:14,129.0,0.0,0,0,,,0,swd,0,0,0,0,婚纱 BRIDE,False,732,False,,F,,F
2026-08-01--2026-08-31,,SWD11750,BRIDE,2024-08-28 18:22:01,下架,2026-06-04 17:14:08,199.0,0.0,0,1,2023-08-29 00:00:00,,0,swd,0,0,0,0,婚纱 BRIDE,False,732,False,,F,,F
2026-08-01--2026-08-31,,SWD11752,BRIDE,2024-08-28 18:22:34,下架,2025-08-13 14:45:31,229.0,0.0,0,0,,,0,swd,0,0,0,0,婚纱 BRIDE,False,732,False,,F,,F
2026-08-01--2026-08-31,,SWD11753,BRIDE,2023-09-01 17:57:50,下架,,189.0,0.0,0,0,,,0,swd,0,0,0,0,婚纱 BRIDE,False,1094,False,,F,,F
2026-08-01--2026-08-31,,SWD11754,BRIDE,2024-09-03 15:03:20,下架,2026-07-10 11:18:13,199.0,0.0,0,0,,,0,swd,0,0,0,0,婚纱 BRIDE,False,726,False,,F,,F
2026-08-01--2026-08-31,,SWD11755,BRIDE,2023-09-01 18:00:44,下架,,189.0,0.0,0,0,,,0,swd,0,0,0,0,婚纱 BRIDE,False,1094,False,,F,,F
2026-08-01--2026-08-31,,SWD11756,BRIDE,2024-09-03 15:04:26,下架,2026-07-10 11:21:25,199.0,0.0,0,7,2026-07-07 00:00:00,,0,swd,0,0,0,0,婚纱 BRIDE,False,726,False,,F,,F
2026-08-01--2026-08-31,,SWD11759,BRIDE,2024-09-03 15:03:51,上架,,280.0,0.0,0,0,,,0,swd,0,0,0,0,婚纱 BRIDE,True,726,False,,F,,F
2026-08-01--2026-08-31,,SWD11761,BRIDE,2024-09-03 15:02:58,下架,2026-07-10 11:21:25,179.0,0.0,0,0,,,0,swd,0,0,0,0,婚纱 BRIDE,False,726,False,,F,,F
2026-08-01--2026-08-31,,SWD11763,BRIDE,2024-09-03 15:03:37,上架,,189.0,0.0,0,0,,,0,swd,0,0,0,0,婚纱 BRIDE,True,726,False,,F,,F
2026-08-01--2026-08-31,,SWD11764,BRIDE,2023-09-04 18:50:49,下架,,170.0,0.0,0,0,,,0,swd,0,0,0,0,婚纱 BRIDE,False,1091,False,,F,,F
2026-08-01--2026-08-31,,SWD11716,BRIDE,2024-08-19 17:45:00,上架,,219.0,0.0,0,20,2026-08-13 00:00:00,,0,swd,0,0,0,0,婚纱 BRIDE,True,741,False,,F,,F
2026-08-01--2026-08-31,,SWD11766,BRIDE,2024-08-23 14:29:31,上架,,199.0,0.0,0,0,,,0,swd,0,0,0,0,婚纱 BRIDE,True,737,False,,F,,F
2026-08-01--2026-08-31,,SWD11767,BRIDE,2023-09-05 09:47:58,下架,,239.0,0.0,0,0,,,0,swd,0,0,0,0,婚纱 BRIDE,False,1090,False,,F,,F
2026-08-01--2026-08-31,,SWD11768,BRIDE,2024-08-26 17:38:01,下架,2025-08-13 14:45:30,239.0,0.0,0,0,,,0,swd,0,0,0,0,婚纱 BRIDE,False,734,False,,F,,F
2026-08-01--2026-08-31,,SWD11769,BRIDE,2024-08-21 18:28:46,下架,2026-07-10 11:21:25,157.0,0.0,0,1,2024-01-11 00:00:00,2024-01-11,1,swd,0,0,0,0,婚纱 BRIDE,False,739,False,,F,,F
2026-08-01--2026-08-31,,SWD11771,BRIDE,2024-08-22 14:04:10,下架,2026-06-04 17:14:08,185.0,0.0,0,4,2024-01-18 06:56:04,,0,swd,0,0,0,0,婚纱 BRIDE,False,738,False,,F,,F
2026-08-01--2026-08-31,,SWD11773,BRIDE,2024-08-23 14:29:57,上架,,220.0,0.0,0,1,2026-07-27 05:46:05,,0,swd,0,0,0,0,婚纱 BRIDE,True,737,False,,F,,F
2026-08-01--2026-08-31,,SWD11774,BRIDE,2024-08-23 14:30:13,下架,2026-06-04 17:14:08,220.0,0.0,0,0,,,0,swd,0,0,0,0,婚纱 BRIDE,False,737,False,,F,,F
2026-08-01--2026-08-31,,SWD11775,BRIDE,2023-09-05 14:07:21,下架,,149.0,0.0,0,0,,,0,swd,0,0,0,0,婚纱 BRIDE,False,1090,False,,F,,F
2026-08-01--2026-08-31,,SWD11776,BRIDE,2023-09-05 14:09:14,下架,,149.0,0.0,0,0,,,0,swd,0,0,0,0,婚纱 BRIDE,False,1090,False,,F,,F
2026-08-01--2026-08-31,,SWD11777,BRIDE,2024-08-21 18:28:29,上架,,249.0,0.0,0,6,2026-07-27 00:00:00,,0,swd,0,0,0,0,婚纱 BRIDE,True,739,False,,F,,F
2026-08-01--2026-08-31,,SWD11765,BRIDE,2023-09-05 09:40:45,下架,,249.0,0.0,0,0,,,0,swd,0,0,0,0,婚纱 BRIDE,False,1090,False,,F,,F
2026-08-01--2026-08-31,,SWD11718,BRIDE,2023-08-28 16:55:18,下架,,169.0,0.0,0,0,,,0,swd,0,0,0,0,婚纱 BRIDE,False,1098,False,,F,,F
2026-08-01--2026-08-31,,SWD11719,BRIDE,2023-08-28 16:58:02,下架,,189.0,0.0,0,0,,,0,swd,0,0,0,0,婚纱 BRIDE,False,1098,False,,F,,F
2026-08-01--2026-08-31,,SWD11720,BRIDE,2024-08-28 18:18:17,下架,2026-07-10 11:18:13,189.0,0.0,0,0,,,0,swd,0,0,0,0,婚纱 BRIDE,False,732,False,,F,,F
2026-08-01--2026-08-31,,SWD11721,BRIDE,2024-08-21 18:20:52,下架,2026-06-04 17:14:08,159.0,0.0,0,3,2023-12-29 01:59:43,,0,swd,0,0,0,0,婚纱 BRIDE,False,739,False,,F,,F
2026-08-01--2026-08-31,,SWD11722,BRIDE,2024-08-28 18:18:00,下架,2025-08-13 14:45:31,189.0,0.0,0,0,,,0,swd,0,0,0,0,婚纱 BRIDE,False,732,False,,F,,F
2026-08-01--2026-08-31,,SWD11723,BRIDE,2024-08-21 18:27:42,下架,2026-07-10 11:18:13,159.0,0.0,0,10,2024-08-26 08:58:34,,0,swd,0,0,0,0,婚纱 BRIDE,False,739,False,,F,,F
2026-08-01--2026-08-31,,SWD11724,BRIDE,2023-08-28 17:06:27,下架,,199.0,0.0,0,0,,,0,swd,0,0,0,0,婚纱 BRIDE,False,1098,False,,F,,F
2026-08-01--2026-08-31,,SWD11727,BRIDE,2023-08-30 12:21:31,下架,,175.0,0.0,0,0,,,0,swd,0,0,0,0,婚纱 BRIDE,False,1096,False,,F,,F
2026-08-01--2026-08-31,,SWD11728,BRIDE,2024-08-19 20:50:29,下架,2026-06-11 18:32:07,189.0,0.0,0,1,2025-10-25 00:00:00,2025-10-25,4,swd,0,0,0,0,婚纱 BRIDE,False,741,False,,F,,F
2026-08-01--2026-08-31,,SWD11729,BRIDE,2024-08-16 08:36:31,上架,,165.0,0.0,0,47,2026-07-27 00:00:00,2026-04-10,9,swd,0,0,0,0,婚纱 BRIDE,True,744,False,,F,,F
2026-08-01--2026-08-31,,SWD11746,BRIDE,2024-08-16 22:03:21,上架,,149.0,0.0,0,9,2026-08-11 16:00:00,,0,swd,0,0,0,0,婚纱 BRIDE,True,744,False,,F,,F
2026-08-01--2026-08-31,,SWD11732,BRIDE,2023-08-31 15:51:25,下架,,129.0,0.0,0,0,,,0,swd,0,0,0,0,婚纱 BRIDE,False,1095,False,,F,,F
2026-08-01--2026-08-31,,SWD11733,BRIDE,2024-08-22 14:02:45,下架,2026-07-10 11:18:13,189.0,0.0,0,0,,,0,swd,0,0,0,0,婚纱 BRIDE,False,738,False,,F,,F
2026-08-01--2026-08-31,,SWD11734,BRIDE,2024-08-28 18:19:01,下架,2025-08-13 14:45:31,209.0,0.0,0,0,,,0,swd,0,0,0,0,婚纱 BRIDE,False,732,False,,F,,F
2026-08-01--2026-08-31,,SWD11735,BRIDE,2024-08-26 17:39:07,上架,,229.0,0.0,0,0,,,0,swd,0,0,0,0,婚纱 BRIDE,True,734,False,,F,,F
2026-08-01--2026-08-31,,SWD11737,BRIDE,2023-09-01 10:02:30,下架,,149.0,0.0,0,0,,,0,swd,0,0,0,0,婚纱 BRIDE,False,1094,False,,F,,F
2026-08-01--2026-08-31,,SWD11738,BRIDE,2024-08-26 17:38:26,下架,2026-08-05 12:06:03,269.0,0.0,0,7,2026-04-23 00:00:00,,0,swd,0,0,0,0,婚纱 BRIDE,False,734,False,,F,,F
2026-08-01--2026-08-31,,SWD11741,BRIDE,2024-09-03 14:57:46,下架,2025-08-13 14:45:31,169.0,0.0,0,0,,,0,swd,0,0,0,0,婚纱 BRIDE,False,726,False,,F,,F
2026-08-01--2026-08-31,,SWD11742,BRIDE,2024-08-21 18:27:52,下架,2026-06-04 17:14:08,175.0,0.0,0,1,2024-11-18 00:00:00,2024-11-18,4,swd,0,0,0,0,婚纱 BRIDE,False,739,False,,F,,F
2026-08-01--2026-08-31,,SWD11743,BRIDE,2024-08-28 18:17:50,下架,2026-07-10 11:18:13,149.0,0.0,0,0,,,0,swd,0,0,0,0,婚纱 BRIDE,False,732,False,,F,,F
2026-08-01--2026-08-31,,SWD11744,BRIDE,2024-09-03 14:57:37,下架,2026-06-04 17:14:08,169.0,0.0,0,0,,,0,swd,0,0,0,0,婚纱 BRIDE,False,726,False,,F,,F
2026-08-01--2026-08-31,,SWD11745,BRIDE,2023-09-01 15:03:50,下架,,195.0,0.0,0,0,,,0,swd,0,0,0,0,婚纱 BRIDE,False,1094,False,,F,,F
2026-08-01--2026-08-31,,SWD11731,BRIDE,2024-08-20 15:46:23,上架,,269.0,0.0,0,14,2026-07-13 00:00:00,2026-07-13,3,swd,0,0,0,0,婚纱 BRIDE,True,740,False,,F,,F
2026-08-01--2026-08-31,,SWD11557,BRIDE,2024-09-03 12:15:20,下架,2025-08-13 14:45:32,159.0,0.0,0,0,,,0,swd,0,0,0,0,婚纱 BRIDE,False,726,False,,F,,F
2026-08-01--2026-08-31,,SWD11558,BRIDE,2024-09-03 12:14:22,下架,2025-08-13 14:45:32,149.0,0.0,0,0,,,0,swd,0,0,0,0,婚纱 BRIDE,False,726,False,,F,,F
2026-08-01--2026-08-31,,SWD11559,BRIDE,2024-08-26 17:25:33,下架,2026-07-10 11:18:14,149.0,0.0,0,1,2025-01-09 00:00:00,2025-01-09,2,swd,0,0,0,0,婚纱 BRIDE,False,734,False,,F,,F
2026-08-01--2026-08-31,,SWD11561,BRIDE,2024-08-26 17:27:42,下架,2026-06-04 17:14:10,189.0,0.0,0,0,,,0,swd,0,0,0,0,婚纱 BRIDE,False,734,False,,F,,F
2026-08-01--2026-08-31,,SWD11562,BRIDE,2023-08-03 12:25:05,下架,,229.0,0.0,0,0,,,0,swd,0,0,0,0,婚纱 BRIDE,False,1123,False,,F,,F
2026-08-01--2026-08-31,,SWD11564,BRIDE,2023-08-03 12:29:18,下架,,149.0,0.0,0,0,,,0,swd,0,0,0,0,婚纱 BRIDE,False,1123,False,,F,,F
2026-08-01--2026-08-31,,SWD11565,BRIDE,2024-09-03 12:50:57,上架,,149.0,0.0,0,0,,,0,swd,0,0,0,0,婚纱 BRIDE,True,726,False,,F,,F
2026-08-01--2026-08-31,,SWD11567,BRIDE,2024-09-03 12:50:32,下架,2026-07-10 11:18:14,159.0,0.0,0,0,,,0,swd,0,0,0,0,婚纱 BRIDE,False,726,False,,F,,F
2026-08-01--2026-08-31,,SWD11569,BRIDE,2024-08-20 15:27:32,下架,2025-08-13 14:45:32,239.0,0.0,0,3,2023-12-31 01:57:41,,0,swd,0,0,0,0,婚纱 BRIDE,False,740,False,,F,,F
2026-08-01--2026-08-31,,SWD11570,BRIDE,2023-08-04 17:31:45,下架,,149.0,0.0,0,0,,,0,swd,0,0,0,0,婚纱 BRIDE,False,1122,False,,F,,F
2026-08-01--2026-08-31,,SWD11653,BRIDE,2024-09-03 13:02:48,下架,2026-07-10 11:21:25,169.0,0.0,0,0,,,0,swd,0,0,0,0,婚纱 BRIDE,False,726,False,,F,,F
2026-08-01--2026-08-31,,SWD11573,BRIDE,2024-08-26 17:27:33,上架,,129.0,0.0,0,0,,,0,swd,0,0,0,0,婚纱 BRIDE,True,734,False,,F,,F
2026-08-01--2026-08-31,,SWD11574,BRIDE,2023-08-07 16:18:29,下架,,179.0,0.0,0,0,,,0,swd,0,0,0,0,婚纱 BRIDE,False,1119,False,,F,,F
2026-08-01--2026-08-31,,SWD11575,BRIDE,2023-08-07 16:21:43,下架,,169.0,0.0,0,0,,,0,swd,0,0,0,0,婚纱 BRIDE,False,1119,False,,F,,F
2026-08-01--2026-08-31,,SWD11576,BRIDE,2024-08-26 17:28:21,上架,,159.0,0.0,0,8,2026-06-16 00:00:00,,0,swd,0,0,0,0,婚纱 BRIDE,True,734,False,,F,,F
2026-08-01--2026-08-31,,SWD11577,BRIDE,2024-08-20 20:24:37,上架,,129.0,0.0,0,0,,,0,swd,0,0,0,0,婚纱 BRIDE,True,740,False,,F,,F
2026-08-01--2026-08-31,,SWD11578,BRIDE,2024-08-28 17:14:07,下架,2026-07-10 11:18:14,199.0,0.0,0,0,,,0,swd,0,0,0,0,婚纱 BRIDE,False,732,False,,F,,F
2026-08-01--2026-08-31,,SWD11579,BRIDE,2024-09-03 12:52:24,下架,2026-07-10 11:21:25,159.0,0.0,0,0,,,0,swd,0,0,0,0,婚纱 BRIDE,False,726,False,,F,,F
2026-08-01--2026-08-31,,SWD11580,BRIDE,2023-08-07 16:33:16,下架,,159.0,0.0,0,0,,,0,swd,0,0,0,0,婚纱 BRIDE,False,1119,False,,F,,F
2026-08-01--2026-08-31,,SWD11581,BRIDE,2024-09-03 12:51:40,下架,2026-08-05 12:06:03,189.0,0.0,0,0,,,0,swd,0,0,0,0,婚纱 BRIDE,False,726,False,,F,,F
2026-08-01--2026-08-31,,SWD11582,BRIDE,2024-09-12 11:05:26,下架,2026-07-10 11:21:25,249.0,0.0,0,0,,,0,swd,0,0,0,0,婚纱 BRIDE,False,717,False,,F,,F
2026-08-01--2026-08-31,,SWD11572,BRIDE,2023-08-07 16:08:17,下架,,169.0,0.0,0,0,,,0,swd,0,0,0,0,婚纱 BRIDE,False,1119,False,,F,,F
2026-08-01--2026-08-31,,SWD11526,BRIDE,2024-08-29 18:09:58,下架,2026-07-10 11:18:14,229.0,0.0,0,0,,,0,swd,0,0,0,0,婚纱 BRIDE,False,731,False,,F,,F
2026-08-01--2026-08-31,,SWD11527,BRIDE,2024-08-23 15:43:10,下架,2025-08-13 14:45:33,219.0,0.0,0,0,,,0,swd,0,0,0,0,婚纱 BRIDE,False,737,False,,F,,F
2026-08-01--2026-08-31,,SWD11529,BRIDE,2024-08-23 15:43:41,下架,2026-08-26 12:07:53,179.0,0.0,0,1,2023-07-01 00:00:00,2023-07-01,2,swd,0,0,0,0,婚纱 BRIDE,False,737,False,,F,,F
2026-08-01--2026-08-31,,SWD11531,BRIDE,2024-08-27 09:23:41,下架,2026-06-04 17:14:10,179.0,0.0,0,2,2023-06-26 00:00:00,2023-06-26,1,swd,0,0,0,0,婚纱 BRIDE,False,733,False,,F,,F
2026-08-01--2026-08-31,,SWD11532,BRIDE,2024-08-29 18:09:39,下架,2025-08-13 14:45:33,145.0,0.0,0,0,,,0,swd,0,0,0,0,婚纱 BRIDE,False,731,False,,F,,F
2026-08-01--2026-08-31,,SWD11533,BRIDE,2024-08-27 09:27:24,下架,2025-08-13 14:45:33,149.0,0.0,0,0,,,0,swd,0,0,0,0,婚纱 BRIDE,False,733,False,,F,,F
2026-08-01--2026-08-31,,SWD11535,BRIDE,2024-09-04 16:35:41,下架,2026-06-04 17:14:10,149.0,0.0,0,0,,,0,swd,0,0,0,0,婚纱 BRIDE,False,725,False,,F,,F
2026-08-01--2026-08-31,,SWD11536,Wedding Shoes,2023-07-12 17:36:46,下架,2023-07-25 16:31:58,40.0,0.0,0,0,,,0,swd,0,0,0,0,婚纱 BRIDE,False,1145,False,,F,,F
2026-08-01--2026-08-31,,SWD11538,BRIDE,2024-08-27 09:24:06,下架,2026-07-10 11:18:14,219.0,0.0,0,0,,,0,swd,0,0,0,0,婚纱 BRIDE,False,733,False,,F,,F
2026-08-01--2026-08-31,,SWD11540,BRIDE,2023-07-13 10:59:48,下架,,149.0,0.0,0,0,,,0,swd,0,0,0,0,婚纱 BRIDE,False,1144,False,,F,,F
2026-08-01--2026-08-31,,SWD11554,BRIDE,2024-08-28 17:11:24,下架,2026-07-10 11:18:14,179.0,0.0,0,0,,,0,swd,0,0,0,0,婚纱 BRIDE,False,732,False,,F,,F
2026-08-01--2026-08-31,,SWD11542,BRIDE,2024-09-04 16:36:07,下架,2026-07-10 11:18:14,149.0,0.0,0,0,,,0,swd,0,0,0,0,婚纱 BRIDE,False,725,False,,F,,F
2026-08-01--2026-08-31,,SWD11543,BRIDE,2024-08-29 18:09:27,下架,2026-07-10 11:21:25,229.0,0.0,0,0,,,0,swd,0,0,0,0,婚纱 BRIDE,False,731,False,,F,,F
2026-08-01--2026-08-31,,SWD11544,BRIDE,2024-08-27 09:31:07,下架,2025-08-13 14:45:33,149.0,0.0,0,2,2023-06-23 00:00:00,2023-06-23,1,swd,0,0,0,0,婚纱 BRIDE,False,733,False,,F,,F
2026-08-01--2026-08-31,,SWD11545,BRIDE,2024-08-29 18:50:48,下架,2026-07-10 11:21:25,189.0,0.0,0,0,,,0,swd,0,0,0,0,婚纱 BRIDE,False,731,False,,F,,F
2026-08-01--2026-08-31,,SWD11546,BRIDE,2024-09-04 16:36:43,下架,2025-08-13 14:45:33,149.0,0.0,0,0,,,0,swd,0,0,0,0,婚纱 BRIDE,False,725,False,,F,,F
2026-08-01--2026-08-31,,SWD11547,BRIDE,2024-08-26 17:08:52,下架,2026-07-10 11:21:25,179.0,0.0,0,0,,,0,swd,0,0,0,0,婚纱 BRIDE,False,734,False,,F,,F
2026-08-01--2026-08-31,,SWD11549,BRIDE,2024-09-03 11:48:57,下架,2025-08-13 14:45:33,169.0,0.0,0,0,,,0,swd,0,0,0,0,婚纱 BRIDE,False,726,False,,F,,F
2026-08-01--2026-08-31,,SWD11550,BRIDE,2024-08-26 17:16:17,下架,2026-07-10 11:18:14,149.0,0.0,0,1,2026-02-17 18:35:11,,0,swd,0,0,0,0,婚纱 BRIDE,False,734,False,,F,,F
2026-08-01--2026-08-31,,SWD11551,BRIDE,2024-08-28 17:02:54,下架,2025-08-13 14:45:33,169.0,0.0,0,1,2024-12-16 07:06:31,,0,swd,0,0,0,0,婚纱 BRIDE,False,732,False,,F,,F
2026-08-01--2026-08-31,,SWD11552,BRIDE,2024-08-23 14:17:11,下架,2026-07-10 11:21:25,169.0,0.0,0,0,,,0,swd,0,0,0,0,婚纱 BRIDE,False,737,False,,F,,F
2026-08-01--2026-08-31,,SWD11553,BRIDE,2023-07-27 11:52:24,下架,,119.0,0.0,0,0,,,0,swd,0,0,0,0,婚纱 BRIDE,False,1130,False,,F,,F
2026-08-01--2026-08-31,,SWD11541,BRIDE,2023-07-13 11:02:12,下架,,189.0,0.0,0,0,,,0,swd,0,0,0,0,婚纱 BRIDE,False,1144,False,,F,,F
2026-08-01--2026-08-31,,SWD11618,BRIDE,2023-08-14 17:15:00,下架,,149.0,0.0,0,0,,,0,swd,0,0,0,0,婚纱 BRIDE,False,1112,False,,F,,F
2026-08-01--2026-08-31,,SWD11619,BRIDE,2024-08-28 17:35:56,下架,2025-08-13 14:45:32,149.0,0.0,0,0,,,0,swd,0,0,0,0,婚纱 BRIDE,False,732,False,,F,,F
2026-08-01--2026-08-31,,SWD11621,BRIDE,2023-08-14 17:20:33,下架,,158.0,0.0,0,0,,,0,swd,0,0,0,0,婚纱 BRIDE,False,1112,False,,F,,F
2026-08-01--2026-08-31,,SWD11623,BRIDE,2024-08-22 13:54:50,下架,2025-08-13 14:45:32,129.0,0.0,0,0,,,0,swd,0,0,0,0,婚纱 BRIDE,False,738,False,,F,,F
2026-08-01--2026-08-31,,SWD11625,BRIDE,2024-09-03 13:02:17,下架,,219.0,0.0,0,0,,,0,swd,0,0,0,0,婚纱 BRIDE,False,726,False,,F,,F
2026-08-01--2026-08-31,,SWD11626,BRIDE,2024-08-26 17:29:08,下架,2026-06-04 17:14:09,169.0,0.0,0,0,,,0,swd,0,0,0,0,婚纱 BRIDE,False,734,False,,F,,F
2026-08-01--2026-08-31,,SWD11627,BRIDE,2023-08-14 18:29:34,下架,2024-01-19 10:10:31,199.0,0.0,0,10,2024-01-01 08:51:15,,0,swd,0,0,0,0,婚纱 BRIDE,False,1112,False,,F,,F
2026-08-01--2026-08-31,,SWD11629,BRIDE,2023-08-14 18:33:12,下架,2024-01-19 10:08:38,199.0,0.0,0,7,2023-12-29 10:04:05,,0,swd,0,0,0,0,婚纱 BRIDE,False,1112,False,,F,,F
2026-08-01--2026-08-31,,SWD11630,BRIDE,2024-08-28 17:34:51,下架,2026-06-04 17:14:09,220.0,0.0,0,0,,,0,swd,0,0,0,0,婚纱 BRIDE,False,732,False,,F,,F
2026-08-01--2026-08-31,,SWD11631,BRIDE,2024-09-03 13:01:46,下架,2026-06-04 17:14:09,159.0,0.0,0,9,2025-06-13 09:17:58,,0,swd,0,0,0,0,婚纱 BRIDE,False,726,False,,F,,F
2026-08-01--2026-08-31,,SWD11583,BRIDE,2024-09-12 10:40:04,下架,2026-06-04 17:14:10,279.0,0.0,0,0,,,0,swd,0,0,0,0,婚纱 BRIDE,False,717,False,,F,,F
2026-08-01--2026-08-31,,SWD11635,BRIDE,2023-08-15 18:24:33,下架,,149.0,0.0,0,0,,,0,swd,0,0,0,0,婚纱 BRIDE,False,1111,False,,F,,F
2026-08-01--2026-08-31,,SWD11636,BRIDE,2024-09-03 13:02:05,下架,2025-08-13 14:45:32,149.0,0.0,0,0,,,0,swd,0,0,0,0,婚纱 BRIDE,False,726,False,,F,,F
2026-08-01--2026-08-31,,SWD11641,BRIDE,2024-09-03 13:00:52,下架,2026-06-04 17:14:09,159.0,0.0,0,0,,,0,swd,0,0,0,0,婚纱 BRIDE,False,726,False,,F,,F
2026-08-01--2026-08-31,,SWD11642,BRIDE,2024-08-28 17:42:12,下架,2025-08-13 14:45:32,149.0,0.0,0,0,,,0,swd,0,0,0,0,婚纱 BRIDE,False,732,False,,F,,F
2026-08-01--2026-08-31,,SWD11643,BRIDE,2024-09-03 13:01:56,下架,2025-08-13 14:45:32,169.0,0.0,0,0,,,0,swd,0,0,0,0,婚纱 BRIDE,False,726,False,,F,,F
2026-08-01--2026-08-31,,SWD11644,BRIDE,2024-09-03 13:01:10,下架,2026-07-10 11:21:25,149.0,0.0,0,0,,,0,swd,0,0,0,0,婚纱 BRIDE,False,726,False,,F,,F
2026-08-01--2026-08-31,,SWD11645,BRIDE,2024-08-26 17:29:33,下架,2025-08-13 14:45:31,149.0,0.0,0,0,,,0,swd,0,0,0,0,婚纱 BRIDE,False,734,False,,F,,F
2026-08-01--2026-08-31,,SWD11646,BRIDE,2023-08-15 18:47:04,下架,,169.0,0.0,0,0,,,0,swd,0,0,0,0,婚纱 BRIDE,False,1111,False,,F,,F
2026-08-01--2026-08-31,,SWD11648,BRIDE,2024-09-03 13:03:21,下架,2026-07-10 11:18:14,159.0,0.0,0,0,,,0,swd,0,0,0,0,婚纱 BRIDE,False,726,False,,F,,F
2026-08-01--2026-08-31,,SWD11650,BRIDE,2024-08-21 11:01:10,下架,2026-08-26 12:07:53,159.0,0.0,0,0,,,0,swd,0,0,0,0,婚纱 BRIDE,False,739,False,,F,,F
2026-08-01--2026-08-31,,SWD11652,BRIDE,2024-08-26 17:29:16,下架,2026-07-10 11:18:14,219.0,0.0,0,5,2023-09-16 06:26:08,,0,swd,0,0,0,0,婚纱 BRIDE,False,734,False,,F,,F
2026-08-01--2026-08-31,,SWD11633,BRIDE,2024-09-03 13:01:21,下架,2026-07-10 11:21:25,175.0,0.0,0,0,,,0,swd,0,0,0,0,婚纱 BRIDE,False,726,False,,F,,F
2026-08-01--2026-08-31,,SWD11584,BRIDE,2024-09-30 16:47:30,下架,2026-07-10 11:21:25,189.0,0.0,0,0,,,0,swd,0,0,0,0,婚纱 BRIDE,False,699,False,,F,,F
2026-08-01--2026-08-31,,SWD11587,BRIDE,2024-09-16 09:21:33,下架,2026-06-04 17:14:10,219.0,0.0,0,0,,,0,swd,0,0,0,0,婚纱 BRIDE,False,713,False,,F,,F
2026-08-01--2026-08-31,,SWD11589,BRIDE,2024-09-12 11:04:34,下架,2026-07-10 11:18:14,179.0,0.0,0,0,,,0,swd,0,0,0,0,婚纱 BRIDE,False,717,False,,F,,F
2026-08-01--2026-08-31,,SWD11590,BRIDE,2024-08-28 17:24:17,下架,2026-07-10 11:18:14,179.0,0.0,0,0,,,0,swd,0,0,0,0,婚纱 BRIDE,False,732,False,,F,,F
2026-08-01--2026-08-31,,SWD11591,BRIDE,2024-09-03 12:53:07,下架,2025-08-13 14:45:32,159.0,0.0,0,1,2023-11-01 23:30:55,,0,swd,0,0,0,0,婚纱 BRIDE,False,726,False,,F,,F
2026-08-01--2026-08-31,,SWD11592,BRIDE,2024-08-22 13:46:48,下架,2026-07-10 11:18:14,169.0,0.0,0,0,,,0,swd,0,0,0,0,婚纱 BRIDE,False,738,False,,F,,F
2026-08-01--2026-08-31,,SWD11593,BRIDE,2024-08-26 17:28:51,下架,2025-08-13 14:45:32,179.0,0.0,0,0,,,0,swd,0,0,0,0,婚纱 BRIDE,False,734,False,,F,,F
2026-08-01--2026-08-31,,SWD11597,BRIDE,2023-08-11 12:13:03,下架,2023-08-15 16:58:53,189.0,0.0,0,0,,,0,swd,0,0,0,0,婚纱 BRIDE,False,1115,False,,F,,F
2026-08-01--2026-08-31,,SWD11599,BRIDE,2024-08-21 10:54:29,下架,2026-08-26 12:07:53,189.0,0.0,0,8,2024-06-16 02:07:53,,0,swd,0,0,0,0,婚纱 BRIDE,False,739,False,,F,,F
2026-08-01--2026-08-31,,SWD11601,BRIDE,2024-11-19 11:59:55,下架,2025-05-08 16:55:44,199.0,0.0,0,52,2025-01-30 00:00:00,2025-01-30,10,swd,0,0,0,0,婚纱 BRIDE,False,649,False,,F,,F
2026-08-01--2026-08-31,,SWD11617,BRIDE,2023-08-14 17:13:55,下架,,229.0,0.0,0,0,,,0,swd,0,0,0,0,婚纱 BRIDE,False,1112,False,,F,,F
2026-08-01--2026-08-31,,SWD11603,BRIDE,2024-08-23 14:22:21,下架,2026-06-04 17:14:10,159.0,0.0,0,0,,,0,swd,0,0,0,0,婚纱 BRIDE,False,737,False,,F,,F
2026-08-01--2026-08-31,,SWD11604,BRIDE,2024-09-03 12:55:33,下架,2026-07-10 11:21:25,169.0,0.0,0,0,,,0,swd,0,0,0,0,婚纱 BRIDE,False,726,False,,F,,F
2026-08-01--2026-08-31,,SWD11605,BRIDE,2024-09-03 12:54:42,下架,2026-07-10 11:18:14,199.0,0.0,0,0,,,0,swd,0,0,0,0,婚纱 BRIDE,False,726,False,,F,,F
2026-08-01--2026-08-31,,SWD11606,BRIDE,2024-09-03 13:00:43,下架,2026-07-10 11:21:25,199.0,0.0,0,0,,,0,swd,0,0,0,0,婚纱 BRIDE,False,726,False,,F,,F
2026-08-01--2026-08-31,,SWD11608,BRIDE,2024-08-23 14:22:30,上架,,209.0,0.0,0,7,2026-06-02 10:34:15,,0,swd,0,0,0,0,婚纱 BRIDE,True,737,False,,F,,F
2026-08-01--2026-08-31,,SWD11610,BRIDE,2023-08-11 15:16:57,下架,,159.0,0.0,0,0,,,0,swd,0,0,0,0,婚纱 BRIDE,False,1115,False,,F,,F
2026-08-01--2026-08-31,,SWD11611,BRIDE,2024-08-28 17:35:00,下架,2026-07-10 11:18:14,155.0,0.0,0,0,,,0,swd,0,0,0,0,婚纱 BRIDE,False,732,False,,F,,F
2026-08-01--2026-08-31,,SWD11612,BRIDE,2024-08-21 18:14:31,下架,2026-06-04 17:14:10,219.0,0.0,0,0,,,0,swd,0,0,0,0,婚纱 BRIDE,False,739,False,,F,,F
2026-08-01--2026-08-31,,SWD11613,BRIDE,2024-08-28 17:35:16,下架,2026-08-26 12:07:53,149.0,0.0,0,0,,,0,swd,0,0,0,0,婚纱 BRIDE,False,732,False,,F,,F
2026-08-01--2026-08-31,,SWD11614,BRIDE,2023-08-11 16:58:03,下架,,239.0,0.0,0,0,,,0,swd,0,0,0,0,婚纱 BRIDE,False,1115,False,,F,,F
2026-08-01--2026-08-31,,SWD11615,BRIDE,2024-08-22 09:55:52,上架,,129.0,0.0,0,27,2024-03-25 00:00:00,,0,swd,0,0,0,0,婚纱 BRIDE,True,738,False,,F,,F
2026-08-01--2026-08-31,,SWD11602,BRIDE,2024-08-23 14:22:12,下架,2026-06-04 17:14:10,219.0,0.0,0,1,2026-03-20 00:00:00,2026-03-20,3,swd,0,0,0,0,婚纱 BRIDE,False,737,False,,F,,F
2026-08-01--2026-08-31,,SWD11945,BRIDE,2023-11-02 15:24:20,下架,,149.0,0.0,0,0,,,0,swd,0,0,0,0,婚纱 BRIDE,False,1032,False,,F,,F
2026-08-01--2026-08-31,,SWD11946,BRIDE,2024-08-20 19:17:19,上架,,159.0,0.0,0,9,2025-11-26 00:00:00,,0,swd,0,0,0,0,婚纱 BRIDE,True,740,False,,F,,F
2026-08-01--2026-08-31,,SWD11948,BRIDE,2024-08-22 18:49:17,下架,2026-06-04 17:14:06,178.0,0.0,0,1,2025-10-11 00:00:00,2025-10-11,2,swd,0,0,0,0,婚纱 BRIDE,False,738,False,,F,,F
2026-08-01--2026-08-31,,SWD11949,BRIDE,2024-08-23 17:20:46,下架,2025-08-13 14:45:29,185.0,0.0,0,0,,,0,swd,0,0,0,0,婚纱 BRIDE,False,737,False,,F,,F
2026-08-01--2026-08-31,,SWD11953,BRIDE,2024-08-23 17:24:41,上架,,276.0,0.0,0,14,2026-02-25 06:37:19,,0,swd,0,0,0,0,婚纱 BRIDE,True,737,False,,F,,F
2026-08-01--2026-08-31,,SWD11954,BRIDE,2023-11-06 17:28:55,下架,,149.0,0.0,0,0,,,0,swd,0,0,0,0,婚纱 BRIDE,False,1028,False,,F,,F
2026-08-01--2026-08-31,,SWD11955,BRIDE,2024-08-23 17:25:07,下架,2026-06-04 17:14:06,189.0,0.0,0,0,,,0,swd,0,0,0,0,婚纱 BRIDE,False,737,False,,F,,F
2026-08-01--2026-08-31,,SWD11956,BRIDE,2024-08-22 12:27:04,下架,2026-06-04 17:14:06,179.0,0.0,0,0,,,0,swd,0,0,0,0,婚纱 BRIDE,False,738,False,,F,,F
2026-08-01--2026-08-31,,SWD11957,BRIDE,2024-08-27 13:52:47,下架,2026-07-10 11:18:11,179.0,0.0,0,0,,,0,swd,0,0,0,0,婚纱 BRIDE,False,733,False,,F,,F
2026-08-01--2026-08-31,,SWD11958,BRIDE,2023-11-07 18:19:57,下架,2023-11-08 09:53:54,149.0,0.0,0,0,,,0,swd,0,0,0,0,婚纱 BRIDE,False,1027,False,,F,,F
2026-08-01--2026-08-31,,SWD11778,BRIDE,2024-08-23 14:31:55,下架,2026-06-04 17:14:07,219.0,0.0,0,0,,,0,swd,0,0,0,0,婚纱 BRIDE,False,737,False,,F,,F
2026-08-01--2026-08-31,,SWD11960,BRIDE,2024-08-20 19:30:28,下架,2026-08-26 12:07:53,179.0,0.0,0,10,2024-01-05 02:00:31,,0,swd,0,0,0,0,婚纱 BRIDE,False,740,False,,F,,F
2026-08-01--2026-08-31,,SWD11961,BRIDE,2024-08-22 18:50:00,上架,,179.0,0.0,0,5,2024-06-13 03:29:49,,0,swd,0,0,0,0,婚纱 BRIDE,True,738,False,,F,,F
2026-08-01--2026-08-31,,SWD11962,BRIDE,2024-08-27 13:52:39,下架,2026-07-10 11:18:11,149.0,0.0,0,0,,,0,swd,0,0,0,0,婚纱 BRIDE,False,733,False,,F,,F
2026-08-01--2026-08-31,,SWD11963,BRIDE,2024-08-22 18:49:51,下架,2026-07-10 11:18:11,189.0,0.0,0,10,2024-09-03 08:58:34,,0,swd,0,0,0,0,婚纱 BRIDE,False,738,False,,F,,F
2026-08-01--2026-08-31,,SWD11964,BRIDE,2024-08-21 10:02:15,下架,2026-07-10 11:18:11,149.0,0.0,0,0,,,0,swd,0,0,0,0,婚纱 BRIDE,False,739,False,,F,,F
2026-08-01--2026-08-31,,SWD11966,BRIDE,2024-08-30 16:17:44,下架,2026-07-10 11:18:11,189.0,0.0,0,0,,,0,swd,0,0,0,0,婚纱 BRIDE,False,730,False,,F,,F
2026-08-01--2026-08-31,,SWD11968,BRIDE,2024-08-27 18:32:12,下架,2026-07-10 11:18:11,149.0,0.0,0,0,,,0,swd,0,0,0,0,婚纱 BRIDE,False,733,False,,F,,F
2026-08-01--2026-08-31,,SWD11969,BRIDE,2024-08-30 16:18:02,下架,2026-08-05 12:06:02,229.0,0.0,0,0,,,0,swd,0,0,0,0,婚纱 BRIDE,False,730,False,,F,,F
2026-08-01--2026-08-31,,SWD11970,BRIDE,2024-08-22 18:49:34,上架,,159.0,0.0,0,0,,,0,swd,0,0,0,0,婚纱 BRIDE,True,738,False,,F,,F
2026-08-01--2026-08-31,,SWD11971,BRIDE,2023-11-08 14:26:10,下架,,149.0,0.0,0,0,,,0,swd,0,0,0,0,婚纱 BRIDE,False,1026,False,,F,,F
2026-08-01--2026-08-31,,SWD11959,BRIDE,2024-08-30 16:18:24,下架,2025-08-13 14:45:29,179.0,0.0,0,0,,,0,swd,0,0,0,0,婚纱 BRIDE,False,730,False,,F,,F
2026-08-01--2026-08-31,,SWD11915,BRIDE,2024-09-03 16:15:43,下架,2026-07-10 11:21:25,209.0,0.0,0,0,,,0,swd,0,0,0,0,婚纱 BRIDE,False,726,False,,F,,F
2026-08-01--2026-08-31,,SWD11918,BRIDE,2024-08-21 11:16:12,下架,2026-07-10 11:21:24,155.0,0.0,0,0,,,0,swd,0,0,0,0,婚纱 BRIDE,False,739,False,,F,,F
2026-08-01--2026-08-31,,SWD11919,BRIDE,2024-08-29 14:18:07,上架,,158.0,0.0,0,1,2026-06-23 16:00:00,,0,swd,0,0,0,0,婚纱 BRIDE,True,731,False,,F,,F
2026-08-01--2026-08-31,,SWD11921,BRIDE,2024-09-04 17:34:14,下架,2026-07-10 11:18:11,153.0,0.0,0,0,,,0,swd,0,0,0,0,婚纱 BRIDE,False,725,False,,F,,F
2026-08-01--2026-08-31,,SWD11922,BRIDE,2024-09-04 17:34:22,下架,2025-08-13 14:45:29,155.0,0.0,0,0,,,0,swd,0,0,0,0,婚纱 BRIDE,False,725,False,,F,,F
2026-08-01--2026-08-31,,SWD11923,BRIDE,2023-10-17 17:02:45,下架,,169.0,0.0,0,0,,,0,swd,0,0,0,0,婚纱 BRIDE,False,1048,False,,F,,F
2026-08-01--2026-08-31,,SWD11925,BRIDE,2024-08-21 18:34:40,下架,,179.0,0.0,0,0,,,0,swd,0,0,0,0,婚纱 BRIDE,False,739,False,,F,,F
2026-08-01--2026-08-31,,SWD11927,BRIDE,2023-10-18 17:47:51,下架,,149.0,0.0,0,0,,,0,swd,0,0,0,0,婚纱 BRIDE,False,1047,False,,F,,F
2026-08-01--2026-08-31,,SWD11928,BRIDE,2024-08-30 14:13:21,下架,2026-06-04 17:14:07,179.0,0.0,0,0,,,0,swd,0,0,0,0,婚纱 BRIDE,False,730,False,,F,,F
2026-08-01--2026-08-31,,SWD11929,BRIDE,2024-08-22 12:15:24,下架,2025-08-13 14:45:29,165.0,0.0,0,0,,,0,swd,0,0,0,0,婚纱 BRIDE,False,738,False,,F,,F
2026-08-01--2026-08-31,,SWD11944,BRIDE,2023-11-01 15:13:24,下架,,249.0,0.0,0,0,,,0,swd,0,0,0,0,婚纱 BRIDE,False,1033,False,,F,,F
2026-08-01--2026-08-31,,SWD11931,BRIDE,2024-08-27 11:16:39,下架,2025-08-13 14:45:29,179.0,0.0,0,0,,,0,swd,0,0,0,0,婚纱 BRIDE,False,733,False,,F,,F
2026-08-01--2026-08-31,,SWD11933,BRIDE,2024-08-27 11:32:05,下架,2026-07-10 11:18:11,189.0,0.0,0,9,2025-11-22 03:01:42,,0,swd,0,0,0,0,婚纱 BRIDE,False,733,False,,F,,F
2026-08-01--2026-08-31,,SWD11934,BRIDE,2024-08-27 11:31:47,下架,2026-07-10 11:18:11,159.0,0.0,0,1,2025-11-17 20:22:02,2025-11-18,1,swd,0,0,0,0,婚纱 BRIDE,False,733,False,,F,,F
2026-08-01--2026-08-31,,SWD11935,BRIDE,2023-10-27 14:15:27,下架,2024-01-17 14:43:20,329.0,0.0,0,0,,,0,swd,0,0,0,0,婚纱 BRIDE,False,1038,False,,F,,F
2026-08-01--2026-08-31,,SWD11936,BRIDE,2024-08-30 14:18:46,上架,,239.0,0.0,0,6,2024-08-04 02:14:28,,0,swd,0,0,0,0,婚纱 BRIDE,True,730,False,,F,,F
2026-08-01--2026-08-31,,SWD11937,BRIDE,2024-08-30 14:17:15,下架,2026-08-05 12:06:02,179.0,0.0,0,0,,,0,swd,0,0,0,0,婚纱 BRIDE,False,730,False,,F,,F
2026-08-01--2026-08-31,,SWD11938,BRIDE,2024-08-22 18:49:00,下架,2026-07-10 11:21:24,189.0,0.0,0,0,,,0,swd,0,0,0,0,婚纱 BRIDE,False,738,False,,F,,F
2026-08-01--2026-08-31,,SWD11939,BRIDE,2023-10-30 18:02:28,下架,,189.0,0.0,0,0,,,0,swd,0,0,0,0,婚纱 BRIDE,False,1035,False,,F,,F
2026-08-01--2026-08-31,,SWD11940,BRIDE,2024-08-27 12:12:43,下架,2026-06-04 17:14:06,239.0,0.0,0,0,,,0,swd,0,0,0,0,婚纱 BRIDE,False,733,False,,F,,F
2026-08-01--2026-08-31,,SWD11941,BRIDE,2023-10-31 09:52:23,下架,,178.0,0.0,0,0,,,0,swd,0,0,0,0,婚纱 BRIDE,False,1034,False,,F,,F
2026-08-01--2026-08-31,,SWD11942,BRIDE,2023-10-31 09:58:57,下架,,149.0,0.0,0,0,,,0,swd,0,0,0,0,婚纱 BRIDE,False,1034,False,,F,,F
2026-08-01--2026-08-31,,SWD11930,BRIDE,2024-08-27 11:15:45,下架,2025-08-13 14:45:29,159.0,0.0,0,0,,,0,swd,0,0,0,0,婚纱 BRIDE,False,733,False,,F,,F
2026-08-01--2026-08-31,,SWD12004,BRIDE,2023-11-15 11:01:06,下架,,158.0,0.0,0,0,,,0,swd,0,0,0,0,婚纱 BRIDE,False,1019,False,,F,,F
2026-08-01--2026-08-31,,SWD12006,BRIDE,2023-11-15 11:07:38,下架,,178.0,0.0,0,0,,,0,swd,0,0,0,0,婚纱 BRIDE,False,1019,False,,F,,F
2026-08-01--2026-08-31,,SWD12007,BRIDE,2024-12-04 18:32:03,下架,2026-06-04 17:14:05,138.0,0.0,0,0,,,0,swd,0,0,0,0,婚纱 BRIDE,False,634,False,,F,,F
2026-08-01--2026-08-31,,SWD12008,BRIDE,2023-11-15 14:22:42,下架,,169.0,0.0,0,0,,,0,swd,0,0,0,0,婚纱 BRIDE,False,1019,False,,F,,F
2026-08-01--2026-08-31,,SWD12009,BRIDE,2024-08-22 18:51:22,下架,2026-07-10 11:18:11,169.0,0.0,0,0,,,0,swd,0,0,0,0,婚纱 BRIDE,False,738,False,,F,,F
2026-08-01--2026-08-31,,SWD12010,BRIDE,2023-11-15 22:30:23,下架,,175.0,0.0,0,0,,,0,swd,0,0,0,0,婚纱 BRIDE,False,1019,False,,F,,F
2026-08-01--2026-08-31,,SWD12012,BRIDE,2023-11-15 22:39:13,下架,,175.0,0.0,0,0,,,0,swd,0,0,0,0,婚纱 BRIDE,False,1019,False,,F,,F
2026-08-01--2026-08-31,,SWD12014,BRIDE,2024-08-27 13:58:41,下架,2025-08-13 14:45:28,179.0,0.0,0,0,,,0,swd,0,0,0,0,婚纱 BRIDE,False,733,False,,F,,F
2026-08-01--2026-08-31,,SWD12015,BRIDE,2023-11-16 17:31:22,下架,,209.0,0.0,0,0,,,0,swd,0,0,0,0,婚纱 BRIDE,False,1018,False,,F,,F
2026-08-01--2026-08-31,,SWD12016,BRIDE,2023-11-16 17:35:51,下架,,209.0,0.0,0,0,,,0,swd,0,0,0,0,婚纱 BRIDE,False,1018,False,,F,,F
2026-08-01--2026-08-31,,SWD11972,BRIDE,2023-11-08 14:28:59,下架,,239.0,0.0,0,0,,,0,swd,0,0,0,0,婚纱 BRIDE,False,1026,False,,F,,F
2026-08-01--2026-08-31,,SWD12018,BRIDE,2024-08-26 12:31:17,下架,2026-07-10 11:18:10,149.0,0.0,0,3,2023-11-16 07:09:59,2023-11-16,4,swd,0,0,0,0,婚纱 BRIDE,False,734,False,,F,,F
2026-08-01--2026-08-31,,SWD12019,BRIDE,2024-08-21 10:06:39,下架,2026-06-04 17:14:05,239.0,0.0,0,0,,,0,swd,0,0,0,0,婚纱 BRIDE,False,739,False,,F,,F
2026-08-01--2026-08-31,,SWD12021,BRIDE,2024-09-23 10:20:47,下架,2025-08-13 14:45:28,189.0,0.0,0,0,,,0,swd,0,0,0,0,婚纱 BRIDE,False,706,False,,F,,F
2026-08-01--2026-08-31,,SWD12022,BRIDE,2023-11-18 17:03:44,下架,,139.0,0.0,0,0,,,0,swd,0,0,0,0,婚纱 BRIDE,False,1016,False,,F,,F
2026-08-01--2026-08-31,,SWD12023,BRIDE,2023-11-21 17:14:33,下架,,229.0,0.0,0,0,,,0,swd,0,0,0,0,婚纱 BRIDE,False,1013,False,,F,,F
2026-08-01--2026-08-31,,SWD12025,BRIDE,2023-11-21 17:19:41,下架,,249.0,0.0,0,0,,,0,swd,0,0,0,0,婚纱 BRIDE,False,1013,False,,F,,F
2026-08-01--2026-08-31,,SWD12026,BRIDE,2024-08-27 14:05:30,下架,2026-07-10 11:18:10,259.0,0.0,0,0,,,0,swd,0,0,0,0,婚纱 BRIDE,False,733,False,,F,,F
2026-08-01--2026-08-31,,SWD12027,BRIDE,2024-08-22 18:52:14,上架,,149.0,0.0,0,0,,,0,swd,0,0,0,0,婚纱 BRIDE,True,738,False,,F,,F
2026-08-01--2026-08-31,,SWD12028,BRIDE,2023-11-21 17:28:40,下架,,189.0,0.0,0,0,,,0,swd,0,0,0,0,婚纱 BRIDE,False,1013,False,,F,,F
2026-08-01--2026-08-31,,SWD12030,BRIDE,2024-08-22 18:51:55,上架,,179.0,0.0,0,19,2026-08-07 16:00:00,,0,swd,0,0,0,0,婚纱 BRIDE,True,738,False,,F,,F
2026-08-01--2026-08-31,,SWD12017,BRIDE,2024-08-30 16:39:17,下架,2026-07-10 11:21:24,149.0,0.0,0,0,,,0,swd,0,0,0,0,婚纱 BRIDE,False,730,False,,F,,F
2026-08-01--2026-08-31,,SWD11974,BRIDE,2024-10-27 23:46:58,下架,2026-07-10 11:18:11,159.0,0.0,0,0,,,0,swd,0,0,0,0,婚纱 BRIDE,False,672,False,,F,,F
2026-08-01--2026-08-31,,SWD11975,BRIDE,2024-08-30 16:17:17,上架,,159.0,0.0,0,0,,,0,swd,0,0,0,0,婚纱 BRIDE,True,730,False,,F,,F
2026-08-01--2026-08-31,,SWD11977,BRIDE,2024-08-30 16:17:53,下架,2025-08-13 14:45:29,169.0,0.0,0,0,,,0,swd,0,0,0,0,婚纱 BRIDE,False,730,False,,F,,F
2026-08-01--2026-08-31,,SWD11978,BRIDE,2024-08-23 17:24:49,下架,2025-08-13 14:45:29,149.0,0.0,0,0,,,0,swd,0,0,0,0,婚纱 BRIDE,False,737,False,,F,,F
2026-08-01--2026-08-31,,SWD11979,BRIDE,2023-11-09 14:18:11,下架,,169.0,0.0,0,0,,,0,swd,0,0,0,0,婚纱 BRIDE,False,1025,False,,F,,F
2026-08-01--2026-08-31,,SWD11980,BRIDE,2023-11-10 11:48:55,下架,,162.0,0.0,0,0,,,0,swd,0,0,0,0,婚纱 BRIDE,False,1024,False,,F,,F
2026-08-01--2026-08-31,,SWD11982,BRIDE,2024-08-23 17:24:33,上架,,189.0,0.0,0,2,2026-06-22 00:00:00,2024-06-08,1,swd,0,0,0,0,婚纱 BRIDE,True,737,False,,F,,F
2026-08-01--2026-08-31,,SWD11983,BRIDE,2024-08-19 15:32:54,下架,2026-08-26 12:07:53,179.0,0.0,0,6,2023-11-18 09:32:14,,0,swd,0,0,0,0,婚纱 BRIDE,False,741,False,,F,,F
2026-08-01--2026-08-31,,SWD11985,BRIDE,2024-08-30 16:25:27,下架,2026-06-04 17:14:06,206.0,0.0,0,0,,,0,swd,0,0,0,0,婚纱 BRIDE,False,730,False,,F,,F
2026-08-01--2026-08-31,,SWD11987,BRIDE,2024-08-27 13:58:10,下架,2026-06-04 17:14:06,158.0,0.0,0,0,,,0,swd,0,0,0,0,婚纱 BRIDE,False,733,False,,F,,F
2026-08-01--2026-08-31,,SWD12003,BRIDE,2024-08-27 13:57:54,下架,2026-07-10 11:21:24,158.0,0.0,0,0,,,0,swd,0,0,0,0,婚纱 BRIDE,False,733,False,,F,,F
2026-08-01--2026-08-31,,SWD11990,BRIDE,2024-08-27 13:58:02,下架,2026-08-26 12:07:53,149.0,0.0,0,0,,,0,swd,0,0,0,0,婚纱 BRIDE,False,733,False,,F,,F
2026-08-01--2026-08-31,,SWD11991,BRIDE,2023-11-13 14:35:16,下架,,158.0,0.0,0,0,,,0,swd,0,0,0,0,婚纱 BRIDE,False,1021,False,,F,,F
2026-08-01--2026-08-31,,SWD11992,BRIDE,2024-08-30 16:29:38,下架,2026-06-04 17:14:06,152.0,0.0,0,0,,,0,swd,0,0,0,0,婚纱 BRIDE,False,730,False,,F,,F
2026-08-01--2026-08-31,,SWD11993,BRIDE,2023-11-13 14:41:20,下架,,175.0,0.0,0,0,,,0,swd,0,0,0,0,婚纱 BRIDE,False,1021,False,,F,,F
2026-08-01--2026-08-31,,SWD11994,BRIDE,2024-08-30 16:34:05,下架,2025-08-13 14:45:29,155.0,0.0,0,0,,,0,swd,0,0,0,0,婚纱 BRIDE,False,730,False,,F,,F
2026-08-01--2026-08-31,,SWD11996,BRIDE,2023-11-13 15:51:39,下架,,159.0,0.0,0,0,,,0,swd,0,0,0,0,婚纱 BRIDE,False,1021,False,,F,,F
2026-08-01--2026-08-31,,SWD11997,BRIDE,2024-08-30 16:33:12,下架,2026-06-04 17:14:05,175.0,0.0,0,0,,,0,swd,0,0,0,0,婚纱 BRIDE,False,730,False,,F,,F
2026-08-01--2026-08-31,,SWD11998,BRIDE,2023-11-13 16:18:13,下架,,158.0,0.0,0,0,,,0,swd,0,0,0,0,婚纱 BRIDE,False,1021,False,,F,,F
2026-08-01--2026-08-31,,SWD11999,BRIDE,2023-11-14 17:46:58,下架,,155.0,0.0,0,0,,,0,swd,0,0,0,0,婚纱 BRIDE,False,1020,False,,F,,F
2026-08-01--2026-08-31,,SWD12000,BRIDE,2024-10-16 14:12:17,下架,2026-06-04 17:14:05,175.0,0.0,0,8,2024-08-31 10:29:25,,0,swd,0,0,0,0,婚纱 BRIDE,False,683,False,,F,,F
2026-08-01--2026-08-31,,SWD12001,BRIDE,2024-08-30 16:33:57,下架,2025-08-13 14:45:29,158.0,0.0,0,0,,,0,swd,0,0,0,0,婚纱 BRIDE,False,730,False,,F,,F
2026-08-01--2026-08-31,,SWD11988,BRIDE,2024-08-22 18:51:31,下架,2026-06-04 17:14:06,175.0,0.0,0,0,,,0,swd,0,0,0,0,婚纱 BRIDE,False,738,False,,F,,F
2026-08-01--2026-08-31,,SWD11817,BRIDE,2023-09-18 10:31:28,下架,,239.0,0.0,0,0,,,0,swd,0,0,0,0,婚纱 BRIDE,False,1077,False,,F,,F
2026-08-01--2026-08-31,,SWD11818,BRIDE,2023-09-18 10:33:24,下架,,219.0,0.0,0,0,,,0,swd,0,0,0,0,婚纱 BRIDE,False,1077,False,,F,,F
2026-08-01--2026-08-31,,SWD11819,BRIDE,2024-09-03 15:24:20,下架,2026-07-10 11:18:12,199.0,0.0,0,0,,,0,swd,0,0,0,0,婚纱 BRIDE,False,726,False,,F,,F
2026-08-01--2026-08-31,,SWD11821,BRIDE,2024-08-21 18:28:20,下架,2026-06-04 17:14:07,179.0,0.0,0,8,2024-01-11 02:45:45,,0,swd,0,0,0,0,婚纱 BRIDE,False,739,False,,F,,F
2026-08-01--2026-08-31,,SWD11823,BRIDE,2023-09-18 17:03:25,下架,,149.0,0.0,0,0,,,0,swd,0,0,0,0,婚纱 BRIDE,False,1077,False,,F,,F
2026-08-01--2026-08-31,,SWD11825,BRIDE,2024-08-26 17:46:45,上架,,185.0,0.0,0,0,,,0,swd,0,0,0,0,婚纱 BRIDE,True,734,False,,F,,F
2026-08-01--2026-08-31,,SWD11826,BRIDE,2024-08-29 12:24:49,下架,2026-07-10 11:18:12,189.0,0.0,0,1,2024-10-28 00:00:00,2024-10-28,1,swd,0,0,0,0,婚纱 BRIDE,False,731,False,,F,,F
2026-08-01--2026-08-31,,SWD11827,BRIDE,2023-09-19 16:26:46,下架,,169.0,0.0,0,0,,,0,swd,0,0,0,0,婚纱 BRIDE,False,1076,False,,F,,F
2026-08-01--2026-08-31,,SWD11828,BRIDE,2024-08-26 17:46:55,下架,2026-07-10 11:18:12,220.0,0.0,0,0,,,0,swd,0,0,0,0,婚纱 BRIDE,False,734,False,,F,,F
2026-08-01--2026-08-31,,SWD11830,BRIDE,2024-08-21 18:30:11,下架,2026-07-10 11:18:12,199.0,0.0,0,0,,,0,swd,0,0,0,0,婚纱 BRIDE,False,739,False,,F,,F
2026-08-01--2026-08-31,,SWD11914,BRIDE,2023-10-11 09:42:27,下架,,169.0,0.0,0,0,,,0,swd,0,0,0,0,婚纱 BRIDE,False,1054,False,,F,,F
2026-08-01--2026-08-31,,SWD11833,BRIDE,2024-08-26 17:46:19,下架,2026-08-26 12:07:53,169.0,0.0,0,0,,,0,swd,0,0,0,0,婚纱 BRIDE,False,734,False,,F,,F
2026-08-01--2026-08-31,,SWD11834,BRIDE,2024-08-23 14:33:01,下架,2026-07-10 11:18:12,229.0,0.0,0,4,2023-12-26 02:52:49,,0,swd,0,0,0,0,婚纱 BRIDE,False,737,False,,F,,F
2026-08-01--2026-08-31,,SWD11835,BRIDE,2024-08-29 12:24:16,下架,2026-07-10 11:21:25,169.0,0.0,0,0,,,0,swd,0,0,0,0,婚纱 BRIDE,False,731,False,,F,,F
2026-08-01--2026-08-31,,SWD11836,BRIDE,2024-08-21 11:12:24,上架,,199.0,0.0,0,0,,,0,swd,0,0,0,0,婚纱 BRIDE,True,739,False,,F,,F
2026-08-01--2026-08-31,,SWD11837,BRIDE,2024-08-22 14:03:29,下架,2026-07-10 11:18:12,169.0,0.0,0,0,,,0,swd,0,0,0,0,婚纱 BRIDE,False,738,False,,F,,F
2026-08-01--2026-08-31,,SWD11838,BRIDE,2023-09-19 17:59:19,下架,,149.0,0.0,0,0,,,0,swd,0,0,0,0,婚纱 BRIDE,False,1076,False,,F,,F
2026-08-01--2026-08-31,,SWD11843,BRIDE,2024-08-29 12:23:57,下架,2026-07-10 11:18:12,205.0,0.0,0,0,,,0,swd,0,0,0,0,婚纱 BRIDE,False,731,False,,F,,F
2026-08-01--2026-08-31,,SWD11844,BRIDE,2024-09-03 15:24:46,下架,2025-08-13 14:45:30,185.0,0.0,0,0,,,0,swd,0,0,0,0,婚纱 BRIDE,False,726,False,,F,,F
2026-08-01--2026-08-31,,SWD11845,BRIDE,2023-09-20 11:54:41,下架,,149.0,0.0,0,0,,,0,swd,0,0,0,0,婚纱 BRIDE,False,1075,False,,F,,F
2026-08-01--2026-08-31,,SWD11847,BRIDE,2024-08-29 12:23:15,下架,2025-08-13 14:45:30,169.0,0.0,0,0,,,0,swd,0,0,0,0,婚纱 BRIDE,False,731,False,,F,,F
2026-08-01--2026-08-31,,SWD11832,BRIDE,2024-08-20 15:42:07,上架,,149.0,0.0,0,6,2026-07-23 00:00:00,,0,swd,0,0,0,0,婚纱 BRIDE,True,740,False,,F,,F
2026-08-01--2026-08-31,,SWD11779,BRIDE,2024-09-03 15:20:42,下架,2026-07-10 11:18:13,189.0,0.0,0,1,2025-11-28 13:48:12,,0,swd,0,0,0,0,婚纱 BRIDE,False,726,False,,F,,F
2026-08-01--2026-08-31,,SWD11780,BRIDE,2024-08-26 17:38:09,下架,2026-07-10 11:18:13,239.0,0.0,0,0,,,0,swd,0,0,0,0,婚纱 BRIDE,False,734,False,,F,,F
2026-08-01--2026-08-31,,SWD11781,BRIDE,2023-09-06 09:25:48,下架,,149.0,0.0,0,0,,,0,swd,0,0,0,0,婚纱 BRIDE,False,1089,False,,F,,F
2026-08-01--2026-08-31,,SWD11782,BRIDE,2023-09-06 17:59:25,下架,,199.0,0.0,0,0,,,0,swd,0,0,0,0,婚纱 BRIDE,False,1089,False,,F,,F
2026-08-01--2026-08-31,,SWD11787,BRIDE,2024-08-23 14:31:13,下架,2026-08-05 12:06:03,189.0,0.0,0,0,,,0,swd,0,0,0,0,婚纱 BRIDE,False,737,False,,F,,F
2026-08-01--2026-08-31,,SWD11791,BRIDE,2024-09-03 15:22:41,下架,2026-06-04 17:14:07,159.0,0.0,0,0,,,0,swd,0,0,0,0,婚纱 BRIDE,False,726,False,,F,,F
2026-08-01--2026-08-31,,SWD11792,BRIDE,2023-09-12 17:25:35,下架,,219.0,0.0,0,0,,,0,swd,0,0,0,0,婚纱 BRIDE,False,1083,False,,F,,F
2026-08-01--2026-08-31,,SWD11796,BRIDE,2024-09-03 15:23:24,下架,2025-08-13 14:45:30,149.0,0.0,0,0,,,0,swd,0,0,0,0,婚纱 BRIDE,False,726,False,,F,,F
2026-08-01--2026-08-31,,SWD11799,BRIDE,2024-08-20 18:12:14,下架,2026-07-10 11:18:13,149.0,0.0,0,3,2024-01-19 07:17:08,,0,swd,0,0,0,0,婚纱 BRIDE,False,740,False,,F,,F
2026-08-01--2026-08-31,,SWD11801,BRIDE,2024-08-22 14:04:35,上架,,159.0,0.0,0,4,2026-06-19 16:00:00,,0,swd,0,0,0,0,婚纱 BRIDE,True,738,False,,F,,F
2026-08-01--2026-08-31,,SWD11816,BRIDE,2024-08-26 17:43:51,下架,2026-07-10 11:21:25,219.0,0.0,0,0,,,0,swd,0,0,0,0,婚纱 BRIDE,False,734,False,,F,,F
2026-08-01--2026-08-31,,SWD11803,BRIDE,2024-08-23 14:30:54,下架,2026-07-10 11:18:13,149.0,0.0,0,0,,,0,swd,0,0,0,0,婚纱 BRIDE,False,737,False,,F,,F
2026-08-01--2026-08-31,,SWD11804,BRIDE,2024-09-03 15:24:10,下架,2025-08-13 14:45:30,165.0,0.0,0,0,,,0,swd,0,0,0,0,婚纱 BRIDE,False,726,False,,F,,F
2026-08-01--2026-08-31,,SWD11806,BRIDE,2024-08-20 20:26:19,下架,2025-08-13 14:45:30,149.0,0.0,0,6,2024-11-13 03:49:43,,0,swd,0,0,0,0,婚纱 BRIDE,False,740,False,,F,,F
2026-08-01--2026-08-31,,SWD11807,BRIDE,2024-09-03 15:24:01,下架,2026-07-10 11:18:13,189.0,0.0,0,0,,,0,swd,0,0,0,0,婚纱 BRIDE,False,726,False,,F,,F
2026-08-01--2026-08-31,,SWD11808,BRIDE,2024-08-26 17:43:59,下架,2026-08-26 12:07:53,149.0,0.0,0,0,,,0,swd,0,0,0,0,婚纱 BRIDE,False,734,False,,F,,F
2026-08-01--2026-08-31,,SWD11809,BRIDE,2024-09-03 15:23:53,下架,2026-07-10 11:18:12,169.0,0.0,0,0,,,0,swd,0,0,0,0,婚纱 BRIDE,False,726,False,,F,,F
2026-08-01--2026-08-31,,SWD11811,BRIDE,2024-09-03 15:24:55,下架,2026-06-04 17:14:07,229.0,0.0,0,0,,,0,swd,0,0,0,0,婚纱 BRIDE,False,726,False,,F,,F
2026-08-01--2026-08-31,,SWD11812,BRIDE,2023-09-15 16:40:44,下架,,199.0,0.0,0,0,,,0,swd,0,0,0,0,婚纱 BRIDE,False,1080,False,,F,,F
2026-08-01--2026-08-31,,SWD11813,BRIDE,2024-09-03 15:24:37,下架,2026-07-10 11:18:12,169.0,0.0,0,0,,,0,swd,0,0,0,0,婚纱 BRIDE,False,726,False,,F,,F
2026-08-01--2026-08-31,,SWD11814,BRIDE,2023-09-18 10:24:40,下架,,219.0,0.0,0,0,,,0,swd,0,0,0,0,婚纱 BRIDE,False,1077,False,,F,,F
2026-08-01--2026-08-31,,SWD11815,BRIDE,2024-08-23 14:35:58,上架,,229.0,0.0,0,7,2026-04-09 16:00:00,,0,swd,0,0,0,0,婚纱 BRIDE,True,737,False,,F,,F
2026-08-01--2026-08-31,,SWD11802,BRIDE,2024-08-20 20:25:27,下架,2026-07-10 11:21:25,149.0,0.0,0,5,2026-03-20 00:00:00,,0,swd,0,0,0,0,婚纱 BRIDE,False,740,False,,F,,F
2026-08-01--2026-08-31,,SWD11878,BRIDE,2024-08-26 17:48:20,下架,2026-07-10 11:21:25,159.0,0.0,0,0,,,0,swd,0,0,0,0,婚纱 BRIDE,False,734,False,,F,,F
2026-08-01--2026-08-31,,SWD11879,BRIDE,2024-09-03 15:38:23,下架,2026-07-10 11:18:11,185.0,0.0,0,0,,,0,swd,0,0,0,0,婚纱 BRIDE,False,726,False,,F,,F
2026-08-01--2026-08-31,,SWD11881,BRIDE,2024-08-26 17:47:14,下架,2026-07-10 11:21:25,219.0,0.0,0,8,2025-01-04 08:13:57,,0,swd,0,0,0,0,婚纱 BRIDE,False,734,False,,F,,F
2026-08-01--2026-08-31,,SWD11883,BRIDE,2024-08-22 14:07:26,上架,,199.0,0.0,0,32,2026-08-11 00:00:00,2025-08-11,6,swd,0,0,0,0,婚纱 BRIDE,True,738,False,,F,,F
2026-08-01--2026-08-31,,SWD11884,BRIDE,2023-09-28 16:45:08,下架,,179.0,0.0,0,0,,,0,swd,0,0,0,0,婚纱 BRIDE,False,1067,False,,F,,F
2026-08-01--2026-08-31,,SWD11888,BRIDE,2024-09-03 15:38:32,下架,2026-06-04 17:14:07,169.0,0.0,0,0,,,0,swd,0,0,0,0,婚纱 BRIDE,False,726,False,,F,,F
2026-08-01--2026-08-31,,SWD11891,BRIDE,2024-08-20 20:25:54,下架,2026-08-26 12:07:53,219.0,0.0,0,7,2026-02-02 00:00:00,2026-02-02,5,swd,0,0,0,0,婚纱 BRIDE,False,740,False,,F,,F
2026-08-01--2026-08-31,,SWD11892,BRIDE,2024-09-03 16:01:11,下架,2025-08-13 14:45:30,179.0,0.0,0,0,,,0,swd,0,0,0,0,婚纱 BRIDE,False,726,False,,F,,F
2026-08-01--2026-08-31,,SWD11894,BRIDE,2024-08-29 14:14:56,上架,,158.0,0.0,0,14,2026-06-30 00:00:00,,0,swd,0,0,0,0,婚纱 BRIDE,True,731,False,,F,,F
2026-08-01--2026-08-31,,SWD11896,BRIDE,2023-10-05 17:35:59,下架,,179.0,0.0,0,0,,,0,swd,0,0,0,0,婚纱 BRIDE,False,1060,False,,F,,F
2026-08-01--2026-08-31,,SWD11848,BRIDE,2024-09-03 15:25:28,下架,2026-07-10 11:18:12,249.0,0.0,0,0,,,0,swd,0,0,0,0,婚纱 BRIDE,False,726,False,,F,,F
2026-08-01--2026-08-31,,SWD11901,BRIDE,2024-08-26 17:47:39,下架,2026-08-05 12:06:03,179.0,0.0,0,6,2024-08-12 10:27:39,,0,swd,0,0,0,0,婚纱 BRIDE,False,734,False,,F,,F
2026-08-01--2026-08-31,,SWD11902,BRIDE,2024-08-20 20:25:11,下架,2026-08-05 12:06:03,166.0,0.0,0,11,2024-06-12 01:50:02,,0,swd,0,0,0,0,婚纱 BRIDE,False,740,False,,F,,F
2026-08-01--2026-08-31,,SWD11903,BRIDE,2023-10-06 11:37:11,下架,,149.0,0.0,0,0,,,0,swd,0,0,0,0,婚纱 BRIDE,False,1059,False,,F,,F
2026-08-01--2026-08-31,,SWD11905,BRIDE,2023-10-07 15:03:54,下架,,139.0,0.0,0,0,,,0,swd,0,0,0,0,婚纱 BRIDE,False,1058,False,,F,,F
2026-08-01--2026-08-31,,SWD11906,BRIDE,2023-10-07 15:05:26,下架,,199.0,0.0,0,0,,,0,swd,0,0,0,0,婚纱 BRIDE,False,1058,False,,F,,F
2026-08-01--2026-08-31,,SWD11907,BRIDE,2023-10-07 15:06:50,下架,,179.0,0.0,0,0,,,0,swd,0,0,0,0,婚纱 BRIDE,False,1058,False,,F,,F
2026-08-01--2026-08-31,,SWD11908,BRIDE,2023-10-07 15:08:05,下架,,149.0,0.0,0,0,,,0,swd,0,0,0,0,婚纱 BRIDE,False,1058,False,,F,,F
2026-08-01--2026-08-31,,SWD11909,BRIDE,2023-10-07 15:09:24,下架,,149.0,0.0,0,0,,,0,swd,0,0,0,0,婚纱 BRIDE,False,1058,False,,F,,F
2026-08-01--2026-08-31,,SWD11911,BRIDE,2024-08-21 11:16:45,下架,2026-08-26 12:07:53,199.0,0.0,0,0,,,0,swd,0,0,0,0,婚纱 BRIDE,False,739,False,,F,,F
2026-08-01--2026-08-31,,SWD11912,BRIDE,2024-09-03 16:14:36,下架,2026-08-05 12:06:02,169.0,0.0,0,4,2026-03-05 00:00:00,,0,swd,0,0,0,0,婚纱 BRIDE,False,726,False,,F,,F
2026-08-01--2026-08-31,,SWD11913,BRIDE,2024-10-06 10:23:41,下架,2026-08-26 12:07:53,289.0,0.0,0,7,2026-04-24 00:00:00,,0,swd,0,0,0,0,婚纱 BRIDE,False,693,False,,F,,F
2026-08-01--2026-08-31,,SWD11900,BRIDE,2024-08-26 17:48:04,下架,2025-08-13 14:45:29,165.0,0.0,0,0,,,0,swd,0,0,0,0,婚纱 BRIDE,False,734,False,,F,,F
2026-08-01--2026-08-31,,SWD11849,BRIDE,2024-09-03 15:25:37,下架,2026-07-10 11:21:25,189.0,0.0,0,0,,,0,swd,0,0,0,0,婚纱 BRIDE,False,726,False,,F,,F
2026-08-01--2026-08-31,,SWD11851,BRIDE,2024-09-03 15:26:02,下架,2026-08-26 12:07:53,199.0,0.0,0,0,,,0,swd,0,0,0,0,婚纱 BRIDE,False,726,False,,F,,F
2026-08-01--2026-08-31,,SWD11852,BRIDE,2024-08-26 17:47:05,下架,2026-07-10 11:18:12,229.0,0.0,0,7,2024-05-30 02:44:46,,0,swd,0,0,0,0,婚纱 BRIDE,False,734,False,,F,,F
2026-08-01--2026-08-31,,SWD11854,BRIDE,2023-09-22 17:37:33,下架,,149.0,0.0,0,0,,,0,swd,0,0,0,0,婚纱 BRIDE,False,1073,False,,F,,F
2026-08-01--2026-08-31,,SWD11855,BRIDE,2024-09-03 15:29:59,下架,2025-08-13 14:45:30,199.0,0.0,0,0,,,0,swd,0,0,0,0,婚纱 BRIDE,False,726,False,,F,,F
2026-08-01--2026-08-31,,SWD11856,BRIDE,2023-09-22 17:41:39,下架,,169.0,0.0,0,0,,,0,swd,0,0,0,0,婚纱 BRIDE,False,1073,False,,F,,F
2026-08-01--2026-08-31,,SWD11857,BRIDE,2024-08-26 10:22:30,下架,2026-08-26 12:07:53,169.0,0.0,0,22,2024-05-10 00:00:00,,0,swd,0,0,0,0,婚纱 BRIDE,False,734,False,,F,,F
2026-08-01--2026-08-31,,SWD11858,BRIDE,2024-08-29 14:11:29,下架,2026-07-10 11:21:25,269.0,0.0,0,0,,,0,swd,0,0,0,0,婚纱 BRIDE,False,731,False,,F,,F
2026-08-01--2026-08-31,,SWD11859,BRIDE,2023-09-22 18:07:24,下架,,149.0,0.0,0,0,,,0,swd,0,0,0,0,婚纱 BRIDE,False,1073,False,,F,,F
2026-08-01--2026-08-31,,SWD11860,BRIDE,2023-09-22 18:08:54,下架,,149.0,0.0,0,0,,,0,swd,0,0,0,0,婚纱 BRIDE,False,1073,False,,F,,F
2026-08-01--2026-08-31,,SWD11877,BRIDE,2023-09-27 17:57:13,下架,2023-09-28 10:15:19,179.0,0.0,0,0,,,0,swd,0,0,0,0,婚纱 BRIDE,False,1068,False,,F,,F
2026-08-01--2026-08-31,,SWD11863,BRIDE,2024-09-03 15:27:30,下架,2025-08-13 14:45:30,239.0,0.0,0,0,,,0,swd,0,0,0,0,婚纱 BRIDE,False,726,False,,F,,F
2026-08-01--2026-08-31,,SWD11865,BRIDE,2024-08-22 14:04:52,上架,,248.0,0.0,0,4,2026-07-21 00:00:00,,0,swd,0,0,0,0,婚纱 BRIDE,True,738,False,,F,,F
2026-08-01--2026-08-31,,SWD11868,BRIDE,2024-09-03 15:36:31,上架,,229.0,0.0,0,11,2026-07-16 00:00:00,2026-07-16,1,swd,0,0,0,0,婚纱 BRIDE,True,726,False,,F,,F
2026-08-01--2026-08-31,,SWD11869,BRIDE,2024-08-23 14:36:59,下架,2026-07-10 11:18:11,189.0,0.0,0,8,2024-09-08 09:02:14,,0,swd,0,0,0,0,婚纱 BRIDE,False,737,False,,F,,F
2026-08-01--2026-08-31,,SWD11870,BRIDE,2023-09-26 11:29:47,下架,,319.0,0.0,0,0,,,0,swd,0,0,0,0,婚纱 BRIDE,False,1069,False,,F,,F
2026-08-01--2026-08-31,,SWD11871,BRIDE,2024-08-29 14:10:35,下架,2025-08-13 14:45:30,149.0,0.0,0,0,,,0,swd,0,0,0,0,婚纱 BRIDE,False,731,False,,F,,F
2026-08-01--2026-08-31,,SWD11872,BRIDE,2024-09-03 15:35:51,下架,2025-08-13 14:45:30,149.0,0.0,0,0,,,0,swd,0,0,0,0,婚纱 BRIDE,False,726,False,,F,,F
2026-08-01--2026-08-31,,SWD11873,BRIDE,2024-08-29 14:11:21,下架,2026-07-10 11:18:11,199.0,0.0,0,0,,,0,swd,0,0,0,0,婚纱 BRIDE,False,731,False,,F,,F
2026-08-01--2026-08-31,,SWD11874,BRIDE,2024-09-03 15:38:15,下架,2026-06-04 17:14:07,255.0,0.0,0,0,,,0,swd,0,0,0,0,婚纱 BRIDE,False,726,False,,F,,F
2026-08-01--2026-08-31,,SWD11875,BRIDE,2024-08-29 14:11:13,下架,2026-06-04 17:14:07,249.0,0.0,0,0,,,0,swd,0,0,0,0,婚纱 BRIDE,False,731,False,,F,,F
2026-08-01--2026-08-31,,SWD11876,BRIDE,2024-09-03 15:38:06,上架,,159.0,0.0,0,0,,,0,swd,0,0,0,0,婚纱 BRIDE,True,726,False,,F,,F
2026-08-01--2026-08-31,,SWD11862,BRIDE,2024-08-21 18:30:44,下架,2026-07-10 11:21:25,175.0,0.0,0,0,,,0,swd,0,0,0,0,婚纱 BRIDE,False,739,False,,F,,F
2026-08-01--2026-08-31,,SWD11178,BRIDE,2024-08-26 18:13:11,下架,2026-06-04 17:14:14,159.0,0.0,0,0,,,0,swd,0,0,0,0,婚纱 BRIDE,False,734,False,,F,,F
2026-08-01--2026-08-31,,SWD11180,BRIDE,2023-06-02 17:13:26,下架,,180.0,0.0,0,0,,,0,swd,0,0,0,0,婚纱 BRIDE,False,1185,False,,F,,F
2026-08-01--2026-08-31,,SWD11181,BRIDE,2024-08-29 15:08:12,下架,2026-07-10 11:18:16,179.0,0.0,0,0,,,0,swd,0,0,0,0,婚纱 BRIDE,False,731,False,,F,,F
2026-08-01--2026-08-31,,SWD11184,BRIDE,2024-09-29 12:44:18,下架,2025-08-13 14:45:37,149.0,0.0,0,0,,,0,swd,0,0,0,0,婚纱 BRIDE,False,700,False,,F,,F
2026-08-01--2026-08-31,,SWD11186,BRIDE,2024-08-20 20:46:00,下架,2026-06-04 17:14:14,219.0,0.0,0,0,,,0,swd,0,0,0,0,婚纱 BRIDE,False,740,False,,F,,F
2026-08-01--2026-08-31,,SWD11188,BRIDE,2023-06-07 15:31:18,下架,,220.0,0.0,0,0,,,0,swd,0,0,0,0,婚纱 BRIDE,False,1180,False,,F,,F
2026-08-01--2026-08-31,,SWD11189,BRIDE,2024-08-29 15:17:33,下架,2026-06-04 17:14:14,209.0,0.0,0,0,,,0,swd,0,0,0,0,婚纱 BRIDE,False,731,False,,F,,F
2026-08-01--2026-08-31,,SWD11190,BRIDE,2023-06-07 16:23:19,下架,,219.0,0.0,0,0,,,0,swd,0,0,0,0,婚纱 BRIDE,False,1180,False,,F,,F
2026-08-01--2026-08-31,,SWD11194,BRIDE,2023-06-07 18:26:36,下架,2023-06-07 19:01:00,149.0,0.0,0,0,,,0,swd,0,0,0,0,婚纱 BRIDE,False,1180,False,,F,,F
2026-08-01--2026-08-31,,SWD11196,BRIDE,2023-06-07 18:31:45,下架,,149.0,0.0,0,0,,,0,swd,0,0,0,0,婚纱 BRIDE,False,1180,False,,F,,F
2026-08-01--2026-08-31,,SWD11525,BRIDE,2023-07-06 15:08:54,下架,,179.0,0.0,0,0,,,0,swd,0,0,0,0,婚纱 BRIDE,False,1151,False,,F,,F
2026-08-01--2026-08-31,,SWD11199,BRIDE,2024-09-04 11:56:05,下架,2026-06-04 17:14:14,149.0,0.0,0,0,,,0,swd,0,0,0,0,婚纱 BRIDE,False,725,False,,F,,F
2026-08-01--2026-08-31,,SWD11200,BRIDE,2024-09-04 11:55:25,下架,2025-08-13 14:45:37,159.0,0.0,0,0,,,0,swd,0,0,0,0,婚纱 BRIDE,False,725,False,,F,,F
2026-08-01--2026-08-31,,SWD11201,BRIDE,2024-09-04 11:55:44,下架,2026-07-10 11:18:16,149.0,0.0,0,0,,,0,swd,0,0,0,0,婚纱 BRIDE,False,725,False,,F,,F
2026-08-01--2026-08-31,,SWD11202,BRIDESMAID,2023-06-09 14:27:02,下架,2023-10-14 12:19:01,149.0,0.0,0,0,,,0,swd,0,0,0,0,婚纱 BRIDE,False,1178,False,,F,,F
2026-08-01--2026-08-31,,SWD11203,BRIDE,2024-09-04 11:56:14,下架,2025-08-13 14:45:37,149.0,0.0,0,0,,,0,swd,0,0,0,0,婚纱 BRIDE,False,725,False,,F,,F
2026-08-01--2026-08-31,,SWD11204,BRIDE,2023-06-09 14:38:56,下架,,149.0,0.0,0,0,,,0,swd,0,0,0,0,婚纱 BRIDE,False,1178,False,,F,,F
2026-08-01--2026-08-31,,SWD11205,BRIDE,2023-06-09 14:41:51,下架,,149.0,0.0,0,0,,,0,swd,0,0,0,0,婚纱 BRIDE,False,1178,False,,F,,F
2026-08-01--2026-08-31,,SWD11207,BRIDE,2024-08-26 18:15:44,下架,2026-06-04 17:14:14,179.0,0.0,0,0,,,0,swd,0,0,0,0,婚纱 BRIDE,False,734,False,,F,,F
2026-08-01--2026-08-31,,SWD11208,BRIDE,2023-06-09 20:03:44,下架,,148.0,0.0,0,0,,,0,swd,0,0,0,0,婚纱 BRIDE,False,1178,False,,F,,F
2026-08-01--2026-08-31,,SWD11210,BRIDE,2024-08-26 18:34:14,下架,2026-07-10 11:18:16,149.0,0.0,0,0,,,0,swd,0,0,0,0,婚纱 BRIDE,False,734,False,,F,,F
2026-08-01--2026-08-31,,SWD11197,BRIDE,2024-08-16 18:18:22,上架,,159.0,0.0,0,15,2023-10-23 10:10:47,,0,swd,0,0,0,0,婚纱 BRIDE,True,744,False,,F,,F
2026-08-01--2026-08-31,,SWD11151,BRIDE,2023-06-02 11:49:59,下架,,129.0,0.0,0,0,,,0,swd,0,0,0,0,婚纱 BRIDE,False,1185,False,,F,,F
2026-08-01--2026-08-31,,SWD11152,BRIDE,2024-08-23 14:56:07,上架,,139.0,0.0,0,17,2026-07-16 00:00:00,,0,swd,0,0,0,0,婚纱 BRIDE,True,737,False,,F,,F
2026-08-01--2026-08-31,,SWD11153,BRIDE,2024-08-23 14:56:25,下架,2026-07-10 11:18:17,139.0,0.0,0,0,,,0,swd,0,0,0,0,婚纱 BRIDE,False,737,False,,F,,F
2026-08-01--2026-08-31,,SWD11154,BRIDE,2024-08-29 15:07:45,下架,2026-07-10 11:18:17,169.0,0.0,0,0,,,0,swd,0,0,0,0,婚纱 BRIDE,False,731,False,,F,,F
2026-08-01--2026-08-31,,SWD11155,BRIDE,2024-09-04 11:46:57,下架,2026-06-04 17:14:15,169.0,0.0,0,0,,,0,swd,0,0,0,0,婚纱 BRIDE,False,725,False,,F,,F
2026-08-01--2026-08-31,,SWD11156,BRIDE,2023-06-02 12:02:43,下架,,149.0,0.0,0,0,,,0,swd,0,0,0,0,婚纱 BRIDE,False,1185,False,,F,,F
2026-08-01--2026-08-31,,SWD11157,BRIDE,2024-09-04 11:46:40,下架,2026-06-04 17:14:15,185.0,0.0,0,0,,,0,swd,0,0,0,0,婚纱 BRIDE,False,725,False,,F,,F
2026-08-01--2026-08-31,,SWD11158,BRIDE,2024-09-04 11:48:13,下架,2026-06-04 17:14:15,179.0,0.0,0,0,,,0,swd,0,0,0,0,婚纱 BRIDE,False,725,False,,F,,F
2026-08-01--2026-08-31,,SWD11159,BRIDE,2023-06-02 12:13:40,下架,,175.0,0.0,0,0,,,0,swd,0,0,0,0,婚纱 BRIDE,False,1185,False,,F,,F
2026-08-01--2026-08-31,,SWD11160,BRIDE,2024-08-26 18:13:53,下架,2026-07-10 11:18:17,149.0,0.0,0,0,,,0,swd,0,0,0,0,婚纱 BRIDE,False,734,False,,F,,F
2026-08-01--2026-08-31,,SWD11177,BRIDE,2024-09-04 11:47:52,下架,2026-07-10 11:18:17,149.0,0.0,0,0,,,0,swd,0,0,0,0,婚纱 BRIDE,False,725,False,,F,,F
2026-08-01--2026-08-31,,SWD11164,BRIDE,2023-06-02 15:16:44,下架,2023-07-03 11:14:27,149.0,0.0,0,0,,,0,swd,0,0,0,0,婚纱 BRIDE,False,1185,False,,F,,F
2026-08-01--2026-08-31,,SWD11165,BRIDE,2023-06-02 16:16:31,下架,2023-06-02 16:52:59,149.0,0.0,0,0,,,0,swd,0,0,0,0,婚纱 BRIDE,False,1185,False,,F,,F
2026-08-01--2026-08-31,,SWD11166,BRIDE,2023-06-02 16:18:42,下架,2023-07-03 11:08:43,159.0,0.0,0,0,,,0,swd,0,0,0,0,婚纱 BRIDE,False,1185,False,,F,,F
2026-08-01--2026-08-31,,SWD11167,BRIDE,2023-06-02 16:22:18,下架,2023-07-03 11:09:39,149.0,0.0,0,0,,,0,swd,0,0,0,0,婚纱 BRIDE,False,1185,False,,F,,F
2026-08-01--2026-08-31,,SWD11168,BRIDE,2023-06-02 16:24:06,下架,2023-07-03 11:10:35,159.0,0.0,0,0,,,0,swd,0,0,0,0,婚纱 BRIDE,False,1185,False,,F,,F
2026-08-01--2026-08-31,,SWD11169,BRIDE,2024-08-29 15:08:02,下架,2026-06-04 17:14:14,169.0,0.0,0,0,,,0,swd,0,0,0,0,婚纱 BRIDE,False,731,False,,F,,F
2026-08-01--2026-08-31,,SWD11171,BRIDE,2024-08-21 18:53:28,下架,2026-07-10 11:18:17,149.0,0.0,0,9,2024-07-26 02:55:27,,0,swd,0,0,0,0,婚纱 BRIDE,False,739,False,,F,,F
2026-08-01--2026-08-31,,SWD11173,BRIDE,2024-08-23 14:56:49,下架,2026-07-10 11:18:17,149.0,0.0,0,0,,,0,swd,0,0,0,0,婚纱 BRIDE,False,737,False,,F,,F
2026-08-01--2026-08-31,,SWD11174,BRIDE,2023-06-02 16:56:04,下架,,149.0,0.0,0,0,,,0,swd,0,0,0,0,婚纱 BRIDE,False,1185,False,,F,,F
2026-08-01--2026-08-31,,SWD11175,BRIDE,2023-06-02 16:58:42,下架,,175.0,0.0,0,0,,,0,swd,0,0,0,0,婚纱 BRIDE,False,1185,False,,F,,F
2026-08-01--2026-08-31,,SWD11176,BRIDE,2024-08-22 16:54:57,下架,2026-07-10 11:18:17,149.0,0.0,0,0,,,0,swd,0,0,0,0,婚纱 BRIDE,False,738,False,,F,,F
2026-08-01--2026-08-31,,SWD11162,BRIDE,2024-08-29 15:08:34,上架,,159.0,0.0,0,5,2026-06-11 16:00:00,,0,swd,0,0,0,0,婚纱 BRIDE,True,731,False,,F,,F
2026-08-01--2026-08-31,,SWD11243,BRIDE,2024-09-04 11:59:37,下架,2025-08-13 14:45:36,159.0,0.0,0,0,,,0,swd,0,0,0,0,婚纱 BRIDE,False,725,False,,F,,F
2026-08-01--2026-08-31,,SWD11244,BRIDE,2023-06-14 14:27:17,下架,,159.0,0.0,0,0,,,0,swd,0,0,0,0,婚纱 BRIDE,False,1173,False,,F,,F
2026-08-01--2026-08-31,,SWD11245,BRIDE,2024-08-26 18:33:40,上架,,155.0,0.0,0,0,,,0,swd,0,0,0,0,婚纱 BRIDE,True,734,False,,F,,F
2026-08-01--2026-08-31,,SWD11248,BRIDE,2023-06-14 14:52:26,下架,,149.0,0.0,0,0,,,0,swd,0,0,0,0,婚纱 BRIDE,False,1173,False,,F,,F
2026-08-01--2026-08-31,,SWD11250,BRIDE,2024-08-23 15:01:07,下架,2026-08-26 12:07:53,169.0,0.0,0,0,,,0,swd,0,0,0,0,婚纱 BRIDE,False,737,False,,F,,F
2026-08-01--2026-08-31,,SWD11252,BRIDE,2024-09-12 12:55:57,下架,2026-06-04 17:14:13,179.0,0.0,0,0,,,0,swd,0,0,0,0,婚纱 BRIDE,False,717,False,,F,,F
2026-08-01--2026-08-31,,SWD11253,BRIDE,2024-08-26 18:33:57,下架,2025-08-13 14:45:36,179.0,0.0,0,0,,,0,swd,0,0,0,0,婚纱 BRIDE,False,734,False,,F,,F
2026-08-01--2026-08-31,,SWD11254,BRIDE,2024-09-04 11:59:29,下架,2025-08-13 14:45:36,175.0,0.0,0,0,,,0,swd,0,0,0,0,婚纱 BRIDE,False,725,False,,F,,F
2026-08-01--2026-08-31,,SWD11256,BRIDE,2023-06-14 15:04:01,下架,,179.0,0.0,0,0,,,0,swd,0,0,0,0,婚纱 BRIDE,False,1173,False,,F,,F
2026-08-01--2026-08-31,,SWD11258,BRIDE,2023-06-14 15:08:22,下架,,149.0,0.0,0,0,,,0,swd,0,0,0,0,婚纱 BRIDE,False,1173,False,,F,,F
2026-08-01--2026-08-31,,SWD11211,BRIDE,2023-06-12 10:42:09,下架,,149.0,0.0,0,0,,,0,swd,0,0,0,0,婚纱 BRIDE,False,1175,False,,F,,F
2026-08-01--2026-08-31,,SWD11260,BRIDE,2023-06-14 15:12:33,下架,,175.0,0.0,0,0,,,0,swd,0,0,0,0,婚纱 BRIDE,False,1173,False,,F,,F
2026-08-01--2026-08-31,,SWD11261,BRIDE,2024-08-23 15:01:16,下架,2025-08-13 14:45:36,175.0,0.0,0,0,,,0,swd,0,0,0,0,婚纱 BRIDE,False,737,False,,F,,F
2026-08-01--2026-08-31,,SWD11262,BRIDE,2024-08-29 15:44:04,下架,2026-07-10 11:18:16,185.0,0.0,0,0,,,0,swd,0,0,0,0,婚纱 BRIDE,False,731,False,,F,,F
2026-08-01--2026-08-31,,SWD11263,BRIDE,2023-06-14 15:23:48,下架,,169.0,0.0,0,0,,,0,swd,0,0,0,0,婚纱 BRIDE,False,1173,False,,F,,F
2026-08-01--2026-08-31,,SWD11265,BRIDE,2024-09-04 11:59:20,下架,2026-07-10 11:21:26,199.0,0.0,0,0,,,0,swd,0,0,0,0,婚纱 BRIDE,False,725,False,,F,,F
2026-08-01--2026-08-31,,SWD11266,BRIDE,2024-09-04 11:59:03,下架,2026-08-26 12:07:53,179.0,0.0,0,6,2026-05-13 00:00:00,,0,swd,0,0,0,0,婚纱 BRIDE,False,725,False,,F,,F
2026-08-01--2026-08-31,,SWD11267,BRIDE,2024-09-04 11:59:11,下架,2025-08-13 14:45:36,219.0,0.0,0,0,,,0,swd,0,0,0,0,婚纱 BRIDE,False,725,False,,F,,F
2026-08-01--2026-08-31,,SWD11270,BRIDE,2024-08-29 15:43:33,上架,,169.0,0.0,0,4,2026-03-13 00:00:00,,0,swd,0,0,0,0,婚纱 BRIDE,True,731,False,,F,,F
2026-08-01--2026-08-31,,SWD11271,BRIDE,2023-06-14 15:33:20,下架,,179.0,0.0,0,0,,,0,swd,0,0,0,0,婚纱 BRIDE,False,1173,False,,F,,F
2026-08-01--2026-08-31,,SWD11272,BRIDE,2024-09-04 12:01:43,下架,2026-07-10 11:18:16,219.0,0.0,0,0,,,0,swd,0,0,0,0,婚纱 BRIDE,False,725,False,,F,,F
2026-08-01--2026-08-31,,SWD11259,BRIDE,2024-09-04 11:59:55,下架,2026-06-04 17:14:13,229.0,0.0,0,0,,,0,swd,0,0,0,0,婚纱 BRIDE,False,725,False,,F,,F
2026-08-01--2026-08-31,,SWD11212,BRIDE,2023-06-12 14:56:55,下架,,149.0,0.0,0,0,,,0,swd,0,0,0,0,婚纱 BRIDE,False,1175,False,,F,,F
2026-08-01--2026-08-31,,SWD11213,BRIDE,2024-08-20 20:47:37,下架,2026-08-26 12:07:53,199.0,0.0,0,1,2024-08-01 02:01:14,,0,swd,0,0,0,0,婚纱 BRIDE,False,740,False,,F,,F
2026-08-01--2026-08-31,,SWD11214,BRIDE,2024-09-04 11:57:52,下架,2026-07-10 11:18:16,155.0,0.0,0,0,,,0,swd,0,0,0,0,婚纱 BRIDE,False,725,False,,F,,F
2026-08-01--2026-08-31,,SWD11215,BRIDE,2024-08-22 16:55:48,下架,2025-08-13 14:45:37,149.0,0.0,0,0,,,0,swd,0,0,0,0,婚纱 BRIDE,False,738,False,,F,,F
2026-08-01--2026-08-31,,SWD11216,BRIDE,2023-06-12 15:23:34,下架,2023-06-12 17:12:09,159.0,0.0,0,0,,,0,swd,0,0,0,0,婚纱 BRIDE,False,1175,False,,F,,F
2026-08-01--2026-08-31,,SWD11217,BRIDE,2023-06-12 15:26:53,下架,,149.0,0.0,0,0,,,0,swd,0,0,0,0,婚纱 BRIDE,False,1175,False,,F,,F
2026-08-01--2026-08-31,,SWD11218,BRIDE,2024-09-04 11:58:21,下架,2026-07-10 11:18:16,159.0,0.0,0,0,,,0,swd,0,0,0,0,婚纱 BRIDE,False,725,False,,F,,F
2026-08-01--2026-08-31,,SWD11219,BRIDE,2024-09-12 12:55:03,下架,2025-08-13 14:45:37,159.0,0.0,0,0,,,0,swd,0,0,0,0,婚纱 BRIDE,False,717,False,,F,,F
2026-08-01--2026-08-31,,SWD11221,BRIDE,2024-08-29 15:26:40,下架,2025-08-13 14:45:37,209.0,0.0,0,0,,,0,swd,0,0,0,0,婚纱 BRIDE,False,731,False,,F,,F
2026-08-01--2026-08-31,,SWD11222,BRIDE,2023-06-12 18:18:45,下架,,155.0,0.0,0,14,2023-06-10 00:00:00,2023-06-10,15,swd,0,0,0,0,婚纱 BRIDE,False,1175,False,,F,,F
2026-08-01--2026-08-31,,SWD11238,BRIDE,2023-06-14 11:45:19,下架,,165.0,0.0,0,0,,,0,swd,0,0,0,0,婚纱 BRIDE,False,1173,False,,F,,F
2026-08-01--2026-08-31,,SWD11224,BRIDE,2023-06-12 19:52:43,下架,,149.0,0.0,0,0,,,0,swd,0,0,0,0,婚纱 BRIDE,False,1175,False,,F,,F
2026-08-01--2026-08-31,,SWD11225,BRIDE,2023-06-12 20:04:35,下架,,149.0,0.0,0,0,,,0,swd,0,0,0,0,婚纱 BRIDE,False,1175,False,,F,,F
2026-08-01--2026-08-31,,SWD11226,BRIDE,2024-08-19 22:53:32,上架,,149.0,0.0,0,20,2024-04-25 00:00:00,,0,swd,0,0,0,0,婚纱 BRIDE,True,741,False,,F,,F
2026-08-01--2026-08-31,,SWD11227,BRIDE,2024-08-21 18:57:42,下架,2026-08-26 12:07:53,149.0,0.0,0,2,2023-06-10 00:00:00,2023-06-10,2,swd,0,0,0,0,婚纱 BRIDE,False,739,False,,F,,F
2026-08-01--2026-08-31,,SWD11230,BRIDE,2023-06-14 00:33:37,下架,,149.0,0.0,0,0,,,0,swd,0,0,0,0,婚纱 BRIDE,False,1173,False,,F,,F
2026-08-01--2026-08-31,,SWD11231,BRIDE,2024-08-29 15:26:06,下架,2025-08-13 14:45:37,149.0,0.0,0,0,,,0,swd,0,0,0,0,婚纱 BRIDE,False,731,False,,F,,F
2026-08-01--2026-08-31,,SWD11232,BRIDE,2024-09-04 11:59:45,下架,2025-08-13 14:45:37,149.0,0.0,0,0,,,0,swd,0,0,0,0,婚纱 BRIDE,False,725,False,,F,,F
2026-08-01--2026-08-31,,SWD11233,BRIDE,2023-06-14 00:39:28,下架,,129.0,0.0,0,0,,,0,swd,0,0,0,0,婚纱 BRIDE,False,1173,False,,F,,F
2026-08-01--2026-08-31,,SWD11234,BRIDE,2023-06-14 00:41:20,下架,,149.0,0.0,0,0,,,0,swd,0,0,0,0,婚纱 BRIDE,False,1173,False,,F,,F
2026-08-01--2026-08-31,,SWD11235,BRIDE,2024-08-26 18:34:49,下架,2026-06-04 17:14:14,149.0,0.0,0,0,,,0,swd,0,0,0,0,婚纱 BRIDE,False,734,False,,F,,F
2026-08-01--2026-08-31,,SWD11236,BRIDE,2024-08-29 15:43:20,下架,2025-08-13 14:45:36,149.0,0.0,0,0,,,0,swd,0,0,0,0,婚纱 BRIDE,False,731,False,,F,,F
2026-08-01--2026-08-31,,SWD11223,BRIDE,2023-06-12 18:31:07,下架,,155.0,0.0,0,12,2023-06-06 00:00:00,2023-06-06,13,swd,0,0,0,0,婚纱 BRIDE,False,1175,False,,F,,F
2026-08-01--2026-08-31,,SWD11061,BRIDE,2023-05-24 16:24:44,下架,,149.0,0.0,0,0,,,0,swd,0,0,0,0,婚纱 BRIDE,False,1194,False,,F,,F
2026-08-01--2026-08-31,,SWD11062,BRIDE,2024-09-04 11:35:57,下架,2025-08-13 14:45:38,149.0,0.0,0,0,,,0,swd,0,0,0,0,婚纱 BRIDE,False,725,False,,F,,F
2026-08-01--2026-08-31,,SWD11063,BRIDE,2023-05-24 16:48:24,下架,,149.0,0.0,0,0,,,0,swd,0,0,0,0,婚纱 BRIDE,False,1194,False,,F,,F
2026-08-01--2026-08-31,,SWD11064,BRIDE,2023-05-24 17:03:51,下架,,179.0,0.0,0,0,,,0,swd,0,0,0,0,婚纱 BRIDE,False,1194,False,,F,,F
2026-08-01--2026-08-31,,SWD11065,BRIDE,2023-05-24 17:07:28,下架,,139.0,0.0,0,0,,,0,swd,0,0,0,0,婚纱 BRIDE,False,1194,False,,F,,F
2026-08-01--2026-08-31,,SWD11066,BRIDE,2024-09-12 12:01:51,下架,2026-07-10 11:21:26,169.0,0.0,0,0,,,0,swd,0,0,0,0,婚纱 BRIDE,False,717,False,,F,,F
2026-08-01--2026-08-31,,SWD11067,BRIDE,2023-05-25 11:40:44,下架,,155.0,0.0,0,0,,,0,swd,0,0,0,0,婚纱 BRIDE,False,1193,False,,F,,F
2026-08-01--2026-08-31,,SWD11068,BRIDE,2023-05-25 11:46:19,下架,,149.0,0.0,0,0,,,0,swd,0,0,0,0,婚纱 BRIDE,False,1193,False,,F,,F
2026-08-01--2026-08-31,,SWD11069,BRIDE,2024-08-29 14:45:28,下架,2026-08-26 12:07:54,159.0,0.0,0,10,2026-05-12 23:44:30,2025-12-31,2,swd,0,0,0,0,婚纱 BRIDE,False,731,False,,F,,F
2026-08-01--2026-08-31,,SWD11071,BRIDE,2023-05-25 16:35:12,下架,,149.0,0.0,0,0,,,0,swd,0,0,0,0,婚纱 BRIDE,False,1193,False,,F,,F
2026-08-01--2026-08-31,,SWD11150,BRIDE,2024-08-20 00:54:51,上架,,159.0,0.0,0,3,2024-01-05 02:01:44,,0,swd,0,0,0,0,婚纱 BRIDE,True,740,False,,F,,F
2026-08-01--2026-08-31,,SWD11073,BRIDE,2024-09-12 12:02:38,下架,2026-07-10 11:18:18,169.0,0.0,0,0,,,0,swd,0,0,0,0,婚纱 BRIDE,False,717,False,,F,,F
2026-08-01--2026-08-31,,SWD11074,BRIDE,2024-09-04 11:40:00,下架,2026-07-10 11:18:17,159.0,0.0,0,0,,,0,swd,0,0,0,0,婚纱 BRIDE,False,725,False,,F,,F
2026-08-01--2026-08-31,,SWD11076,BRIDE,2023-05-26 18:19:45,下架,,149.0,0.0,0,0,,,0,swd,0,0,0,0,婚纱 BRIDE,False,1192,False,,F,,F
2026-08-01--2026-08-31,,SWD11077,BRIDE,2023-05-26 18:21:45,下架,,179.0,0.0,0,0,,,0,swd,0,0,0,0,婚纱 BRIDE,False,1192,False,,F,,F
2026-08-01--2026-08-31,,SWD11079,BRIDE,2024-08-23 14:53:24,下架,2026-06-04 17:14:16,189.0,0.0,0,0,,,0,swd,0,0,0,0,婚纱 BRIDE,False,737,False,,F,,F
2026-08-01--2026-08-31,,SWD11080,BRIDE,2024-08-21 18:49:21,上架,,229.0,0.0,0,4,2026-03-11 16:00:00,,0,swd,0,0,0,0,婚纱 BRIDE,True,739,False,,F,,F
2026-08-01--2026-08-31,,SWD11082,BRIDE,2024-09-04 11:41:59,下架,2026-06-04 17:14:16,249.0,0.0,0,0,,,0,swd,0,0,0,0,婚纱 BRIDE,False,725,False,,F,,F
2026-08-01--2026-08-31,,SWD11083,BRIDE,2024-08-20 20:45:40,上架,,189.0,0.0,0,12,2026-07-13 16:00:00,,0,swd,0,0,0,0,婚纱 BRIDE,True,740,False,,F,,F
2026-08-01--2026-08-31,,SWD11084,BRIDE,2023-05-29 14:30:36,下架,,219.0,0.0,0,0,,,0,swd,0,0,0,0,婚纱 BRIDE,False,1189,False,,F,,F
2026-08-01--2026-08-31,,SWD11085,BRIDE,2024-09-04 11:42:34,下架,2026-06-04 17:14:16,189.0,0.0,0,0,,,0,swd,0,0,0,0,婚纱 BRIDE,False,725,False,,F,,F
2026-08-01--2026-08-31,,SWD11072,BRIDE,2024-08-29 14:56:31,下架,2025-08-13 14:45:38,159.0,0.0,0,0,,,0,swd,0,0,0,0,婚纱 BRIDE,False,731,False,,F,,F
2026-08-01--2026-08-31,,SWD11034,BRIDE,2024-08-26 18:07:49,下架,2025-08-13 14:45:38,170.0,0.0,0,0,,,0,swd,0,0,0,0,婚纱 BRIDE,False,734,False,,F,,F
2026-08-01--2026-08-31,,SWD11035,BRIDE,2023-05-23 18:10:43,下架,,149.0,0.0,0,0,,,0,swd,0,0,0,0,婚纱 BRIDE,False,1195,False,,F,,F
2026-08-01--2026-08-31,,SWD11040,BRIDE,2023-05-23 18:23:02,下架,,180.0,0.0,0,0,,,0,swd,0,0,0,0,婚纱 BRIDE,False,1195,False,,F,,F
2026-08-01--2026-08-31,,SWD11041,BRIDE,2024-08-16 20:42:05,上架,,159.0,0.0,0,7,2026-05-02 00:00:00,2026-05-02,1,swd,0,0,0,0,婚纱 BRIDE,True,744,False,,F,,F
2026-08-01--2026-08-31,,SWD11042,BRIDE,2024-08-20 16:20:17,上架,,149.0,0.0,0,5,2026-06-10 16:00:00,,0,swd,0,0,0,0,婚纱 BRIDE,True,740,False,,F,,F
2026-08-01--2026-08-31,,SWD11043,BRIDE,2023-05-23 18:29:40,下架,,139.0,0.0,0,0,,,0,swd,0,0,0,0,婚纱 BRIDE,False,1195,False,,F,,F
2026-08-01--2026-08-31,,SWD11044,BRIDE,2023-05-23 18:32:22,下架,,149.0,0.0,0,0,,,0,swd,0,0,0,0,婚纱 BRIDE,False,1195,False,,F,,F
2026-08-01--2026-08-31,,SWD11045,BRIDE,2024-08-26 18:08:41,下架,2026-07-10 11:18:18,159.0,0.0,0,0,,,0,swd,0,0,0,0,婚纱 BRIDE,False,734,False,,F,,F
2026-08-01--2026-08-31,,SWD11046,BRIDE,2023-05-24 15:09:05,下架,2023-05-31 10:12:58,219.0,0.0,0,0,,,0,swd,0,0,0,0,婚纱 BRIDE,False,1194,False,,F,,F
2026-08-01--2026-08-31,,SWD11047,BRIDE,2023-05-24 15:12:06,下架,2023-05-31 10:00:12,249.0,0.0,0,0,,,0,swd,0,0,0,0,婚纱 BRIDE,False,1194,False,,F,,F
2026-08-01--2026-08-31,,SWD11060,BRIDE,2023-05-24 16:22:29,下架,,139.0,0.0,0,0,,,0,swd,0,0,0,0,婚纱 BRIDE,False,1194,False,,F,,F
2026-08-01--2026-08-31,,SWD11049,BRIDE,2023-05-24 15:18:19,下架,2023-05-31 10:01:25,249.0,0.0,0,0,,,0,swd,0,0,0,0,婚纱 BRIDE,False,1194,False,,F,,F
2026-08-01--2026-08-31,,SWD11050,BRIDE,2023-05-24 15:20:56,下架,2023-05-31 10:01:40,249.0,0.0,0,0,,,0,swd,0,0,0,0,婚纱 BRIDE,False,1194,False,,F,,F
2026-08-01--2026-08-31,,SWD11051,BRIDE,2023-05-24 15:23:32,下架,2023-05-31 09:59:38,249.0,0.0,0,0,,,0,swd,0,0,0,0,婚纱 BRIDE,False,1194,False,,F,,F
2026-08-01--2026-08-31,,SWD11052,BRIDE,2023-05-24 15:26:09,下架,2023-05-31 09:56:38,229.0,0.0,0,0,,,0,swd,0,0,0,0,婚纱 BRIDE,False,1194,False,,F,,F
2026-08-01--2026-08-31,,SWD11053,BRIDE,2023-05-24 15:31:36,下架,2023-05-31 10:00:43,229.0,0.0,0,0,,,0,swd,0,0,0,0,婚纱 BRIDE,False,1194,False,,F,,F
2026-08-01--2026-08-31,,SWD11054,BRIDE,2023-05-24 15:34:55,下架,2023-05-31 09:58:10,230.0,0.0,0,0,,,0,swd,0,0,0,0,婚纱 BRIDE,False,1194,False,,F,,F
2026-08-01--2026-08-31,,SWD11055,BRIDE,2023-05-24 15:39:30,下架,2023-05-31 10:00:59,219.0,0.0,0,0,,,0,swd,0,0,0,0,婚纱 BRIDE,False,1194,False,,F,,F
2026-08-01--2026-08-31,,SWD11056,BRIDE,2024-08-20 00:34:03,下架,2025-08-13 14:45:38,159.0,0.0,0,0,,,0,swd,0,0,0,0,婚纱 BRIDE,False,740,False,,F,,F
2026-08-01--2026-08-31,,SWD11057,BRIDE,2024-08-23 14:51:48,下架,2026-07-10 11:18:18,219.0,0.0,0,0,,,0,swd,0,0,0,0,婚纱 BRIDE,False,737,False,,F,,F
2026-08-01--2026-08-31,,SWD11058,BRIDE,2023-05-24 16:10:02,下架,,149.0,0.0,0,0,,,0,swd,0,0,0,0,婚纱 BRIDE,False,1194,False,,F,,F
2026-08-01--2026-08-31,,SWD11059,BRIDE,2023-05-24 16:19:40,下架,,159.0,0.0,0,0,,,0,swd,0,0,0,0,婚纱 BRIDE,False,1194,False,,F,,F
2026-08-01--2026-08-31,,SWD11048,BRIDE,2023-05-24 15:15:37,下架,2023-05-31 09:58:26,249.0,0.0,0,0,,,0,swd,0,0,0,0,婚纱 BRIDE,False,1194,False,,F,,F
2026-08-01--2026-08-31,,SWD11121,BRIDE,2023-06-01 16:58:10,下架,,179.0,0.0,0,0,,,0,swd,0,0,0,0,婚纱 BRIDE,False,1186,False,,F,,F
2026-08-01--2026-08-31,,SWD11122,BRIDE,2024-08-23 14:53:54,上架,,200.0,0.0,0,0,,,0,swd,0,0,0,0,婚纱 BRIDE,True,737,False,,F,,F
2026-08-01--2026-08-31,,SWD11123,BRIDE,2024-09-04 11:46:32,下架,2026-06-04 17:14:15,149.0,0.0,0,0,,,0,swd,0,0,0,0,婚纱 BRIDE,False,725,False,,F,,F
2026-08-01--2026-08-31,,SWD11125,BRIDE,2024-09-04 11:46:23,下架,2025-08-13 14:45:37,149.0,0.0,0,0,,,0,swd,0,0,0,0,婚纱 BRIDE,False,725,False,,F,,F
2026-08-01--2026-08-31,,SWD11126,BRIDE,2024-08-29 15:06:55,上架,,175.0,0.0,0,6,2026-06-14 16:00:00,,0,swd,0,0,0,0,婚纱 BRIDE,True,731,False,,F,,F
2026-08-01--2026-08-31,,SWD11130,BRIDE,2024-09-04 11:47:23,下架,2025-08-13 14:45:37,149.0,0.0,0,0,,,0,swd,0,0,0,0,婚纱 BRIDE,False,725,False,,F,,F
2026-08-01--2026-08-31,,SWD11131,BRIDE,2024-09-04 11:47:33,下架,2026-07-10 11:18:17,145.0,0.0,0,0,,,0,swd,0,0,0,0,婚纱 BRIDE,False,725,False,,F,,F
2026-08-01--2026-08-31,,SWD11134,BRIDE,2024-08-29 15:07:21,上架,,149.0,0.0,0,0,,,0,swd,0,0,0,0,婚纱 BRIDE,True,731,False,,F,,F
2026-08-01--2026-08-31,,SWD11136,BRIDE,2023-06-01 22:15:46,下架,,149.0,0.0,0,0,,,0,swd,0,0,0,0,婚纱 BRIDE,False,1186,False,,F,,F
2026-08-01--2026-08-31,,SWD11137,BRIDE,2023-06-01 22:21:32,下架,,149.0,0.0,0,0,,,0,swd,0,0,0,0,婚纱 BRIDE,False,1186,False,,F,,F
2026-08-01--2026-08-31,,SWD11087,BRIDE,2024-09-04 11:42:26,上架,,149.0,0.0,0,0,,,0,swd,0,0,0,0,婚纱 BRIDE,True,725,False,,F,,F
2026-08-01--2026-08-31,,SWD11139,BRIDE,2024-09-04 17:25:54,下架,2026-06-04 17:14:15,159.0,0.0,0,0,,,0,swd,0,0,0,0,婚纱 BRIDE,False,725,False,,F,,F
2026-08-01--2026-08-31,,SWD11140,BRIDE,2024-08-16 16:15:50,下架,2026-07-10 11:18:17,149.0,0.0,0,31,2024-03-25 00:00:00,,0,swd,0,0,0,0,婚纱 BRIDE,False,744,False,,F,,F
2026-08-01--2026-08-31,,SWD11141,BRIDE,2023-06-01 23:56:47,下架,,130.0,0.0,0,0,,,0,swd,0,0,0,0,婚纱 BRIDE,False,1186,False,,F,,F
2026-08-01--2026-08-31,,SWD11142,BRIDE,2024-08-23 14:55:10,上架,,149.0,0.0,0,8,2024-07-07 03:01:28,,0,swd,0,0,0,0,婚纱 BRIDE,True,737,False,,F,,F
2026-08-01--2026-08-31,,SWD11143,BRIDE,2023-06-02 11:01:27,下架,,175.0,0.0,0,0,,,0,swd,0,0,0,0,婚纱 BRIDE,False,1185,False,,F,,F
2026-08-01--2026-08-31,,SWD11144,BRIDE,2023-06-02 11:05:02,下架,,175.0,0.0,0,0,,,0,swd,0,0,0,0,婚纱 BRIDE,False,1185,False,,F,,F
2026-08-01--2026-08-31,,SWD11145,BRIDE,2024-08-26 18:13:20,下架,2026-07-10 11:21:26,159.0,0.0,0,0,,,0,swd,0,0,0,0,婚纱 BRIDE,False,734,False,,F,,F
2026-08-01--2026-08-31,,SWD11146,BRIDE,2023-06-02 11:24:44,下架,,165.0,0.0,0,0,,,0,swd,0,0,0,0,婚纱 BRIDE,False,1185,False,,F,,F
2026-08-01--2026-08-31,,SWD11147,BRIDE,2024-08-20 16:16:58,上架,,179.0,0.0,0,0,,,0,swd,0,0,0,0,婚纱 BRIDE,True,740,False,,F,,F
2026-08-01--2026-08-31,,SWD11148,BRIDE,2023-06-02 11:44:22,下架,,159.0,0.0,0,0,,,0,swd,0,0,0,0,婚纱 BRIDE,False,1185,False,,F,,F
2026-08-01--2026-08-31,,SWD11149,BRIDE,2024-08-29 15:07:54,下架,2025-08-13 14:45:37,139.0,0.0,0,0,,,0,swd,0,0,0,0,婚纱 BRIDE,False,731,False,,F,,F
2026-08-01--2026-08-31,,SWD11138,BRIDE,2024-08-21 18:54:15,下架,2026-08-26 12:07:53,149.0,0.0,0,0,,,0,swd,0,0,0,0,婚纱 BRIDE,False,739,False,,F,,F
2026-08-01--2026-08-31,,SWD11088,BRIDE,2024-08-26 18:07:28,下架,2026-08-26 12:07:54,185.0,0.0,0,1,2024-08-19 00:00:00,2024-08-19,3,swd,0,0,0,0,婚纱 BRIDE,False,734,False,,F,,F
2026-08-01--2026-08-31,,SWD11089,BRIDE,2024-08-29 14:54:22,下架,2026-07-10 11:21:26,229.0,0.0,0,0,,,0,swd,0,0,0,0,婚纱 BRIDE,False,731,False,,F,,F
2026-08-01--2026-08-31,,SWD11092,BRIDE,2024-09-04 11:42:08,下架,2026-08-26 12:07:54,149.0,0.0,0,0,,,0,swd,0,0,0,0,婚纱 BRIDE,False,725,False,,F,,F
2026-08-01--2026-08-31,,SWD11093,BRIDE,2024-08-29 14:56:22,下架,2026-06-04 17:14:16,149.0,0.0,0,0,,,0,swd,0,0,0,0,婚纱 BRIDE,False,731,False,,F,,F
2026-08-01--2026-08-31,,SWD11094,BRIDE,2024-09-12 11:59:41,上架,,149.0,0.0,0,10,2026-07-30 00:00:00,2026-04-07,7,swd,0,0,0,0,婚纱 BRIDE,True,717,False,,F,,F
2026-08-01--2026-08-31,,SWD11095,BRIDE,2024-08-22 16:54:40,下架,2026-07-10 11:21:26,189.0,0.0,0,8,2024-09-08 03:08:33,,0,swd,0,0,0,0,婚纱 BRIDE,False,738,False,,F,,F
2026-08-01--2026-08-31,,SWD11096,BRIDE,2024-08-21 18:52:29,下架,2026-07-10 11:18:17,150.0,0.0,0,0,,,0,swd,0,0,0,0,婚纱 BRIDE,False,739,False,,F,,F
2026-08-01--2026-08-31,,SWD11098,BRIDE,2024-09-12 12:00:23,下架,2026-06-04 17:14:16,149.0,0.0,0,0,,,0,swd,0,0,0,0,婚纱 BRIDE,False,717,False,,F,,F
2026-08-01--2026-08-31,,SWD11103,BRIDE,2024-09-04 11:43:33,上架,,130.0,0.0,0,0,,,0,swd,0,0,0,0,婚纱 BRIDE,True,725,False,,F,,F
2026-08-01--2026-08-31,,SWD11104,BRIDE,2024-09-04 11:43:42,下架,2026-06-04 17:14:15,125.0,0.0,0,0,,,0,swd,0,0,0,0,婚纱 BRIDE,False,725,False,,F,,F
2026-08-01--2026-08-31,,SWD11119,BRIDE,2023-06-01 16:11:46,下架,,159.0,0.0,0,0,,,0,swd,0,0,0,0,婚纱 BRIDE,False,1186,False,,F,,F
2026-08-01--2026-08-31,,SWD11106,BRIDE,2024-08-23 14:54:33,下架,2026-06-04 17:14:15,159.0,0.0,0,0,,,0,swd,0,0,0,0,婚纱 BRIDE,False,737,False,,F,,F
2026-08-01--2026-08-31,,SWD11107,BRIDE,2023-06-01 12:09:31,下架,,179.0,0.0,0,0,,,0,swd,0,0,0,0,婚纱 BRIDE,False,1186,False,,F,,F
2026-08-01--2026-08-31,,SWD11108,BRIDE,2024-08-29 14:56:40,下架,2026-07-10 11:18:17,149.0,0.0,0,0,,,0,swd,0,0,0,0,婚纱 BRIDE,False,731,False,,F,,F
2026-08-01--2026-08-31,,SWD11110,BRIDE,2023-06-01 12:16:17,下架,2023-07-03 17:58:34,149.0,0.0,0,0,,,0,swd,0,0,0,0,婚纱 BRIDE,False,1186,False,,F,,F
2026-08-01--2026-08-31,,SWD11111,BRIDE,2023-06-01 12:18:12,下架,2023-07-03 18:00:03,139.0,0.0,0,0,,,0,swd,0,0,0,0,婚纱 BRIDE,False,1186,False,,F,,F
2026-08-01--2026-08-31,,SWD11112,BRIDE,2023-06-01 12:19:49,下架,2023-07-03 11:21:27,169.0,0.0,0,0,,,0,swd,0,0,0,0,婚纱 BRIDE,False,1186,False,,F,,F
2026-08-01--2026-08-31,,SWD11113,BRIDE,2023-06-01 12:21:41,下架,,169.0,0.0,0,0,,,0,swd,0,0,0,0,婚纱 BRIDE,False,1186,False,,F,,F
2026-08-01--2026-08-31,,SWD11115,BRIDE,2023-06-01 16:01:36,下架,,159.0,0.0,0,0,,,0,swd,0,0,0,0,婚纱 BRIDE,False,1186,False,,F,,F
2026-08-01--2026-08-31,,SWD11116,BRIDE,2024-09-04 11:44:39,下架,2026-06-04 17:14:15,159.0,0.0,0,0,,,0,swd,0,0,0,0,婚纱 BRIDE,False,725,False,,F,,F
2026-08-01--2026-08-31,,SWD11117,BRIDE,2024-08-22 16:55:24,下架,2026-07-10 11:21:26,159.0,0.0,0,0,,,0,swd,0,0,0,0,婚纱 BRIDE,False,738,False,,F,,F
2026-08-01--2026-08-31,,SWD11118,BRIDE,2023-06-01 16:07:45,下架,,159.0,0.0,0,0,,,0,swd,0,0,0,0,婚纱 BRIDE,False,1186,False,,F,,F
2026-08-01--2026-08-31,,SWD11105,BRIDE,2024-08-29 14:53:37,下架,2026-06-04 17:14:15,169.0,0.0,0,0,,,0,swd,0,0,0,0,婚纱 BRIDE,False,731,False,,F,,F
2026-08-01--2026-08-31,,SWD11436,BRIDE,2024-08-29 18:03:05,下架,2025-08-13 14:45:34,160.0,0.0,0,0,,,0,swd,0,0,0,0,婚纱 BRIDE,False,731,False,,F,,F
2026-08-01--2026-08-31,,SWD11437,BRIDE,2024-08-29 18:50:57,下架,2026-07-10 11:21:25,169.0,0.0,0,0,,,0,swd,0,0,0,0,婚纱 BRIDE,False,731,False,,F,,F
2026-08-01--2026-08-31,,SWD11438,BRIDE,2024-08-19 19:35:38,下架,2026-06-04 17:14:11,169.0,0.0,0,6,2024-01-11 03:09:58,,0,swd,0,0,0,0,婚纱 BRIDE,False,741,False,,F,,F
2026-08-01--2026-08-31,,SWD11439,BRIDE,2024-08-19 16:03:39,下架,2026-07-10 11:18:15,179.0,0.0,0,1,2024-07-31 00:00:00,2024-07-31,1,swd,0,0,0,0,婚纱 BRIDE,False,741,False,,F,,F
2026-08-01--2026-08-31,,SWD11440,BRIDE,2024-11-12 16:41:28,上架,,159.0,0.0,0,10,2024-01-11 02:02:35,,0,swd,0,0,0,0,婚纱 BRIDE,True,656,False,,F,,F
2026-08-01--2026-08-31,,SWD11443,BRIDE,2024-08-20 20:51:54,下架,2026-06-04 17:14:11,199.0,0.0,0,6,2024-01-03 02:50:59,,0,swd,0,0,0,0,婚纱 BRIDE,False,740,False,,F,,F
2026-08-01--2026-08-31,,SWD11444,BRIDE,2023-06-28 15:25:44,下架,,159.0,0.0,0,0,,,0,swd,0,0,0,0,婚纱 BRIDE,False,1159,False,,F,,F
2026-08-01--2026-08-31,,SWD11445,BRIDE,2023-06-28 15:27:42,下架,,179.0,0.0,0,0,,,0,swd,0,0,0,0,婚纱 BRIDE,False,1159,False,,F,,F
2026-08-01--2026-08-31,,SWD11446,BRIDE,2024-08-21 19:07:32,下架,2026-08-26 12:07:53,149.0,0.0,0,2,2025-01-24 00:00:00,2025-01-24,2,swd,0,0,0,0,婚纱 BRIDE,False,739,False,,F,,F
2026-08-01--2026-08-31,,SWD11447,BRIDE,2023-06-28 16:19:33,下架,,149.0,0.0,0,0,,,0,swd,0,0,0,0,婚纱 BRIDE,False,1159,False,,F,,F
2026-08-01--2026-08-31,,SWD11273,BRIDE,2024-09-04 12:01:25,上架,,159.0,0.0,0,0,,,0,swd,0,0,0,0,婚纱 BRIDE,True,725,False,,F,,F
2026-08-01--2026-08-31,,SWD11449,BRIDE,2024-08-29 18:03:59,下架,2026-07-10 11:18:15,189.0,0.0,0,0,,,0,swd,0,0,0,0,婚纱 BRIDE,False,731,False,,F,,F
2026-08-01--2026-08-31,,SWD11450,BRIDE,2024-09-04 15:26:30,下架,2025-08-13 14:45:34,199.0,0.0,0,0,,,0,swd,0,0,0,0,婚纱 BRIDE,False,725,False,,F,,F
2026-08-01--2026-08-31,,SWD11451,BRIDE,2024-09-04 16:12:30,下架,2026-06-04 17:14:11,219.0,0.0,0,0,,,0,swd,0,0,0,0,婚纱 BRIDE,False,725,False,,F,,F
2026-08-01--2026-08-31,,SWD11452,BRIDE,2023-06-28 17:32:10,下架,,149.0,0.0,0,0,,,0,swd,0,0,0,0,婚纱 BRIDE,False,1159,False,,F,,F
2026-08-01--2026-08-31,,SWD11453,BRIDE,2024-08-29 18:02:39,下架,2025-08-13 14:45:34,149.0,0.0,0,1,2024-05-23 00:00:00,2024-05-23,3,swd,0,0,0,0,婚纱 BRIDE,False,731,False,,F,,F
2026-08-01--2026-08-31,,SWD11454,BRIDE,2024-09-04 16:12:22,下架,2025-08-13 14:45:34,149.0,0.0,0,0,,,0,swd,0,0,0,0,婚纱 BRIDE,False,725,False,,F,,F
2026-08-01--2026-08-31,,SWD11455,BRIDE,2024-08-29 18:03:41,下架,2026-07-10 11:18:15,149.0,0.0,0,0,,,0,swd,0,0,0,0,婚纱 BRIDE,False,731,False,,F,,F
2026-08-01--2026-08-31,,SWD11457,BRIDE,2023-06-28 20:25:20,下架,,129.0,0.0,0,0,,,0,swd,0,0,0,0,婚纱 BRIDE,False,1159,False,,F,,F
2026-08-01--2026-08-31,,SWD11460,BRIDE,2024-09-13 11:54:32,下架,2025-08-13 14:45:34,149.0,0.0,0,0,,,0,swd,0,0,0,0,婚纱 BRIDE,False,716,False,,F,,F
2026-08-01--2026-08-31,,SWD11464,BRIDE,2024-09-04 16:14:43,下架,2026-08-26 12:07:53,159.0,0.0,0,9,2026-01-27 08:00:07,,0,swd,0,0,0,0,婚纱 BRIDE,False,725,False,,F,,F
2026-08-01--2026-08-31,,SWD11448,BRIDE,2023-06-28 16:21:16,下架,,149.0,0.0,0,0,,,0,swd,0,0,0,0,婚纱 BRIDE,False,1159,False,,F,,F
2026-08-01--2026-08-31,,SWD11408,BRIDE,2023-06-25 17:14:05,下架,2023-06-28 10:39:52,149.0,0.0,0,0,,,0,swd,0,0,0,0,婚纱 BRIDE,False,1162,False,,F,,F
2026-08-01--2026-08-31,,SWD11409,BRIDE,2024-08-29 18:00:42,下架,2026-06-04 17:14:12,149.0,0.0,0,1,2025-12-24 23:13:33,,0,swd,0,0,0,0,婚纱 BRIDE,False,731,False,,F,,F
2026-08-01--2026-08-31,,SWD11411,BRIDE,2024-08-20 00:40:17,下架,2025-08-13 14:45:35,179.0,0.0,0,0,,,0,swd,0,0,0,0,婚纱 BRIDE,False,740,False,,F,,F
2026-08-01--2026-08-31,,SWD11412,BRIDE,2024-08-29 18:00:00,下架,2026-06-04 17:14:12,229.0,0.0,0,0,,,0,swd,0,0,0,0,婚纱 BRIDE,False,731,False,,F,,F
2026-08-01--2026-08-31,,SWD11413,BRIDE,2023-06-26 15:55:55,下架,,169.0,0.0,0,0,,,0,swd,0,0,0,0,婚纱 BRIDE,False,1161,False,,F,,F
2026-08-01--2026-08-31,,SWD11415,BRIDE,2023-06-26 16:40:24,下架,,199.0,0.0,0,0,,,0,swd,0,0,0,0,婚纱 BRIDE,False,1161,False,,F,,F
2026-08-01--2026-08-31,,SWD11416,BRIDE,2024-08-27 09:21:26,下架,2026-07-10 11:18:15,199.0,0.0,0,4,2026-03-01 00:00:00,,0,swd,0,0,0,0,婚纱 BRIDE,False,733,False,,F,,F
2026-08-01--2026-08-31,,SWD11417,BRIDE,2024-08-27 09:21:01,上架,,130.0,0.0,0,3,2026-07-28 16:00:00,,0,swd,0,0,0,0,婚纱 BRIDE,True,733,False,,F,,F
2026-08-01--2026-08-31,,SWD11418,BRIDE,2024-09-04 15:16:56,下架,2026-06-04 17:14:12,149.0,0.0,0,1,2025-03-07 04:29:31,,0,swd,0,0,0,0,婚纱 BRIDE,False,725,False,,F,,F
2026-08-01--2026-08-31,,SWD11420,BRIDE,2023-06-26 16:55:46,下架,,149.0,0.0,0,0,,,0,swd,0,0,0,0,婚纱 BRIDE,False,1161,False,,F,,F
2026-08-01--2026-08-31,,SWD11435,BRIDE,2023-06-28 11:59:29,下架,,149.0,0.0,0,0,,,0,swd,0,0,0,0,婚纱 BRIDE,False,1159,False,,F,,F
2026-08-01--2026-08-31,,SWD11422,BRIDE,2024-08-27 09:20:43,下架,2026-07-10 11:21:25,159.0,0.0,0,1,2024-05-21 15:44:48,,0,swd,0,0,0,0,婚纱 BRIDE,False,733,False,,F,,F
2026-08-01--2026-08-31,,SWD11423,BRIDE,2023-06-26 18:07:55,下架,,139.0,0.0,0,0,,,0,swd,0,0,0,0,婚纱 BRIDE,False,1161,False,,F,,F
2026-08-01--2026-08-31,,SWD11424,BRIDE,2023-06-26 18:27:01,下架,,159.0,0.0,0,0,,,0,swd,0,0,0,0,婚纱 BRIDE,False,1161,False,,F,,F
2026-08-01--2026-08-31,,SWD11425,BRIDE,2024-08-29 18:03:14,下架,2025-08-13 14:45:35,130.0,0.0,0,0,,,0,swd,0,0,0,0,婚纱 BRIDE,False,731,False,,F,,F
2026-08-01--2026-08-31,,SWD11427,BRIDE,2023-06-27 21:12:37,下架,,160.0,0.0,0,0,,,0,swd,0,0,0,0,婚纱 BRIDE,False,1160,False,,F,,F
2026-08-01--2026-08-31,,SWD11429,BRIDE,2024-08-29 18:03:51,下架,2025-08-13 14:45:35,149.0,0.0,0,0,,,0,swd,0,0,0,0,婚纱 BRIDE,False,731,False,,F,,F
2026-08-01--2026-08-31,,SWD11430,BRIDE,2024-08-29 18:02:54,下架,2025-08-13 14:45:34,149.0,0.0,0,0,,,0,swd,0,0,0,0,婚纱 BRIDE,False,731,False,,F,,F
2026-08-01--2026-08-31,,SWD11431,BRIDE,2023-06-28 11:45:17,下架,,139.0,0.0,0,0,,,0,swd,0,0,0,0,婚纱 BRIDE,False,1159,False,,F,,F
2026-08-01--2026-08-31,,SWD11432,BRIDE,2023-06-28 11:53:07,下架,,139.0,0.0,0,0,,,0,swd,0,0,0,0,婚纱 BRIDE,False,1159,False,,F,,F
2026-08-01--2026-08-31,,SWD11433,BRIDE,2024-08-29 18:04:16,下架,2026-07-10 11:21:25,149.0,0.0,0,0,,,0,swd,0,0,0,0,婚纱 BRIDE,False,731,False,,F,,F
2026-08-01--2026-08-31,,SWD11434,BRIDE,2023-06-28 11:56:27,下架,,149.0,0.0,0,0,,,0,swd,0,0,0,0,婚纱 BRIDE,False,1159,False,,F,,F
2026-08-01--2026-08-31,,SWD11421,BRIDE,2024-08-29 17:59:32,下架,2026-07-10 11:18:15,185.0,0.0,0,0,,,0,swd,0,0,0,0,婚纱 BRIDE,False,731,False,,F,,F
2026-08-01--2026-08-31,,SWD11495,BRIDE,2023-07-03 16:14:27,下架,,180.0,0.0,0,0,,,0,swd,0,0,0,0,婚纱 BRIDE,False,1154,False,,F,,F
2026-08-01--2026-08-31,,SWD11496,BRIDE,2024-08-29 18:07:51,下架,2026-06-04 17:14:11,185.0,0.0,0,13,2024-10-16 02:55:12,,0,swd,0,0,0,0,婚纱 BRIDE,False,731,False,,F,,F
2026-08-01--2026-08-31,,SWD11499,BRIDE,2023-07-03 16:21:40,下架,,200.0,0.0,0,0,,,0,swd,0,0,0,0,婚纱 BRIDE,False,1154,False,,F,,F
2026-08-01--2026-08-31,,SWD11500,BRIDE,2023-07-03 16:23:15,下架,,170.0,0.0,0,0,,,0,swd,0,0,0,0,婚纱 BRIDE,False,1154,False,,F,,F
2026-08-01--2026-08-31,,SWD11501,BRIDE,2024-08-22 17:02:36,下架,2026-07-10 11:18:15,178.0,0.0,0,0,,,0,swd,0,0,0,0,婚纱 BRIDE,False,738,False,,F,,F
2026-08-01--2026-08-31,,SWD11502,BRIDE,2024-08-29 18:07:58,下架,2026-07-10 11:18:15,170.0,0.0,0,0,,,0,swd,0,0,0,0,婚纱 BRIDE,False,731,False,,F,,F
2026-08-01--2026-08-31,,SWD11504,BRIDE,2023-07-03 18:05:35,下架,,200.0,0.0,0,0,,,0,swd,0,0,0,0,婚纱 BRIDE,False,1154,False,,F,,F
2026-08-01--2026-08-31,,SWD11505,BRIDE,2023-07-03 18:06:05,下架,,149.0,0.0,0,0,,,0,swd,0,0,0,0,婚纱 BRIDE,False,1154,False,,F,,F
2026-08-01--2026-08-31,,SWD11507,BRIDE,2023-07-03 18:09:39,下架,,170.0,0.0,0,0,,,0,swd,0,0,0,0,婚纱 BRIDE,False,1154,False,,F,,F
2026-08-01--2026-08-31,,SWD11508,BRIDE,2024-08-16 21:33:11,上架,,229.0,0.0,0,10,2026-08-09 13:56:40,,0,swd,0,0,0,0,婚纱 BRIDE,True,744,False,,F,,F
2026-08-01--2026-08-31,,SWD11465,BRIDE,2024-08-27 09:23:23,下架,2026-07-10 11:21:25,149.0,0.0,0,0,,,0,swd,0,0,0,0,婚纱 BRIDE,False,733,False,,F,,F
2026-08-01--2026-08-31,,SWD11510,BRIDE,2024-09-04 16:25:52,下架,2026-07-10 11:21:25,149.0,0.0,0,1,2023-07-11 00:00:00,,0,swd,0,0,0,0,婚纱 BRIDE,False,725,False,,F,,F
2026-08-01--2026-08-31,,SWD11511,BRIDE,2024-08-29 18:08:07,下架,2025-08-13 14:45:34,130.0,0.0,0,0,,,0,swd,0,0,0,0,婚纱 BRIDE,False,731,False,,F,,F
2026-08-01--2026-08-31,,SWD11513,BRIDE,2023-07-04 17:49:25,下架,2023-07-10 09:35:26,145.0,0.0,0,0,,,0,swd,0,0,0,0,婚纱 BRIDE,False,1153,False,,F,,F
2026-08-01--2026-08-31,,SWD11514,BRIDE,2024-09-04 16:26:16,下架,2026-06-04 17:14:11,149.0,0.0,0,0,,,0,swd,0,0,0,0,婚纱 BRIDE,False,725,False,,F,,F
2026-08-01--2026-08-31,,SWD11515,BRIDE,2023-07-04 17:52:32,下架,,149.0,0.0,0,0,,,0,swd,0,0,0,0,婚纱 BRIDE,False,1153,False,,F,,F
2026-08-01--2026-08-31,,SWD11516,BRIDE,2024-08-23 15:30:07,上架,,149.0,0.0,0,0,,,0,swd,0,0,0,0,婚纱 BRIDE,True,737,False,,F,,F
2026-08-01--2026-08-31,,SWD11518,BRIDE,2024-08-29 18:10:14,下架,2025-08-13 14:45:33,189.0,0.0,0,0,,,0,swd,0,0,0,0,婚纱 BRIDE,False,731,False,,F,,F
2026-08-01--2026-08-31,,SWD11520,BRIDE,2024-08-23 15:29:16,下架,2025-08-13 14:45:33,199.0,0.0,0,0,,,0,swd,0,0,0,0,婚纱 BRIDE,False,737,False,,F,,F
2026-08-01--2026-08-31,,SWD11521,BRIDE,2024-09-04 16:30:05,下架,2025-08-13 14:45:33,199.0,0.0,0,0,,,0,swd,0,0,0,0,婚纱 BRIDE,False,725,False,,F,,F
2026-08-01--2026-08-31,,SWD11522,BRIDE,2023-07-06 14:58:58,下架,,149.0,0.0,0,0,,,0,swd,0,0,0,0,婚纱 BRIDE,False,1151,False,,F,,F
2026-08-01--2026-08-31,,SWD11523,BRIDE,2024-09-04 16:29:31,下架,2026-06-04 17:14:11,189.0,0.0,0,0,,,0,swd,0,0,0,0,婚纱 BRIDE,False,725,False,,F,,F
2026-08-01--2026-08-31,,SWD11509,BRIDE,2024-09-04 16:26:27,下架,2026-07-10 11:18:15,149.0,0.0,0,0,,,0,swd,0,0,0,0,婚纱 BRIDE,False,725,False,,F,,F
2026-08-01--2026-08-31,,SWD11466,BRIDE,2024-08-29 18:03:25,上架,,149.0,0.0,0,5,2026-03-20 11:21:28,,0,swd,0,0,0,0,婚纱 BRIDE,True,731,False,,F,,F
2026-08-01--2026-08-31,,SWD11468,BRIDE,2024-08-21 11:21:49,下架,2026-07-10 11:18:15,179.0,0.0,0,0,,,0,swd,0,0,0,0,婚纱 BRIDE,False,739,False,,F,,F
2026-08-01--2026-08-31,,SWD11469,BRIDE,2023-06-29 16:37:21,下架,2023-06-29 17:03:47,229.0,0.0,0,0,,,0,swd,0,0,0,0,婚纱 BRIDE,False,1158,False,,F,,F
2026-08-01--2026-08-31,,SWD11470,BRIDE,2024-09-04 16:16:08,下架,2025-08-13 14:45:34,199.0,0.0,0,0,,,0,swd,0,0,0,0,婚纱 BRIDE,False,725,False,,F,,F
2026-08-01--2026-08-31,,SWD11471,BRIDE,2024-08-20 20:52:36,上架,,199.0,0.0,0,14,2026-05-07 16:00:00,,0,swd,0,0,0,0,婚纱 BRIDE,True,740,False,,F,,F
2026-08-01--2026-08-31,,SWD11472,BRIDE,2023-06-29 16:43:47,下架,2023-06-29 17:04:42,179.0,0.0,0,0,,,0,swd,0,0,0,0,婚纱 BRIDE,False,1158,False,,F,,F
2026-08-01--2026-08-31,,SWD11473,BRIDE,2024-09-04 16:15:07,上架,,129.0,0.0,0,0,,,0,swd,0,0,0,0,婚纱 BRIDE,True,725,False,,F,,F
2026-08-01--2026-08-31,,SWD11474,BRIDE,2023-06-29 17:34:01,下架,,175.0,0.0,0,0,,,0,swd,0,0,0,0,婚纱 BRIDE,False,1158,False,,F,,F
2026-08-01--2026-08-31,,SWD11475,BRIDE,2024-08-21 11:22:26,下架,2026-08-26 12:07:53,119.0,0.0,0,0,,,0,swd,0,0,0,0,婚纱 BRIDE,False,739,False,,F,,F
2026-08-01--2026-08-31,,SWD11476,BRIDE,2023-06-29 17:37:37,下架,,109.0,0.0,0,0,,,0,swd,0,0,0,0,婚纱 BRIDE,False,1158,False,,F,,F
2026-08-01--2026-08-31,,SWD11493,BRIDE,2023-06-30 15:18:09,下架,,159.0,0.0,0,0,,,0,swd,0,0,0,0,婚纱 BRIDE,False,1157,False,,F,,F
2026-08-01--2026-08-31,,SWD11480,BRIDE,2024-08-23 15:30:25,下架,2026-06-04 17:14:11,139.0,0.0,0,0,,,0,swd,0,0,0,0,婚纱 BRIDE,False,737,False,,F,,F
2026-08-01--2026-08-31,,SWD11481,BRIDE,2024-08-23 15:30:35,下架,2025-08-13 14:45:34,159.0,0.0,0,0,,,0,swd,0,0,0,0,婚纱 BRIDE,False,737,False,,F,,F
2026-08-01--2026-08-31,,SWD11482,BRIDE,2023-06-29 18:03:14,下架,,129.0,0.0,0,0,,,0,swd,0,0,0,0,婚纱 BRIDE,False,1158,False,,F,,F
2026-08-01--2026-08-31,,SWD11483,BRIDE,2024-08-21 11:31:53,上架,,149.0,0.0,0,3,2024-01-01 02:01:06,,0,swd,0,0,0,0,婚纱 BRIDE,True,739,False,,F,,F
2026-08-01--2026-08-31,,SWD11484,BRIDE,2023-06-30 14:47:43,下架,,229.0,0.0,0,0,,,0,swd,0,0,0,0,婚纱 BRIDE,False,1157,False,,F,,F
2026-08-01--2026-08-31,,SWD11485,BRIDE,2023-06-30 14:50:26,下架,,169.0,0.0,0,0,,,0,swd,0,0,0,0,婚纱 BRIDE,False,1157,False,,F,,F
2026-08-01--2026-08-31,,SWD11486,BRIDE,2023-06-30 14:52:36,下架,,189.0,0.0,0,0,,,0,swd,0,0,0,0,婚纱 BRIDE,False,1157,False,,F,,F
2026-08-01--2026-08-31,,SWD11487,BRIDE,2023-06-30 14:54:09,下架,,169.0,0.0,0,0,,,0,swd,0,0,0,0,婚纱 BRIDE,False,1157,False,,F,,F
2026-08-01--2026-08-31,,SWD11488,BRIDE,2023-06-30 14:57:06,下架,,189.0,0.0,0,0,,,0,swd,0,0,0,0,婚纱 BRIDE,False,1157,False,,F,,F
2026-08-01--2026-08-31,,SWD11490,BRIDE,2024-09-04 16:24:09,下架,2025-08-13 14:45:34,169.0,0.0,0,0,,,0,swd,0,0,0,0,婚纱 BRIDE,False,725,False,,F,,F
2026-08-01--2026-08-31,,SWD11491,BRIDE,2023-06-30 15:04:53,下架,,129.0,0.0,0,0,,,0,swd,0,0,0,0,婚纱 BRIDE,False,1157,False,,F,,F
2026-08-01--2026-08-31,,SWD11479,BRIDE,2024-11-15 17:56:43,下架,2026-06-04 17:14:11,119.0,0.0,0,0,,,0,swd,0,0,0,0,婚纱 BRIDE,False,653,False,,F,,F
2026-08-01--2026-08-31,,SWD11308,BRIDE,2023-06-16 12:10:50,下架,,149.0,0.0,0,0,,,0,swd,0,0,0,0,婚纱 BRIDE,False,1171,False,,F,,F
2026-08-01--2026-08-31,,SWD11310,BRIDE,2024-08-20 18:28:31,上架,,189.0,0.0,0,5,2026-07-20 15:45:37,,0,swd,0,0,0,0,婚纱 BRIDE,True,740,False,,F,,F
2026-08-01--2026-08-31,,SWD11311,BRIDE,2023-06-16 16:11:18,下架,,149.0,0.0,0,0,,,0,swd,0,0,0,0,婚纱 BRIDE,False,1171,False,,F,,F
2026-08-01--2026-08-31,,SWD11312,BRIDE,2023-06-16 16:14:17,下架,,239.0,0.0,0,0,,,0,swd,0,0,0,0,婚纱 BRIDE,False,1171,False,,F,,F
2026-08-01--2026-08-31,,SWD11313,BRIDE,2024-08-29 15:51:56,下架,2026-06-04 17:14:13,185.0,0.0,0,0,,,0,swd,0,0,0,0,婚纱 BRIDE,False,731,False,,F,,F
2026-08-01--2026-08-31,,SWD11314,BRIDE,2023-06-16 18:00:11,下架,,149.0,0.0,0,0,,,0,swd,0,0,0,0,婚纱 BRIDE,False,1171,False,,F,,F
2026-08-01--2026-08-31,,SWD11316,BRIDE,2024-09-04 12:02:51,下架,2026-07-10 11:21:25,149.0,0.0,0,1,2023-09-24 23:14:31,,0,swd,0,0,0,0,婚纱 BRIDE,False,725,False,,F,,F
2026-08-01--2026-08-31,,SWD11317,BRIDE,2024-09-04 12:01:52,下架,2025-08-13 14:45:36,149.0,0.0,0,0,,,0,swd,0,0,0,0,婚纱 BRIDE,False,725,False,,F,,F
2026-08-01--2026-08-31,,SWD11318,BRIDE,2024-08-22 17:00:11,下架,2025-08-13 14:45:35,179.0,0.0,0,0,,,0,swd,0,0,0,0,婚纱 BRIDE,False,738,False,,F,,F
2026-08-01--2026-08-31,,SWD11322,BRIDE,2023-06-16 18:52:11,下架,,160.0,0.0,0,0,,,0,swd,0,0,0,0,婚纱 BRIDE,False,1171,False,,F,,F
2026-08-01--2026-08-31,,SWD11407,BRIDE,2023-06-25 17:12:20,下架,,199.0,0.0,0,0,,,0,swd,0,0,0,0,婚纱 BRIDE,False,1162,False,,F,,F
2026-08-01--2026-08-31,,SWD11325,BRIDE,2023-06-16 19:58:00,下架,,184.0,0.0,0,0,,,0,swd,0,0,0,0,婚纱 BRIDE,False,1171,False,,F,,F
2026-08-01--2026-08-31,,SWD11326,BRIDE,2024-08-29 15:51:22,下架,2026-07-10 11:18:16,158.0,0.0,0,0,,,0,swd,0,0,0,0,婚纱 BRIDE,False,731,False,,F,,F
2026-08-01--2026-08-31,,SWD11327,BRIDE,2024-09-04 12:02:42,下架,2026-08-26 12:07:53,149.0,0.0,0,8,2024-10-04 03:26:43,,0,swd,0,0,0,0,婚纱 BRIDE,False,725,False,,F,,F
2026-08-01--2026-08-31,,SWD11328,BRIDE,2023-06-18 10:03:02,下架,,159.0,0.0,0,0,,,0,swd,0,0,0,0,婚纱 BRIDE,False,1169,False,,F,,F
2026-08-01--2026-08-31,,SWD11329,BRIDE,2023-06-18 10:13:49,下架,,189.0,0.0,0,0,,,0,swd,0,0,0,0,婚纱 BRIDE,False,1169,False,,F,,F
2026-08-01--2026-08-31,,SWD11331,BRIDE,2023-06-18 11:06:34,下架,,149.0,0.0,0,0,,,0,swd,0,0,0,0,婚纱 BRIDE,False,1169,False,,F,,F
2026-08-01--2026-08-31,,SWD11332,BRIDE,2024-08-16 07:14:37,下架,2026-06-04 17:14:13,149.0,0.0,0,34,2024-03-24 00:00:00,,0,swd,0,0,0,0,婚纱 BRIDE,False,744,False,,F,,F
2026-08-01--2026-08-31,,SWD11337,BRIDE,2024-08-19 22:57:36,上架,,190.0,0.0,0,3,2026-08-10 18:39:11,,0,swd,0,0,0,0,婚纱 BRIDE,True,741,False,,F,,F
2026-08-01--2026-08-31,,SWD11342,BRIDE,2024-08-21 19:12:02,下架,2026-06-04 17:14:13,179.0,0.0,0,0,,,0,swd,0,0,0,0,婚纱 BRIDE,False,739,False,,F,,F
2026-08-01--2026-08-31,,SWD11345,BRIDE,2024-08-26 18:36:15,下架,2026-07-10 11:18:15,149.0,0.0,0,0,,,0,swd,0,0,0,0,婚纱 BRIDE,False,734,False,,F,,F
2026-08-01--2026-08-31,,SWD11323,BRIDE,2024-08-23 15:02:20,下架,2025-08-13 14:45:35,149.0,0.0,0,0,,,0,swd,0,0,0,0,婚纱 BRIDE,False,737,False,,F,,F
2026-08-01--2026-08-31,,SWD11274,BRIDE,2024-08-26 18:35:22,上架,,209.0,0.0,0,8,2024-09-02 08:58:34,,0,swd,0,0,0,0,婚纱 BRIDE,True,734,False,,F,,F
2026-08-01--2026-08-31,,SWD11275,BRIDE,2024-08-29 15:42:58,下架,2025-08-13 14:45:36,169.0,0.0,0,0,,,0,swd,0,0,0,0,婚纱 BRIDE,False,731,False,,F,,F
2026-08-01--2026-08-31,,SWD11276,BRIDE,2024-09-04 12:00:52,上架,,149.0,0.0,0,0,,,0,swd,0,0,0,0,婚纱 BRIDE,True,725,False,,F,,F
2026-08-01--2026-08-31,,SWD11277,BRIDE,2023-06-14 16:22:50,下架,,159.0,0.0,0,0,,,0,swd,0,0,0,0,婚纱 BRIDE,False,1173,False,,F,,F
2026-08-01--2026-08-31,,SWD11278,BRIDE,2023-06-14 16:46:38,下架,,159.0,0.0,0,0,,,0,swd,0,0,0,0,婚纱 BRIDE,False,1173,False,,F,,F
2026-08-01--2026-08-31,,SWD11281,BRIDE,2023-06-14 16:52:50,下架,,179.0,0.0,0,0,,,0,swd,0,0,0,0,婚纱 BRIDE,False,1173,False,,F,,F
2026-08-01--2026-08-31,,SWD11282,BRIDE,2023-06-14 16:54:38,下架,,155.0,0.0,0,0,,,0,swd,0,0,0,0,婚纱 BRIDE,False,1173,False,,F,,F
2026-08-01--2026-08-31,,SWD11283,BRIDE,2023-06-14 17:10:08,下架,,179.0,0.0,0,0,,,0,swd,0,0,0,0,婚纱 BRIDE,False,1173,False,,F,,F
2026-08-01--2026-08-31,,SWD11284,BRIDE,2023-06-14 17:12:29,下架,,199.0,0.0,0,0,,,0,swd,0,0,0,0,婚纱 BRIDE,False,1173,False,,F,,F
2026-08-01--2026-08-31,,SWD11285,BRIDE,2024-09-04 12:01:34,下架,2026-06-04 17:14:13,219.0,0.0,0,0,,,0,swd,0,0,0,0,婚纱 BRIDE,False,725,False,,F,,F
2026-08-01--2026-08-31,,SWD11306,BRIDE,2024-09-12 12:55:13,下架,2026-08-26 12:07:53,179.0,0.0,0,0,,,0,swd,0,0,0,0,婚纱 BRIDE,False,717,False,,F,,F
2026-08-01--2026-08-31,,SWD11289,BRIDE,2024-08-29 15:42:46,下架,2025-08-13 14:45:36,149.0,0.0,0,0,,,0,swd,0,0,0,0,婚纱 BRIDE,False,731,False,,F,,F
2026-08-01--2026-08-31,,SWD11290,BRIDE,2024-08-29 15:41:59,下架,2026-06-04 17:14:13,149.0,0.0,0,0,,,0,swd,0,0,0,0,婚纱 BRIDE,False,731,False,,F,,F
2026-08-01--2026-08-31,,SWD11291,BRIDE,2024-08-20 16:23:03,上架,,159.0,0.0,0,15,2026-06-06 00:00:00,,0,swd,0,0,0,0,婚纱 BRIDE,True,740,False,,F,,F
2026-08-01--2026-08-31,,SWD11294,BRIDE,2024-08-21 11:22:09,下架,2025-08-13 14:45:36,149.0,0.0,0,0,,,0,swd,0,0,0,0,婚纱 BRIDE,False,739,False,,F,,F
2026-08-01--2026-08-31,,SWD11297,BRIDE,2024-09-04 12:02:08,下架,2025-08-13 14:45:36,149.0,0.0,0,0,,,0,swd,0,0,0,0,婚纱 BRIDE,False,725,False,,F,,F
2026-08-01--2026-08-31,,SWD11298,BRIDE,2024-08-16 22:05:36,上架,,149.0,0.0,0,9,2026-01-29 00:00:00,2026-01-29,1,swd,0,0,0,0,婚纱 BRIDE,True,744,False,,F,,F
2026-08-01--2026-08-31,,SWD11299,BRIDE,2023-06-16 10:48:59,下架,,149.0,0.0,0,0,,,0,swd,0,0,0,0,婚纱 BRIDE,False,1171,False,,F,,F
2026-08-01--2026-08-31,,SWD11301,BRIDE,2024-08-27 10:19:27,下架,2026-06-04 17:14:13,159.0,0.0,0,8,2024-09-01 08:58:34,,0,swd,0,0,0,0,婚纱 BRIDE,False,733,False,,F,,F
2026-08-01--2026-08-31,,SWD11302,BRIDE,2024-08-29 15:52:07,上架,,139.0,0.0,0,7,2026-07-13 00:00:00,,0,swd,0,0,0,0,婚纱 BRIDE,True,731,False,,F,,F
2026-08-01--2026-08-31,,SWD11303,BRIDE,2024-08-26 18:36:00,上架,,169.0,0.0,0,1,2025-07-09 02:05:01,2025-07-09,3,swd,0,0,0,0,婚纱 BRIDE,True,734,False,,F,,F
2026-08-01--2026-08-31,,SWD11305,BRIDE,2023-06-16 11:58:32,下架,,185.0,0.0,0,0,,,0,swd,0,0,0,0,婚纱 BRIDE,False,1171,False,,F,,F
2026-08-01--2026-08-31,,SWD11288,BRIDE,2024-08-20 20:46:38,下架,2026-07-10 11:21:25,170.0,0.0,0,0,,,0,swd,0,0,0,0,婚纱 BRIDE,False,740,False,,F,,F
2026-08-01--2026-08-31,,SWD11374,BRIDE,2023-06-20 16:20:35,下架,,189.0,0.0,0,0,,,0,swd,0,0,0,0,婚纱 BRIDE,False,1167,False,,F,,F
2026-08-01--2026-08-31,,SWD11376,BRIDE,2023-06-20 16:25:41,下架,,169.0,0.0,0,0,,,0,swd,0,0,0,0,婚纱 BRIDE,False,1167,False,,F,,F
2026-08-01--2026-08-31,,SWD11377,BRIDE,2024-09-04 15:04:14,下架,2025-08-13 14:45:35,179.0,0.0,0,0,,,0,swd,0,0,0,0,婚纱 BRIDE,False,725,False,,F,,F
2026-08-01--2026-08-31,,SWD11378,BRIDE,2023-06-20 16:36:53,下架,,175.0,0.0,0,0,,,0,swd,0,0,0,0,婚纱 BRIDE,False,1167,False,,F,,F
2026-08-01--2026-08-31,,SWD11379,BRIDE,2024-08-20 18:44:19,上架,,200.0,0.0,0,7,2026-07-19 16:00:00,,0,swd,0,0,0,0,婚纱 BRIDE,True,740,False,,F,,F
2026-08-01--2026-08-31,,SWD11382,BRIDE,2023-06-20 16:53:32,下架,,180.0,0.0,0,0,,,0,swd,0,0,0,0,婚纱 BRIDE,False,1167,False,,F,,F
2026-08-01--2026-08-31,,SWD11383,BRIDE,2023-06-20 17:03:04,下架,,159.0,0.0,0,0,,,0,swd,0,0,0,0,婚纱 BRIDE,False,1167,False,,F,,F
2026-08-01--2026-08-31,,SWD11385,BRIDE,2023-06-20 17:14:02,下架,,189.0,0.0,0,0,,,0,swd,0,0,0,0,婚纱 BRIDE,False,1167,False,,F,,F
2026-08-01--2026-08-31,,SWD11386,BRIDE,2023-06-20 17:16:04,下架,,219.0,0.0,0,0,,,0,swd,0,0,0,0,婚纱 BRIDE,False,1167,False,,F,,F
2026-08-01--2026-08-31,,SWD11388,BRIDE,2024-08-27 09:20:19,上架,,209.0,0.0,0,8,2026-06-25 16:00:00,,0,swd,0,0,0,0,婚纱 BRIDE,True,733,False,,F,,F
2026-08-01--2026-08-31,,SWD11346,BRIDE,2024-08-29 15:51:31,下架,2026-07-10 11:18:15,149.0,0.0,0,0,,,0,swd,0,0,0,0,婚纱 BRIDE,False,731,False,,F,,F
2026-08-01--2026-08-31,,SWD11392,BRIDE,2023-06-20 17:54:21,下架,,170.0,0.0,0,0,,,0,swd,0,0,0,0,婚纱 BRIDE,False,1167,False,,F,,F
2026-08-01--2026-08-31,,SWD11393,BRIDE,2024-08-29 18:00:51,下架,2025-08-13 14:45:35,219.0,0.0,0,0,,,0,swd,0,0,0,0,婚纱 BRIDE,False,731,False,,F,,F
2026-08-01--2026-08-31,,SWD11394,BRIDE,2024-09-04 15:05:30,下架,2026-07-10 11:18:15,180.0,0.0,0,0,,,0,swd,0,0,0,0,婚纱 BRIDE,False,725,False,,F,,F
2026-08-01--2026-08-31,,SWD11395,BRIDE,2024-11-28 17:59:47,下架,2026-08-26 12:07:53,299.0,0.0,0,35,2026-04-24 00:00:00,2026-02-14,19,swd,0,0,0,0,婚纱 BRIDE,False,640,False,,F,,F
2026-08-01--2026-08-31,,SWD11396,BRIDE,2024-09-04 15:04:26,下架,2025-08-13 14:45:35,149.0,0.0,0,0,,,0,swd,0,0,0,0,婚纱 BRIDE,False,725,False,,F,,F
2026-08-01--2026-08-31,,SWD11399,BRIDE,2024-08-22 17:02:26,下架,2026-07-10 11:18:15,159.0,0.0,0,0,,,0,swd,0,0,0,0,婚纱 BRIDE,False,738,False,,F,,F
2026-08-01--2026-08-31,,SWD11401,BRIDE,2024-08-23 15:29:58,下架,2026-07-10 11:21:25,155.0,0.0,0,0,,,0,swd,0,0,0,0,婚纱 BRIDE,False,737,False,,F,,F
2026-08-01--2026-08-31,,SWD11402,BRIDE,2023-06-25 16:40:24,下架,,149.0,0.0,0,0,,,0,swd,0,0,0,0,婚纱 BRIDE,False,1162,False,,F,,F
2026-08-01--2026-08-31,,SWD11403,BRIDE,2023-06-25 16:42:29,下架,2023-06-28 11:03:46,199.0,0.0,0,0,,,0,swd,0,0,0,0,婚纱 BRIDE,False,1162,False,,F,,F
2026-08-01--2026-08-31,,SWD11404,BRIDE,2024-08-27 09:21:17,下架,2026-08-26 12:07:53,219.0,0.0,0,0,,,0,swd,0,0,0,0,婚纱 BRIDE,False,733,False,,F,,F
2026-08-01--2026-08-31,,SWD11405,BRIDE,2023-06-25 16:46:43,下架,,219.0,0.0,0,0,,,0,swd,0,0,0,0,婚纱 BRIDE,False,1162,False,,F,,F
2026-08-01--2026-08-31,,SWD11390,BRIDE,2024-09-04 15:04:51,下架,2025-08-13 14:45:35,190.0,0.0,0,0,,,0,swd,0,0,0,0,婚纱 BRIDE,False,725,False,,F,,F
2026-08-01--2026-08-31,,SWD11347,BRIDE,2024-08-29 15:51:11,下架,2026-06-04 17:14:12,149.0,0.0,0,0,,,0,swd,0,0,0,0,婚纱 BRIDE,False,731,False,,F,,F
2026-08-01--2026-08-31,,SWD11348,BRIDE,2024-08-29 15:50:28,下架,2025-08-13 14:45:35,149.0,0.0,0,0,,,0,swd,0,0,0,0,婚纱 BRIDE,False,731,False,,F,,F
2026-08-01--2026-08-31,,SWD11349,BRIDE,2024-08-29 15:57:04,下架,2026-07-10 11:18:15,149.0,0.0,0,0,,,0,swd,0,0,0,0,婚纱 BRIDE,False,731,False,,F,,F
2026-08-01--2026-08-31,,SWD11350,BRIDE,2024-08-26 18:36:40,上架,,149.0,0.0,0,6,2024-08-16 02:01:41,,0,swd,0,0,0,0,婚纱 BRIDE,True,734,False,,F,,F
2026-08-01--2026-08-31,,SWD11351,BRIDE,2024-08-22 17:01:48,下架,2026-07-10 11:21:25,149.0,0.0,0,8,2024-08-20 04:03:57,,0,swd,0,0,0,0,婚纱 BRIDE,False,738,False,,F,,F
2026-08-01--2026-08-31,,SWD11352,BRIDE,2024-08-23 15:01:36,下架,2026-06-04 17:14:12,149.0,0.0,0,11,2023-12-18 09:43:02,,0,swd,0,0,0,0,婚纱 BRIDE,False,737,False,,F,,F
2026-08-01--2026-08-31,,SWD11353,BRIDE,2024-08-23 15:02:10,下架,2026-07-10 11:18:15,165.0,0.0,0,1,2024-07-22 00:00:00,2024-07-22,3,swd,0,0,0,0,婚纱 BRIDE,False,737,False,,F,,F
2026-08-01--2026-08-31,,SWD11354,BRIDE,2024-08-22 17:01:06,上架,,209.0,0.0,0,6,2026-06-23 16:00:00,,0,swd,0,0,0,0,婚纱 BRIDE,True,738,False,,F,,F
2026-08-01--2026-08-31,,SWD11355,BRIDE,2024-08-29 15:56:27,上架,,129.0,0.0,0,0,,,0,swd,0,0,0,0,婚纱 BRIDE,True,731,False,,F,,F
2026-08-01--2026-08-31,,SWD11356,BRIDE,2024-09-04 12:04:17,下架,2026-08-26 12:07:53,149.0,0.0,0,0,,,0,swd,0,0,0,0,婚纱 BRIDE,False,725,False,,F,,F
2026-08-01--2026-08-31,,SWD11373,BRIDE,2024-08-29 15:55:58,下架,2026-07-10 11:18:15,189.0,0.0,0,1,2024-01-11 00:00:00,2024-01-11,4,swd,0,0,0,0,婚纱 BRIDE,False,731,False,,F,,F
2026-08-01--2026-08-31,,SWD11358,BRIDE,2024-08-20 20:47:18,上架,,229.0,0.0,0,18,2026-06-17 00:00:00,,0,swd,0,0,0,0,婚纱 BRIDE,True,740,False,,F,,F
2026-08-01--2026-08-31,,SWD11359,BRIDE,2023-06-19 14:43:34,下架,,189.0,0.0,0,0,,,0,swd,0,0,0,0,婚纱 BRIDE,False,1168,False,,F,,F
2026-08-01--2026-08-31,,SWD11360,BRIDE,2024-08-22 17:01:59,下架,2026-06-04 17:14:12,149.0,0.0,0,2,2024-01-18 07:16:02,,0,swd,0,0,0,0,婚纱 BRIDE,False,738,False,,F,,F
2026-08-01--2026-08-31,,SWD11361,BRIDE,2024-09-04 12:04:36,下架,2026-07-10 11:18:15,196.0,0.0,0,0,,,0,swd,0,0,0,0,婚纱 BRIDE,False,725,False,,F,,F
2026-08-01--2026-08-31,,SWD11362,BRIDE,2024-08-21 19:11:45,下架,2026-06-04 17:14:12,209.0,0.0,0,0,,,0,swd,0,0,0,0,婚纱 BRIDE,False,739,False,,F,,F
2026-08-01--2026-08-31,,SWD11364,BRIDE,2024-08-22 17:01:35,上架,,249.0,0.0,0,10,2025-04-14 06:13:40,,0,swd,0,0,0,0,婚纱 BRIDE,True,738,False,,F,,F
2026-08-01--2026-08-31,,SWD11365,BRIDE,2024-09-04 12:03:25,下架,2026-08-26 12:07:53,159.0,0.0,0,0,,,0,swd,0,0,0,0,婚纱 BRIDE,False,725,False,,F,,F
2026-08-01--2026-08-31,,SWD11366,BRIDE,2023-06-19 16:49:14,下架,,189.0,0.0,0,0,,,0,swd,0,0,0,0,婚纱 BRIDE,False,1168,False,,F,,F
2026-08-01--2026-08-31,,SWD11367,BRIDE,2024-09-04 12:04:08,下架,2026-06-04 17:14:12,159.0,0.0,0,0,,,0,swd,0,0,0,0,婚纱 BRIDE,False,725,False,,F,,F
2026-08-01--2026-08-31,,SWD11368,BRIDE,2024-08-29 15:56:54,下架,2025-08-13 14:45:35,169.0,0.0,0,0,,,0,swd,0,0,0,0,婚纱 BRIDE,False,731,False,,F,,F
2026-08-01--2026-08-31,,SWD11370,BRIDE,2023-06-19 16:54:42,下架,,189.0,0.0,0,0,,,0,swd,0,0,0,0,婚纱 BRIDE,False,1168,False,,F,,F
2026-08-01--2026-08-31,,SWD11357,BRIDE,2024-11-20 16:00:39,上架,,169.0,0.0,0,40,2025-08-10 22:49:14,2025-08-11,1,swd,0,0,0,0,婚纱 BRIDE,True,648,False,,F,,F
